run,candidate,status,label,eval_label,horizon_years,feature_set,param_set,set_params,seed,grid_params,sampled_params,config_hash,n_test,effective_n,base_rate,pr_auc,roc_auc,brier,base_rate_brier,precision_at_20,conf_at_20,recall_at_20
xgb_search_cells_features_params__label_3y_beat_spy__fs0__set2__s23,xgb_search_cells_features_params__label_3y_beat_spy__fs0__set2,completed,label_3y_beat_spy,,3,0,2,"{""class_weight"": 0.1, ""colsample_bytree"": 0.638389, ""gamma"": 0.00994761, ""learning_rate"": 0.0113265, ""max_depth"": 6, ""min_child_weight"": 59.9175, ""n_estimators"": 195, ""reg_alpha"": 0.000140183, ""reg_lambda"": 0.418799, ""subsample"": 0.887142}",23,{},{},0bbcc93f54c5941e,256351,8215.438550146824,0.3535010191664152,0.45937916981705984,0.6211683859591866,0.2822706515853378,0.22853804861472096,0.58125,0.24373168931342662,0.0019987105093488074
xgb_search_cells_features_params__label_2y_beat_spy__fs0__set2__s1776,xgb_search_cells_features_params__label_2y_beat_spy__fs0__set2,completed,label_2y_beat_spy,,2,0,2,"{""class_weight"": 0.1, ""colsample_bytree"": 0.638389, ""gamma"": 0.00994761, ""learning_rate"": 0.0113265, ""max_depth"": 6, ""min_child_weight"": 59.9175, ""n_estimators"": 195, ""reg_alpha"": 0.000140183, ""reg_lambda"": 0.418799, ""subsample"": 0.887142}",1776,{},{},122d75d6c7a60684,292576,13435.081087150693,0.38335620724370656,0.46248970036139414,0.5919319158143279,0.31319960437661454,0.23639422561142684,0.5638888888888889,0.2217269935955604,0.0017743979721166034
xgb_search_cells_features_params__label_2y_beat_spy__fs0__set2__s23,xgb_search_cells_features_params__label_2y_beat_spy__fs0__set2,completed,label_2y_beat_spy,,2,0,2,"{""class_weight"": 0.1, ""colsample_bytree"": 0.638389, ""gamma"": 0.00994761, ""learning_rate"": 0.0113265, ""max_depth"": 6, ""min_child_weight"": 59.9175, ""n_estimators"": 195, ""reg_alpha"": 0.000140183, ""reg_lambda"": 0.418799, ""subsample"": 0.887142}",23,{},{},b488a71124e2cd97,292576,13435.081087150693,0.38335620724370656,0.46292416361589483,0.592294620070894,0.31304025458474494,0.23639422561142684,0.5611111111111111,0.22179843853745196,0.0017656570954066692
xgb_search_cells_features_params__label_3y_beat_spy__fs0__set0__s32,xgb_search_cells_features_params__label_3y_beat_spy__fs0__set0,completed,label_3y_beat_spy,,3,0,0,"{""class_weight"": 0.5, ""colsample_bytree"": 0.407286, ""gamma"": 0.000106243, ""learning_rate"": 0.0118662, ""max_depth"": 8, ""min_child_weight"": 89.3656, ""n_estimators"": 556, ""reg_alpha"": 0.436331, ""reg_lambda"": 21.3796, ""subsample"": 0.6872}",32,{},{},7eb8a7b537909aa2,256351,8215.438550146824,0.3535010191664152,0.46029238172998027,0.6252596895457024,0.22167522977191834,0.22853804861472096,0.55625,0.6516158102080226,0.0019127444659359553
xgb_search_cells_features_params__label_3y_beat_spy__fs0__set1__s1776,xgb_search_cells_features_params__label_3y_beat_spy__fs0__set1,completed,label_3y_beat_spy,,3,0,1,"{""class_weight"": 0.5, ""colsample_bytree"": 0.825382, ""gamma"": 4.79144, ""learning_rate"": 0.126577, ""max_depth"": 6, ""min_child_weight"": 5.09555, ""n_estimators"": 274, ""reg_alpha"": 4.30687, ""reg_lambda"": 0.235585, ""subsample"": 0.920096}",1776,{},{},d5d948ab505ab30d,256351,8215.438550146824,0.3535010191664152,0.4575562386939614,0.6219765994413327,0.22176302529158234,0.22853804861472096,0.55625,0.6536314580589533,0.0019127444659359553
xgb_search_cells_features_params__label_3y_beat_spy__fs0__set0__s23,xgb_search_cells_features_params__label_3y_beat_spy__fs0__set0,completed,label_3y_beat_spy,,3,0,0,"{""class_weight"": 0.5, ""colsample_bytree"": 0.407286, ""gamma"": 0.000106243, ""learning_rate"": 0.0118662, ""max_depth"": 8, ""min_child_weight"": 89.3656, ""n_estimators"": 556, ""reg_alpha"": 0.436331, ""reg_lambda"": 21.3796, ""subsample"": 0.6872}",23,{},{},bfd7d25f75e36f4f,256351,8215.438550146824,0.3535010191664152,0.46034396559161184,0.6250143020179897,0.22163166636447573,0.22853804861472096,0.553125,0.6529026620090008,0.0019019987105093489
xgb_search_cells_features_params__label_3y_beat_spy__fs0__set2__s1776,xgb_search_cells_features_params__label_3y_beat_spy__fs0__set2,completed,label_3y_beat_spy,,3,0,2,"{""class_weight"": 0.1, ""colsample_bytree"": 0.638389, ""gamma"": 0.00994761, ""learning_rate"": 0.0113265, ""max_depth"": 6, ""min_child_weight"": 59.9175, ""n_estimators"": 195, ""reg_alpha"": 0.000140183, ""reg_lambda"": 0.418799, ""subsample"": 0.887142}",1776,{},{},0c02c31e76685e00,256351,8215.438550146824,0.3535010191664152,0.4593679343878388,0.6208891358919982,0.28228007175746095,0.22853804861472096,0.553125,0.24522012886591255,0.0019019987105093489
xgb_search_cells_features_params__label_3y_beat_spy__fs0__set3__s1776,xgb_search_cells_features_params__label_3y_beat_spy__fs0__set3,completed,label_3y_beat_spy,,3,0,3,"{""class_weight"": 0.1, ""colsample_bytree"": 0.765949, ""gamma"": 0.000139965, ""learning_rate"": 0.0114436, ""max_depth"": 8, ""min_child_weight"": 7.50202, ""n_estimators"": 1069, ""reg_alpha"": 3.75825, ""reg_lambda"": 0.186001, ""subsample"": 0.954949}",1776,{},{},7f4b52d1c53881d6,256351,8215.438550146824,0.3535010191664152,0.4610044662590874,0.6259210224216281,0.2857129553865342,0.22853804861472096,0.553125,0.36962197460234164,0.0019019987105093489
xgb_search_cells_features_params__label_3y_beat_spy__fs0__set1__s32,xgb_search_cells_features_params__label_3y_beat_spy__fs0__set1,completed,label_3y_beat_spy,,3,0,1,"{""class_weight"": 0.5, ""colsample_bytree"": 0.825382, ""gamma"": 4.79144, ""learning_rate"": 0.126577, ""max_depth"": 6, ""min_child_weight"": 5.09555, ""n_estimators"": 274, ""reg_alpha"": 4.30687, ""reg_lambda"": 0.235585, ""subsample"": 0.920096}",32,{},{},99cfdc5b61abf993,256351,8215.438550146824,0.3535010191664152,0.4571841666919561,0.6218312917034524,0.22189074124965089,0.22853804861472096,0.55,0.6531366672366857,0.0018912529550827422
xgb_search_cells_features_params__label_3y_beat_spy__fs0__set2__s32,xgb_search_cells_features_params__label_3y_beat_spy__fs0__set2,completed,label_3y_beat_spy,,3,0,2,"{""class_weight"": 0.1, ""colsample_bytree"": 0.638389, ""gamma"": 0.00994761, ""learning_rate"": 0.0113265, ""max_depth"": 6, ""min_child_weight"": 59.9175, ""n_estimators"": 195, ""reg_alpha"": 0.000140183, ""reg_lambda"": 0.418799, ""subsample"": 0.887142}",32,{},{},d78586b67c4f58e6,256351,8215.438550146824,0.3535010191664152,0.45913574513968547,0.6210013356319957,0.2823252318075354,0.22853804861472096,0.546875,0.24429690497927367,0.0018805071996561358
xgb_search_cells_features_params__label_3y_beat_spy__fs0__set4__s1776,xgb_search_cells_features_params__label_3y_beat_spy__fs0__set4,completed,label_3y_beat_spy,,3,0,4,"{""class_weight"": 0.1, ""colsample_bytree"": 0.607408, ""gamma"": 0.342094, ""learning_rate"": 0.0165055, ""max_depth"": 5, ""min_child_weight"": 7.1194, ""n_estimators"": 517, ""reg_alpha"": 5.39125, ""reg_lambda"": 0.0251088, ""subsample"": 0.631728}",1776,{},{},1eff1f041aac0043,256351,8215.438550146824,0.3535010191664152,0.45838994865468385,0.6194837377305384,0.2862977557087967,0.22853804861472096,0.546875,0.30216496186330916,0.0018805071996561358
xgb_search_cells_features_params__label_3y_beat_spy__fs0__set0__s1776,xgb_search_cells_features_params__label_3y_beat_spy__fs0__set0,completed,label_3y_beat_spy,,3,0,0,"{""class_weight"": 0.5, ""colsample_bytree"": 0.407286, ""gamma"": 0.000106243, ""learning_rate"": 0.0118662, ""max_depth"": 8, ""min_child_weight"": 89.3656, ""n_estimators"": 556, ""reg_alpha"": 0.436331, ""reg_lambda"": 21.3796, ""subsample"": 0.6872}",1776,{},{},d3a3ebc2a7f51e30,256351,8215.438550146824,0.3535010191664152,0.46013041239665925,0.6251518631892671,0.22169724238623975,0.22853804861472096,0.546875,0.6521339185535908,0.0018805071996561358
xgb_search_cells_features_params__label_3y_beat_spy__fs0__set4__s32,xgb_search_cells_features_params__label_3y_beat_spy__fs0__set4,completed,label_3y_beat_spy,,3,0,4,"{""class_weight"": 0.1, ""colsample_bytree"": 0.607408, ""gamma"": 0.342094, ""learning_rate"": 0.0165055, ""max_depth"": 5, ""min_child_weight"": 7.1194, ""n_estimators"": 517, ""reg_alpha"": 5.39125, ""reg_lambda"": 0.0251088, ""subsample"": 0.631728}",32,{},{},0cd970a7bc35d857,256351,8215.438550146824,0.3535010191664152,0.4585016790933708,0.6198113174148048,0.2861842877634661,0.22853804861472096,0.546875,0.30115063712000845,0.0018805071996561358
xgb_search_cells_features_params__label_2y_beat_spy__fs0__set2__s32,xgb_search_cells_features_params__label_2y_beat_spy__fs0__set2,completed,label_2y_beat_spy,,2,0,2,"{""class_weight"": 0.1, ""colsample_bytree"": 0.638389, ""gamma"": 0.00994761, ""learning_rate"": 0.0113265, ""max_depth"": 6, ""min_child_weight"": 59.9175, ""n_estimators"": 195, ""reg_alpha"": 0.000140183, ""reg_lambda"": 0.418799, ""subsample"": 0.887142}",32,{},{},3ec61b87d1fd56de,292576,13435.081087150693,0.38335620724370656,0.46264385735682434,0.5920233011235162,0.3131348157472332,0.23639422561142684,0.5444444444444444,0.22182280268106197,0.0017132118351470653
xgb_search_cells_features_params__label_3y_beat_spy__fs0__set3__s23,xgb_search_cells_features_params__label_3y_beat_spy__fs0__set3,completed,label_3y_beat_spy,,3,0,3,"{""class_weight"": 0.1, ""colsample_bytree"": 0.765949, ""gamma"": 0.000139965, ""learning_rate"": 0.0114436, ""max_depth"": 8, ""min_child_weight"": 7.50202, ""n_estimators"": 1069, ""reg_alpha"": 3.75825, ""reg_lambda"": 0.186001, ""subsample"": 0.954949}",23,{},{},a549b76a07c66d47,256351,8215.438550146824,0.3535010191664152,0.46086560274962163,0.626025184499315,0.2857575319178204,0.22853804861472096,0.54375,0.3674884831532836,0.0018697614442295294
xgb_search_cells_features_params__label_2y_beat_spy__fs0__set0__s23,xgb_search_cells_features_params__label_2y_beat_spy__fs0__set0,completed,label_2y_beat_spy,,2,0,0,"{""class_weight"": 0.5, ""colsample_bytree"": 0.407286, ""gamma"": 0.000106243, ""learning_rate"": 0.0118662, ""max_depth"": 8, ""min_child_weight"": 89.3656, ""n_estimators"": 556, ""reg_alpha"": 0.436331, ""reg_lambda"": 21.3796, ""subsample"": 0.6872}",23,{},{},67e3563b6387c3ca,292576,13435.081087150693,0.38335620724370656,0.46284431294993233,0.5965299928989019,0.2386171916115029,0.23639422561142684,0.5416666666666666,0.617617821196715,0.0017044709584371313
xgb_search_cells_features_params__label_3y_beat_spy__fs0__set1__s23,xgb_search_cells_features_params__label_3y_beat_spy__fs0__set1,completed,label_3y_beat_spy,,3,0,1,"{""class_weight"": 0.5, ""colsample_bytree"": 0.825382, ""gamma"": 4.79144, ""learning_rate"": 0.126577, ""max_depth"": 6, ""min_child_weight"": 5.09555, ""n_estimators"": 274, ""reg_alpha"": 4.30687, ""reg_lambda"": 0.235585, ""subsample"": 0.920096}",23,{},{},328dc0681ebbfed1,256351,8215.438550146824,0.3535010191664152,0.457893681966574,0.6222098879154236,0.22186528186742904,0.22853804861472096,0.540625,0.655326622352004,0.0018590156888029228
xgb_search_cells_features_params__label_3y_beat_spy__fs0__set3__s32,xgb_search_cells_features_params__label_3y_beat_spy__fs0__set3,completed,label_3y_beat_spy,,3,0,3,"{""class_weight"": 0.1, ""colsample_bytree"": 0.765949, ""gamma"": 0.000139965, ""learning_rate"": 0.0114436, ""max_depth"": 8, ""min_child_weight"": 7.50202, ""n_estimators"": 1069, ""reg_alpha"": 3.75825, ""reg_lambda"": 0.186001, ""subsample"": 0.954949}",32,{},{},0af8de463bcd81af,256351,8215.438550146824,0.3535010191664152,0.4609284586877841,0.6258874120171853,0.2856961765623892,0.22853804861472096,0.540625,0.3686278949957341,0.0018590156888029228
xgb_search_cells_features_params__label_3y_beat_spy__fs0__set4__s23,xgb_search_cells_features_params__label_3y_beat_spy__fs0__set4,completed,label_3y_beat_spy,,3,0,4,"{""class_weight"": 0.1, ""colsample_bytree"": 0.607408, ""gamma"": 0.342094, ""learning_rate"": 0.0165055, ""max_depth"": 5, ""min_child_weight"": 7.1194, ""n_estimators"": 517, ""reg_alpha"": 5.39125, ""reg_lambda"": 0.0251088, ""subsample"": 0.631728}",23,{},{},7c8302d7e235d81c,256351,8215.438550146824,0.3535010191664152,0.4581571319829162,0.6196450987587256,0.28634343247768346,0.22853804861472096,0.525,0.30105792242102325,0.0018052869116698903
xgb_search_cells_features_params__label_2y_beat_spy__fs0__set0__s32,xgb_search_cells_features_params__label_2y_beat_spy__fs0__set0,completed,label_2y_beat_spy,,2,0,0,"{""class_weight"": 0.5, ""colsample_bytree"": 0.407286, ""gamma"": 0.000106243, ""learning_rate"": 0.0118662, ""max_depth"": 8, ""min_child_weight"": 89.3656, ""n_estimators"": 556, ""reg_alpha"": 0.436331, ""reg_lambda"": 21.3796, ""subsample"": 0.6872}",32,{},{},89f8c0783a46836f,292576,13435.081087150693,0.38335620724370656,0.4632157598607243,0.5971412326606914,0.23845042252140883,0.23639422561142684,0.5166666666666667,0.6164088101022773,0.001625803068047725
xgb_search_cells_features_params__label_2y_beat_spy__fs0__set4__s1776,xgb_search_cells_features_params__label_2y_beat_spy__fs0__set4,completed,label_2y_beat_spy,,2,0,4,"{""class_weight"": 0.1, ""colsample_bytree"": 0.607408, ""gamma"": 0.342094, ""learning_rate"": 0.0165055, ""max_depth"": 5, ""min_child_weight"": 7.1194, ""n_estimators"": 517, ""reg_alpha"": 5.39125, ""reg_lambda"": 0.0251088, ""subsample"": 0.631728}",1776,{},{},eae3284e743a04ab,292576,13435.081087150693,0.38335620724370656,0.4595959716183114,0.5911315456734904,0.3186661973407448,0.23639422561142684,0.5166666666666667,0.26803132759200204,0.001625803068047725
xgb_search_cells_features_params__label_2y_beat_spy__fs0__set1__s1776,xgb_search_cells_features_params__label_2y_beat_spy__fs0__set1,completed,label_2y_beat_spy,,2,0,1,"{""class_weight"": 0.5, ""colsample_bytree"": 0.825382, ""gamma"": 4.79144, ""learning_rate"": 0.126577, ""max_depth"": 6, ""min_child_weight"": 5.09555, ""n_estimators"": 274, ""reg_alpha"": 4.30687, ""reg_lambda"": 0.235585, ""subsample"": 0.920096}",1776,{},{},166a02ddfba86287,292576,13435.081087150693,0.38335620724370656,0.4610671352903354,0.5944970054951904,0.2385034837702233,0.23639422561142684,0.5138888888888888,0.6169804900884628,0.0016170621913377912
xgb_search_cells_features_params__label_2y_beat_spy__fs0__set0__s1776,xgb_search_cells_features_params__label_2y_beat_spy__fs0__set0,completed,label_2y_beat_spy,,2,0,0,"{""class_weight"": 0.5, ""colsample_bytree"": 0.407286, ""gamma"": 0.000106243, ""learning_rate"": 0.0118662, ""max_depth"": 8, ""min_child_weight"": 89.3656, ""n_estimators"": 556, ""reg_alpha"": 0.436331, ""reg_lambda"": 21.3796, ""subsample"": 0.6872}",1776,{},{},025e5ed88d1fbc7b,292576,13435.081087150693,0.38335620724370656,0.4633151859444358,0.5974420330307627,0.23839130532498237,0.23639422561142684,0.5111111111111111,0.6151124262975322,0.0016083213146278572
xgb_search_cells_features_params__label_2y_beat_spy__fs0__set3__s32,xgb_search_cells_features_params__label_2y_beat_spy__fs0__set3,completed,label_2y_beat_spy,,2,0,3,"{""class_weight"": 0.1, ""colsample_bytree"": 0.765949, ""gamma"": 0.000139965, ""learning_rate"": 0.0114436, ""max_depth"": 8, ""min_child_weight"": 7.50202, ""n_estimators"": 1069, ""reg_alpha"": 3.75825, ""reg_lambda"": 0.186001, ""subsample"": 0.954949}",32,{},{},3e0736738bc12deb,292576,13435.081087150693,0.38335620724370656,0.46378905677163884,0.5995369658620013,0.3177414894101168,0.23639422561142684,0.5083333333333333,0.3173926562484768,0.0015995804379179232
xgb_search_cells_features_params__label_2y_beat_spy__fs0__set3__s23,xgb_search_cells_features_params__label_2y_beat_spy__fs0__set3,completed,label_2y_beat_spy,,2,0,3,"{""class_weight"": 0.1, ""colsample_bytree"": 0.765949, ""gamma"": 0.000139965, ""learning_rate"": 0.0114436, ""max_depth"": 8, ""min_child_weight"": 7.50202, ""n_estimators"": 1069, ""reg_alpha"": 3.75825, ""reg_lambda"": 0.186001, ""subsample"": 0.954949}",23,{},{},0679d381c1cf20f6,292576,13435.081087150693,0.38335620724370656,0.46328761159719634,0.5994261988446525,0.3180117093556774,0.23639422561142684,0.5083333333333333,0.31733105493088565,0.0015995804379179232
xgb_search_cells_features_params__label_2y_beat_spy__fs0__set3__s1776,xgb_search_cells_features_params__label_2y_beat_spy__fs0__set3,completed,label_2y_beat_spy,,2,0,3,"{""class_weight"": 0.1, ""colsample_bytree"": 0.765949, ""gamma"": 0.000139965, ""learning_rate"": 0.0114436, ""max_depth"": 8, ""min_child_weight"": 7.50202, ""n_estimators"": 1069, ""reg_alpha"": 3.75825, ""reg_lambda"": 0.186001, ""subsample"": 0.954949}",1776,{},{},40ad29f2d36aa236,292576,13435.081087150693,0.38335620724370656,0.46332306045095323,0.5992394889852075,0.31783392321292053,0.23639422561142684,0.5083333333333333,0.31812000191873974,0.0015995804379179232
xgb_search_cells_features_params__label_2y_beat_spy__fs0__set4__s23,xgb_search_cells_features_params__label_2y_beat_spy__fs0__set4,completed,label_2y_beat_spy,,2,0,4,"{""class_weight"": 0.1, ""colsample_bytree"": 0.607408, ""gamma"": 0.342094, ""learning_rate"": 0.0165055, ""max_depth"": 5, ""min_child_weight"": 7.1194, ""n_estimators"": 517, ""reg_alpha"": 5.39125, ""reg_lambda"": 0.0251088, ""subsample"": 0.631728}",23,{},{},ee0d794fd4ee5946,292576,13435.081087150693,0.38335620724370656,0.4594832111505041,0.5912368901013937,0.31876346530231836,0.23639422561142684,0.5027777777777778,0.2652521661586232,0.0015820986844980551
xgb_search_cells_features_params__label_1y_beat_spy__fs0__set0__s23,xgb_search_cells_features_params__label_1y_beat_spy__fs0__set0,completed,label_1y_beat_spy,,1,0,0,"{""class_weight"": 0.5, ""colsample_bytree"": 0.407286, ""gamma"": 0.000106243, ""learning_rate"": 0.0118662, ""max_depth"": 8, ""min_child_weight"": 89.3656, ""n_estimators"": 556, ""reg_alpha"": 0.436331, ""reg_lambda"": 21.3796, ""subsample"": 0.6872}",23,{},{},fd0d4ee5eeacdc9a,329925,28579.475396015943,0.4214394438772594,0.4782484477492338,0.5633239495393583,0.2591667123563547,0.24382823902168574,0.5025,0.5892443400621414,0.0014323482672861632
xgb_search_cells_features_params__label_2y_beat_spy__fs1__set2__s23,xgb_search_cells_features_params__label_2y_beat_spy__fs1__set2,completed,label_2y_beat_spy,,2,1,2,"{""class_weight"": 0.1, ""colsample_bytree"": 0.638389, ""gamma"": 0.00994761, ""learning_rate"": 0.0113265, ""max_depth"": 6, ""min_child_weight"": 59.9175, ""n_estimators"": 195, ""reg_alpha"": 0.000140183, ""reg_lambda"": 0.418799, ""subsample"": 0.887142}",23,{},{},57864606cd8bcdcf,292576,13435.081087150693,0.38335620724370656,0.4622482316433719,0.5921001299223596,0.30872486925905435,0.23639422561142684,0.49166666666666664,0.24107442816926372,0.001547135177658319
xgb_search_cells_features_params__label_2y_beat_spy__fs0__set1__s23,xgb_search_cells_features_params__label_2y_beat_spy__fs0__set1,completed,label_2y_beat_spy,,2,0,1,"{""class_weight"": 0.5, ""colsample_bytree"": 0.825382, ""gamma"": 4.79144, ""learning_rate"": 0.126577, ""max_depth"": 6, ""min_child_weight"": 5.09555, ""n_estimators"": 274, ""reg_alpha"": 4.30687, ""reg_lambda"": 0.235585, ""subsample"": 0.920096}",23,{},{},d814cfdcd545c0c5,292576,13435.081087150693,0.38335620724370656,0.46053168850005394,0.593540563174701,0.23880830917241785,0.23639422561142684,0.49166666666666664,0.6153936050004429,0.001547135177658319
xgb_search_cells_features_params__label_1y_beat_spy__fs0__set0__s32,xgb_search_cells_features_params__label_1y_beat_spy__fs0__set0,completed,label_1y_beat_spy,,1,0,0,"{""class_weight"": 0.5, ""colsample_bytree"": 0.407286, ""gamma"": 0.000106243, ""learning_rate"": 0.0118662, ""max_depth"": 8, ""min_child_weight"": 89.3656, ""n_estimators"": 556, ""reg_alpha"": 0.436331, ""reg_lambda"": 21.3796, ""subsample"": 0.6872}",32,{},{},9025bf8674f8b56f,329925,28579.475396015943,0.4214394438772594,0.47861952949053205,0.5633940576961951,0.25898656487417887,0.24382823902168574,0.49,0.5887318839877844,0.001396717713373572
xgb_search_cells_features_params__label_2y_beat_spy__fs0__set1__s32,xgb_search_cells_features_params__label_2y_beat_spy__fs0__set1,completed,label_2y_beat_spy,,2,0,1,"{""class_weight"": 0.5, ""colsample_bytree"": 0.825382, ""gamma"": 4.79144, ""learning_rate"": 0.126577, ""max_depth"": 6, ""min_child_weight"": 5.09555, ""n_estimators"": 274, ""reg_alpha"": 4.30687, ""reg_lambda"": 0.235585, ""subsample"": 0.920096}",32,{},{},78b8b01c97bde061,292576,13435.081087150693,0.38335620724370656,0.46010947190357926,0.5930348947108096,0.23886014855342774,0.23639422561142684,0.4888888888888889,0.6135533233483632,0.0015383943009483851
xgb_search_cells_features_params__label_2y_beat_spy__fs0__set4__s32,xgb_search_cells_features_params__label_2y_beat_spy__fs0__set4,completed,label_2y_beat_spy,,2,0,4,"{""class_weight"": 0.1, ""colsample_bytree"": 0.607408, ""gamma"": 0.342094, ""learning_rate"": 0.0165055, ""max_depth"": 5, ""min_child_weight"": 7.1194, ""n_estimators"": 517, ""reg_alpha"": 5.39125, ""reg_lambda"": 0.0251088, ""subsample"": 0.631728}",32,{},{},3435cc85a4ffe0c8,292576,13435.081087150693,0.38335620724370656,0.4597048648733089,0.5915425703790645,0.3188133761612077,0.23639422561142684,0.4861111111111111,0.26697944555845526,0.0015296534242384512
xgb_search_cells_features_params__label_1y_beat_spy__fs1__set2__s1776,xgb_search_cells_features_params__label_1y_beat_spy__fs1__set2,completed,label_1y_beat_spy,,1,1,2,"{""class_weight"": 0.1, ""colsample_bytree"": 0.638389, ""gamma"": 0.00994761, ""learning_rate"": 0.0113265, ""max_depth"": 6, ""min_child_weight"": 59.9175, ""n_estimators"": 195, ""reg_alpha"": 0.000140183, ""reg_lambda"": 0.418799, ""subsample"": 0.887142}",1776,{},{},44d83a0a072e7883,329925,28579.475396015943,0.4214394438772594,0.4819294076091822,0.5660033595409342,0.342926317937883,0.24382823902168574,0.4825,0.23734003979712726,0.0013753393810260173
xgb_search_cells_features_params__label_1y_beat_spy__fs1__set2__s32,xgb_search_cells_features_params__label_1y_beat_spy__fs1__set2,completed,label_1y_beat_spy,,1,1,2,"{""class_weight"": 0.1, ""colsample_bytree"": 0.638389, ""gamma"": 0.00994761, ""learning_rate"": 0.0113265, ""max_depth"": 6, ""min_child_weight"": 59.9175, ""n_estimators"": 195, ""reg_alpha"": 0.000140183, ""reg_lambda"": 0.418799, ""subsample"": 0.887142}",32,{},{},20d07ac1046499a3,329925,28579.475396015943,0.4214394438772594,0.4825062684965826,0.566917248012362,0.3430666635011999,0.24382823902168574,0.4825,0.23723899070173501,0.0013753393810260173
xgb_search_cells_features_params__label_2y_beat_spy__fs1__set2__s32,xgb_search_cells_features_params__label_2y_beat_spy__fs1__set2,completed,label_2y_beat_spy,,2,1,2,"{""class_weight"": 0.1, ""colsample_bytree"": 0.638389, ""gamma"": 0.00994761, ""learning_rate"": 0.0113265, ""max_depth"": 6, ""min_child_weight"": 59.9175, ""n_estimators"": 195, ""reg_alpha"": 0.000140183, ""reg_lambda"": 0.418799, ""subsample"": 0.887142}",32,{},{},baadd2634ad018b6,292576,13435.081087150693,0.38335620724370656,0.4621964703505706,0.592053896715458,0.3088615699743372,0.23639422561142684,0.48055555555555557,0.24199952876402273,0.001512171670818583
xgb_search_cells_features_params__label_1y_beat_spy__fs0__set0__s1776,xgb_search_cells_features_params__label_1y_beat_spy__fs0__set0,completed,label_1y_beat_spy,,1,0,0,"{""class_weight"": 0.5, ""colsample_bytree"": 0.407286, ""gamma"": 0.000106243, ""learning_rate"": 0.0118662, ""max_depth"": 8, ""min_child_weight"": 89.3656, ""n_estimators"": 556, ""reg_alpha"": 0.436331, ""reg_lambda"": 21.3796, ""subsample"": 0.6872}",1776,{},{},5b3a4a2ac0697bb3,329925,28579.475396015943,0.4214394438772594,0.4787866805612766,0.5638402112124784,0.2589455529559733,0.24382823902168574,0.4775,0.5885998956114054,0.001361087159460981
xgb_search_cells_features_params__label_3y_beat_spy__fs1__set2__s1776,xgb_search_cells_features_params__label_3y_beat_spy__fs1__set2,completed,label_3y_beat_spy,,3,1,2,"{""class_weight"": 0.1, ""colsample_bytree"": 0.638389, ""gamma"": 0.00994761, ""learning_rate"": 0.0113265, ""max_depth"": 6, ""min_child_weight"": 59.9175, ""n_estimators"": 195, ""reg_alpha"": 0.000140183, ""reg_lambda"": 0.418799, ""subsample"": 0.887142}",1776,{},{},1cec77429076473c,256351,8215.438550146824,0.3535010191664152,0.45610802988336485,0.6180849118447507,0.2797172425561556,0.22853804861472096,0.475,0.25327200051397086,0.0016333548248441865
xgb_search_cells_features_params__label_1y_beat_spy__fs1__set2__s23,xgb_search_cells_features_params__label_1y_beat_spy__fs1__set2,completed,label_1y_beat_spy,,1,1,2,"{""class_weight"": 0.1, ""colsample_bytree"": 0.638389, ""gamma"": 0.00994761, ""learning_rate"": 0.0113265, ""max_depth"": 6, ""min_child_weight"": 59.9175, ""n_estimators"": 195, ""reg_alpha"": 0.000140183, ""reg_lambda"": 0.418799, ""subsample"": 0.887142}",23,{},{},1c79a65bc26a9a0d,329925,28579.475396015943,0.4214394438772594,0.48176075756662107,0.5659610208164301,0.34298527418278324,0.24382823902168574,0.475,0.23696605049073696,0.0013539610486784628
xgb_search_cells_features_params__label_1y_beat_spy__fs1__set1__s32,xgb_search_cells_features_params__label_1y_beat_spy__fs1__set1,completed,label_1y_beat_spy,,1,1,1,"{""class_weight"": 0.5, ""colsample_bytree"": 0.825382, ""gamma"": 4.79144, ""learning_rate"": 0.126577, ""max_depth"": 6, ""min_child_weight"": 5.09555, ""n_estimators"": 274, ""reg_alpha"": 4.30687, ""reg_lambda"": 0.235585, ""subsample"": 0.920096}",32,{},{},70b480c3acc3d825,329925,28579.475396015943,0.4214394438772594,0.4808346579479793,0.5670707712328433,0.2534206713399595,0.24382823902168574,0.4725,0.6511133185774088,0.0013468349378959446
xgb_search_cells_features_params__label_1y_beat_spy__fs0__set1__s32,xgb_search_cells_features_params__label_1y_beat_spy__fs0__set1,completed,label_1y_beat_spy,,1,0,1,"{""class_weight"": 0.5, ""colsample_bytree"": 0.825382, ""gamma"": 4.79144, ""learning_rate"": 0.126577, ""max_depth"": 6, ""min_child_weight"": 5.09555, ""n_estimators"": 274, ""reg_alpha"": 4.30687, ""reg_lambda"": 0.235585, ""subsample"": 0.920096}",32,{},{},2f4419a29781df5d,329925,28579.475396015943,0.4214394438772594,0.476210146751108,0.5600383538125262,0.2591299946606228,0.24382823902168574,0.4725,0.6046698325127363,0.0013468349378959446
xgb_search_cells_features_params__label_1y_beat_spy__fs0__set4__s23,xgb_search_cells_features_params__label_1y_beat_spy__fs0__set4,completed,label_1y_beat_spy,,1,0,4,"{""class_weight"": 0.1, ""colsample_bytree"": 0.607408, ""gamma"": 0.342094, ""learning_rate"": 0.0165055, ""max_depth"": 5, ""min_child_weight"": 7.1194, ""n_estimators"": 517, ""reg_alpha"": 5.39125, ""reg_lambda"": 0.0251088, ""subsample"": 0.631728}",23,{},{},29facea746cd4ad9,329925,28579.475396015943,0.4214394438772594,0.47703295836625365,0.5609047441399739,0.35414487323677346,0.24382823902168574,0.4725,0.24481253381818532,0.0013468349378959446
xgb_search_cells_features_params__label_2y_beat_spy__fs1__set1__s32,xgb_search_cells_features_params__label_2y_beat_spy__fs1__set1,completed,label_2y_beat_spy,,2,1,1,"{""class_weight"": 0.5, ""colsample_bytree"": 0.825382, ""gamma"": 4.79144, ""learning_rate"": 0.126577, ""max_depth"": 6, ""min_child_weight"": 5.09555, ""n_estimators"": 274, ""reg_alpha"": 4.30687, ""reg_lambda"": 0.235585, ""subsample"": 0.920096}",32,{},{},675f7e4a7e923d90,292576,13435.081087150693,0.38335620724370656,0.45972337075322867,0.5938480364750837,0.2370748077694818,0.23639422561142684,0.4722222222222222,0.6520155469576517,0.001485949040688781
xgb_search_cells_features_params__label_2y_beat_spy__fs1__set3__s23,xgb_search_cells_features_params__label_2y_beat_spy__fs1__set3,completed,label_2y_beat_spy,,2,1,3,"{""class_weight"": 0.1, ""colsample_bytree"": 0.765949, ""gamma"": 0.000139965, ""learning_rate"": 0.0114436, ""max_depth"": 8, ""min_child_weight"": 7.50202, ""n_estimators"": 1069, ""reg_alpha"": 3.75825, ""reg_lambda"": 0.186001, ""subsample"": 0.954949}",23,{},{},58a7e72803291751,292576,13435.081087150693,0.38335620724370656,0.46209540204618527,0.5990575119490361,0.3094156251906223,0.23639422561142684,0.4722222222222222,0.3964904556257857,0.001485949040688781
xgb_search_cells_features_params__label_3y_beat_spy__fs1__set2__s32,xgb_search_cells_features_params__label_3y_beat_spy__fs1__set2,completed,label_3y_beat_spy,,3,1,2,"{""class_weight"": 0.1, ""colsample_bytree"": 0.638389, ""gamma"": 0.00994761, ""learning_rate"": 0.0113265, ""max_depth"": 6, ""min_child_weight"": 59.9175, ""n_estimators"": 195, ""reg_alpha"": 0.000140183, ""reg_lambda"": 0.418799, ""subsample"": 0.887142}",32,{},{},08072a5e5468cda2,256351,8215.438550146824,0.3535010191664152,0.4562256212766862,0.6182267051853411,0.2798409742021543,0.22853804861472096,0.471875,0.2540751161985099,0.00162260906941758
xgb_search_cells_features_params__label_1y_beat_spy__fs1__set1__s23,xgb_search_cells_features_params__label_1y_beat_spy__fs1__set1,completed,label_1y_beat_spy,,1,1,1,"{""class_weight"": 0.5, ""colsample_bytree"": 0.825382, ""gamma"": 4.79144, ""learning_rate"": 0.126577, ""max_depth"": 6, ""min_child_weight"": 5.09555, ""n_estimators"": 274, ""reg_alpha"": 4.30687, ""reg_lambda"": 0.235585, ""subsample"": 0.920096}",23,{},{},e44dc7545d65c677,329925,28579.475396015943,0.4214394438772594,0.48175314089746796,0.567829010592493,0.2532056911181555,0.24382823902168574,0.47,0.6479504598677158,0.0013397088271134264
xgb_search_cells_features_params__label_2y_beat_spy__fs1__set1__s1776,xgb_search_cells_features_params__label_2y_beat_spy__fs1__set1,completed,label_2y_beat_spy,,2,1,1,"{""class_weight"": 0.5, ""colsample_bytree"": 0.825382, ""gamma"": 4.79144, ""learning_rate"": 0.126577, ""max_depth"": 6, ""min_child_weight"": 5.09555, ""n_estimators"": 274, ""reg_alpha"": 4.30687, ""reg_lambda"": 0.235585, ""subsample"": 0.920096}",1776,{},{},b00521f64ea56e0b,292576,13435.081087150693,0.38335620724370656,0.4611968222385622,0.5945884096872249,0.2368138948329698,0.23639422561142684,0.46944444444444444,0.6464990932908323,0.001477208163978847
xgb_search_cells_features_params__label_3y_beat_spy__fs1__set2__s23,xgb_search_cells_features_params__label_3y_beat_spy__fs1__set2,completed,label_3y_beat_spy,,3,1,2,"{""class_weight"": 0.1, ""colsample_bytree"": 0.638389, ""gamma"": 0.00994761, ""learning_rate"": 0.0113265, ""max_depth"": 6, ""min_child_weight"": 59.9175, ""n_estimators"": 195, ""reg_alpha"": 0.000140183, ""reg_lambda"": 0.418799, ""subsample"": 0.887142}",23,{},{},cb534b520bd5e0df,256351,8215.438550146824,0.3535010191664152,0.4565996423140558,0.6182524709418097,0.27979018261942745,0.22853804861472096,0.46875,0.25382464826107026,0.0016118633139909735
xgb_search_cells_features_params__label_1y_beat_spy__fs0__set2__s23,xgb_search_cells_features_params__label_1y_beat_spy__fs0__set2,completed,label_1y_beat_spy,,1,0,2,"{""class_weight"": 0.1, ""colsample_bytree"": 0.638389, ""gamma"": 0.00994761, ""learning_rate"": 0.0113265, ""max_depth"": 6, ""min_child_weight"": 59.9175, ""n_estimators"": 195, ""reg_alpha"": 0.000140183, ""reg_lambda"": 0.418799, ""subsample"": 0.887142}",23,{},{},7d69340ceca47d6c,329925,28579.475396015943,0.4214394438772594,0.48017294282582285,0.5625886376688074,0.3472632638651572,0.24382823902168574,0.4675,0.21029947504401206,0.0013325827163309081
xgb_search_cells_features_params__label_1y_beat_spy__fs0__set1__s23,xgb_search_cells_features_params__label_1y_beat_spy__fs0__set1,completed,label_1y_beat_spy,,1,0,1,"{""class_weight"": 0.5, ""colsample_bytree"": 0.825382, ""gamma"": 4.79144, ""learning_rate"": 0.126577, ""max_depth"": 6, ""min_child_weight"": 5.09555, ""n_estimators"": 274, ""reg_alpha"": 4.30687, ""reg_lambda"": 0.235585, ""subsample"": 0.920096}",23,{},{},97a7e1c70b65a2fb,329925,28579.475396015943,0.4214394438772594,0.476115548985653,0.5601418981547384,0.2592013986431896,0.24382823902168574,0.465,0.6070908996462822,0.0013254566055483899
xgb_search_cells_features_params__label_2y_beat_spy__fs1__set1__s23,xgb_search_cells_features_params__label_2y_beat_spy__fs1__set1,completed,label_2y_beat_spy,,2,1,1,"{""class_weight"": 0.5, ""colsample_bytree"": 0.825382, ""gamma"": 4.79144, ""learning_rate"": 0.126577, ""max_depth"": 6, ""min_child_weight"": 5.09555, ""n_estimators"": 274, ""reg_alpha"": 4.30687, ""reg_lambda"": 0.235585, ""subsample"": 0.920096}",23,{},{},070a7d53ca417bbe,292576,13435.081087150693,0.38335620724370656,0.4602927302202743,0.5936874471851334,0.23701053125693336,0.23639422561142684,0.4638888888888889,0.6505889139241643,0.0014597264105589791
xgb_search_cells_features_params__label_2y_beat_spy__fs1__set2__s1776,xgb_search_cells_features_params__label_2y_beat_spy__fs1__set2,completed,label_2y_beat_spy,,2,1,2,"{""class_weight"": 0.1, ""colsample_bytree"": 0.638389, ""gamma"": 0.00994761, ""learning_rate"": 0.0113265, ""max_depth"": 6, ""min_child_weight"": 59.9175, ""n_estimators"": 195, ""reg_alpha"": 0.000140183, ""reg_lambda"": 0.418799, ""subsample"": 0.887142}",1776,{},{},8dbce40c2eea052c,292576,13435.081087150693,0.38335620724370656,0.4621236739190054,0.591961625145561,0.3087485529369456,0.23639422561142684,0.4638888888888889,0.24174760774605805,0.0014597264105589791
xgb_search_cells_features_params__label_1y_beat_spy__fs0__set3__s1776,xgb_search_cells_features_params__label_1y_beat_spy__fs0__set3,completed,label_1y_beat_spy,,1,0,3,"{""class_weight"": 0.1, ""colsample_bytree"": 0.765949, ""gamma"": 0.000139965, ""learning_rate"": 0.0114436, ""max_depth"": 8, ""min_child_weight"": 7.50202, ""n_estimators"": 1069, ""reg_alpha"": 3.75825, ""reg_lambda"": 0.186001, ""subsample"": 0.954949}",1776,{},{},0604a3d48ad37b3b,329925,28579.475396015943,0.4214394438772594,0.4823164975740366,0.5676364377624528,0.35215522754116874,0.24382823902168574,0.4625,0.2979987370222807,0.0013183304947658717
xgb_search_cells_features_params__label_1y_beat_spy__fs0__set2__s32,xgb_search_cells_features_params__label_1y_beat_spy__fs0__set2,completed,label_1y_beat_spy,,1,0,2,"{""class_weight"": 0.1, ""colsample_bytree"": 0.638389, ""gamma"": 0.00994761, ""learning_rate"": 0.0113265, ""max_depth"": 6, ""min_child_weight"": 59.9175, ""n_estimators"": 195, ""reg_alpha"": 0.000140183, ""reg_lambda"": 0.418799, ""subsample"": 0.887142}",32,{},{},d339c26b2cd17f26,329925,28579.475396015943,0.4214394438772594,0.4787474748586114,0.5613331541130187,0.3476265017380063,0.24382823902168574,0.4625,0.21127690881490707,0.0013183304947658717
xgb_search_cells_features_params__label_1y_beat_spy__fs0__set2__s1776,xgb_search_cells_features_params__label_1y_beat_spy__fs0__set2,completed,label_1y_beat_spy,,1,0,2,"{""class_weight"": 0.1, ""colsample_bytree"": 0.638389, ""gamma"": 0.00994761, ""learning_rate"": 0.0113265, ""max_depth"": 6, ""min_child_weight"": 59.9175, ""n_estimators"": 195, ""reg_alpha"": 0.000140183, ""reg_lambda"": 0.418799, ""subsample"": 0.887142}",1776,{},{},a9fc025f8044fd20,329925,28579.475396015943,0.4214394438772594,0.4791575317862897,0.5615515424346,0.34727717985936774,0.24382823902168574,0.4625,0.2112840124219656,0.0013183304947658717
xgb_search_cells_features_params__label_2y_beat_spy__fs1__set3__s1776,xgb_search_cells_features_params__label_2y_beat_spy__fs1__set3,completed,label_2y_beat_spy,,2,1,3,"{""class_weight"": 0.1, ""colsample_bytree"": 0.765949, ""gamma"": 0.000139965, ""learning_rate"": 0.0114436, ""max_depth"": 8, ""min_child_weight"": 7.50202, ""n_estimators"": 1069, ""reg_alpha"": 3.75825, ""reg_lambda"": 0.186001, ""subsample"": 0.954949}",1776,{},{},aa1aca84001367b1,292576,13435.081087150693,0.38335620724370656,0.46239806788054993,0.5991780448495381,0.3093237098775706,0.23639422561142684,0.46111111111111114,0.39607236509521804,0.001450985533849045
xgb_search_cells_features_params__label_1y_beat_spy__fs1__set0__s32,xgb_search_cells_features_params__label_1y_beat_spy__fs1__set0,completed,label_1y_beat_spy,,1,1,0,"{""class_weight"": 0.5, ""colsample_bytree"": 0.407286, ""gamma"": 0.000106243, ""learning_rate"": 0.0118662, ""max_depth"": 8, ""min_child_weight"": 89.3656, ""n_estimators"": 556, ""reg_alpha"": 0.436331, ""reg_lambda"": 21.3796, ""subsample"": 0.6872}",32,{},{},8831f91b3587b381,329925,28579.475396015943,0.4214394438772594,0.4840310113187921,0.5710035597627576,0.2526464579184408,0.24382823902168574,0.46,0.6498378454893827,0.0013112043839833534
xgb_search_cells_features_params__label_1y_beat_spy__fs0__set4__s1776,xgb_search_cells_features_params__label_1y_beat_spy__fs0__set4,completed,label_1y_beat_spy,,1,0,4,"{""class_weight"": 0.1, ""colsample_bytree"": 0.607408, ""gamma"": 0.342094, ""learning_rate"": 0.0165055, ""max_depth"": 5, ""min_child_weight"": 7.1194, ""n_estimators"": 517, ""reg_alpha"": 5.39125, ""reg_lambda"": 0.0251088, ""subsample"": 0.631728}",1776,{},{},d8d6feea5ba86bc4,329925,28579.475396015943,0.4214394438772594,0.47624004476234433,0.560593696987022,0.3543169036830838,0.24382823902168574,0.46,0.24491774179041387,0.0013112043839833534
xgb_search_cells_features_params__label_2y_beat_spy__fs1__set3__s32,xgb_search_cells_features_params__label_2y_beat_spy__fs1__set3,completed,label_2y_beat_spy,,2,1,3,"{""class_weight"": 0.1, ""colsample_bytree"": 0.765949, ""gamma"": 0.000139965, ""learning_rate"": 0.0114436, ""max_depth"": 8, ""min_child_weight"": 7.50202, ""n_estimators"": 1069, ""reg_alpha"": 3.75825, ""reg_lambda"": 0.186001, ""subsample"": 0.954949}",32,{},{},ddb7a9d2b903186d,292576,13435.081087150693,0.38335620724370656,0.4620694090575531,0.5990204795216929,0.30943571891435095,0.23639422561142684,0.4583333333333333,0.39553790104885894,0.001442244657139111
xgb_search_cells_features_params__label_2y_beat_spy__fs1__set4__s1776,xgb_search_cells_features_params__label_2y_beat_spy__fs1__set4,completed,label_2y_beat_spy,,2,1,4,"{""class_weight"": 0.1, ""colsample_bytree"": 0.607408, ""gamma"": 0.342094, ""learning_rate"": 0.0165055, ""max_depth"": 5, ""min_child_weight"": 7.1194, ""n_estimators"": 517, ""reg_alpha"": 5.39125, ""reg_lambda"": 0.0251088, ""subsample"": 0.631728}",1776,{},{},8c5531dcb2603cda,292576,13435.081087150693,0.38335620724370656,0.459191923061415,0.5920724507495365,0.31166100314661244,0.23639422561142684,0.4583333333333333,0.2966100441498889,0.001442244657139111
xgb_search_cells_features_params__label_1y_beat_spy__fs1__set4__s1776,xgb_search_cells_features_params__label_1y_beat_spy__fs1__set4,completed,label_1y_beat_spy,,1,1,4,"{""class_weight"": 0.1, ""colsample_bytree"": 0.607408, ""gamma"": 0.342094, ""learning_rate"": 0.0165055, ""max_depth"": 5, ""min_child_weight"": 7.1194, ""n_estimators"": 517, ""reg_alpha"": 5.39125, ""reg_lambda"": 0.0251088, ""subsample"": 0.631728}",1776,{},{},9cd798d1e1345da1,329925,28579.475396015943,0.4214394438772594,0.48174340194062043,0.5676294184813656,0.34651212868404346,0.24382823902168574,0.4575,0.29388874273747206,0.0013040782732008352
xgb_search_cells_features_params__label_2y_beat_spy__fs1__set4__s23,xgb_search_cells_features_params__label_2y_beat_spy__fs1__set4,completed,label_2y_beat_spy,,2,1,4,"{""class_weight"": 0.1, ""colsample_bytree"": 0.607408, ""gamma"": 0.342094, ""learning_rate"": 0.0165055, ""max_depth"": 5, ""min_child_weight"": 7.1194, ""n_estimators"": 517, ""reg_alpha"": 5.39125, ""reg_lambda"": 0.0251088, ""subsample"": 0.631728}",23,{},{},6d63d7cdf2ddb27b,292576,13435.081087150693,0.38335620724370656,0.45932383303105556,0.5919024579106515,0.3116321615116944,0.23639422561142684,0.45555555555555555,0.29777238331735134,0.001433503780429177
xgb_search_cells_features_params__label_1y_beat_spy__fs0__set4__s32,xgb_search_cells_features_params__label_1y_beat_spy__fs0__set4,completed,label_1y_beat_spy,,1,0,4,"{""class_weight"": 0.1, ""colsample_bytree"": 0.607408, ""gamma"": 0.342094, ""learning_rate"": 0.0165055, ""max_depth"": 5, ""min_child_weight"": 7.1194, ""n_estimators"": 517, ""reg_alpha"": 5.39125, ""reg_lambda"": 0.0251088, ""subsample"": 0.631728}",32,{},{},d4275b312121c773,329925,28579.475396015943,0.4214394438772594,0.47620977021533645,0.5606290600618559,0.35437906275076303,0.24382823902168574,0.455,0.24449822667986154,0.001296952162418317
xgb_search_cells_features_params__label_1y_beat_spy__fs0__set1__s1776,xgb_search_cells_features_params__label_1y_beat_spy__fs0__set1,completed,label_1y_beat_spy,,1,0,1,"{""class_weight"": 0.5, ""colsample_bytree"": 0.825382, ""gamma"": 4.79144, ""learning_rate"": 0.126577, ""max_depth"": 6, ""min_child_weight"": 5.09555, ""n_estimators"": 274, ""reg_alpha"": 4.30687, ""reg_lambda"": 0.235585, ""subsample"": 0.920096}",1776,{},{},578edc97efa01e90,329925,28579.475396015943,0.4214394438772594,0.4759909910409295,0.5603972733779197,0.25926896857835047,0.24382823902168574,0.455,0.6012543351203203,0.001296952162418317
xgb_search_cells_features_params__label_1y_beat_spy__fs1__set3__s23,xgb_search_cells_features_params__label_1y_beat_spy__fs1__set3,completed,label_1y_beat_spy,,1,1,3,"{""class_weight"": 0.1, ""colsample_bytree"": 0.765949, ""gamma"": 0.000139965, ""learning_rate"": 0.0114436, ""max_depth"": 8, ""min_child_weight"": 7.50202, ""n_estimators"": 1069, ""reg_alpha"": 3.75825, ""reg_lambda"": 0.186001, ""subsample"": 0.954949}",23,{},{},b648db0cefa27e3b,329925,28579.475396015943,0.4214394438772594,0.48429000558072943,0.571990444680304,0.3436959252799547,0.24382823902168574,0.4525,0.37892674405127763,0.0012898260516357987
xgb_search_cells_features_params__label_1y_beat_spy__fs1__set4__s32,xgb_search_cells_features_params__label_1y_beat_spy__fs1__set4,completed,label_1y_beat_spy,,1,1,4,"{""class_weight"": 0.1, ""colsample_bytree"": 0.607408, ""gamma"": 0.342094, ""learning_rate"": 0.0165055, ""max_depth"": 5, ""min_child_weight"": 7.1194, ""n_estimators"": 517, ""reg_alpha"": 5.39125, ""reg_lambda"": 0.0251088, ""subsample"": 0.631728}",32,{},{},a24146ba5b5d6139,329925,28579.475396015943,0.4214394438772594,0.4816871476069129,0.567519967650369,0.34660757440944484,0.24382823902168574,0.4525,0.2951123873516917,0.0012898260516357987
xgb_search_cells_features_params__label_1y_beat_spy__fs1__set0__s1776,xgb_search_cells_features_params__label_1y_beat_spy__fs1__set0,completed,label_1y_beat_spy,,1,1,0,"{""class_weight"": 0.5, ""colsample_bytree"": 0.407286, ""gamma"": 0.000106243, ""learning_rate"": 0.0118662, ""max_depth"": 8, ""min_child_weight"": 89.3656, ""n_estimators"": 556, ""reg_alpha"": 0.436331, ""reg_lambda"": 21.3796, ""subsample"": 0.6872}",1776,{},{},f7db32756e44f5e3,329925,28579.475396015943,0.4214394438772594,0.4839497419253369,0.5708907598423729,0.25267570494827346,0.24382823902168574,0.45,0.6490870297700166,0.0012826999408532805
xgb_search_cells_features_params__label_2y_beat_spy__fs1__set4__s32,xgb_search_cells_features_params__label_2y_beat_spy__fs1__set4,completed,label_2y_beat_spy,,2,1,4,"{""class_weight"": 0.1, ""colsample_bytree"": 0.607408, ""gamma"": 0.342094, ""learning_rate"": 0.0165055, ""max_depth"": 5, ""min_child_weight"": 7.1194, ""n_estimators"": 517, ""reg_alpha"": 5.39125, ""reg_lambda"": 0.0251088, ""subsample"": 0.631728}",32,{},{},bf64e293ebec7e6d,292576,13435.081087150693,0.38335620724370656,0.4596351502156491,0.5922543487263088,0.3116265506252777,0.23639422561142684,0.45,0.29512020916574533,0.0014160220270093091
xgb_search_cells_features_params__label_1y_beat_spy__fs1__set0__s23,xgb_search_cells_features_params__label_1y_beat_spy__fs1__set0,completed,label_1y_beat_spy,,1,1,0,"{""class_weight"": 0.5, ""colsample_bytree"": 0.407286, ""gamma"": 0.000106243, ""learning_rate"": 0.0118662, ""max_depth"": 8, ""min_child_weight"": 89.3656, ""n_estimators"": 556, ""reg_alpha"": 0.436331, ""reg_lambda"": 21.3796, ""subsample"": 0.6872}",23,{},{},593a23479c4321fc,329925,28579.475396015943,0.4214394438772594,0.4837853907525162,0.5707179199644663,0.25265945026745246,0.24382823902168574,0.4475,0.6498068232089281,0.0012755738300707622
xgb_search_cells_features_params__label_3y_beat_spy__fs1__set4__s23,xgb_search_cells_features_params__label_3y_beat_spy__fs1__set4,completed,label_3y_beat_spy,,3,1,4,"{""class_weight"": 0.1, ""colsample_bytree"": 0.607408, ""gamma"": 0.342094, ""learning_rate"": 0.0165055, ""max_depth"": 5, ""min_child_weight"": 7.1194, ""n_estimators"": 517, ""reg_alpha"": 5.39125, ""reg_lambda"": 0.0251088, ""subsample"": 0.631728}",23,{},{},af3b7cd901d8e574,256351,8215.438550146824,0.3535010191664152,0.454321029480381,0.6180587429480023,0.28171807783707126,0.22853804861472096,0.44375,0.3324086962733418,0.0015258972705781216
xgb_search_cells_features_params__label_1y_beat_spy__fs1__set3__s32,xgb_search_cells_features_params__label_1y_beat_spy__fs1__set3,completed,label_1y_beat_spy,,1,1,3,"{""class_weight"": 0.1, ""colsample_bytree"": 0.765949, ""gamma"": 0.000139965, ""learning_rate"": 0.0114436, ""max_depth"": 8, ""min_child_weight"": 7.50202, ""n_estimators"": 1069, ""reg_alpha"": 3.75825, ""reg_lambda"": 0.186001, ""subsample"": 0.954949}",32,{},{},63486aa696b345da,329925,28579.475396015943,0.4214394438772594,0.48420972578444915,0.57191140865571,0.34375825896329254,0.24382823902168574,0.4425,0.37848791394382714,0.0012613216085057258
xgb_search_cells_features_params__label_1y_beat_spy__fs1__set4__s23,xgb_search_cells_features_params__label_1y_beat_spy__fs1__set4,completed,label_1y_beat_spy,,1,1,4,"{""class_weight"": 0.1, ""colsample_bytree"": 0.607408, ""gamma"": 0.342094, ""learning_rate"": 0.0165055, ""max_depth"": 5, ""min_child_weight"": 7.1194, ""n_estimators"": 517, ""reg_alpha"": 5.39125, ""reg_lambda"": 0.0251088, ""subsample"": 0.631728}",23,{},{},386ce47c39424b6e,329925,28579.475396015943,0.4214394438772594,0.4817090087352831,0.5675853814406744,0.346546017023894,0.24382823902168574,0.44,0.2947354314103723,0.0012541954977232075
xgb_search_cells_features_params__label_1y_beat_spy__fs1__set3__s1776,xgb_search_cells_features_params__label_1y_beat_spy__fs1__set3,completed,label_1y_beat_spy,,1,1,3,"{""class_weight"": 0.1, ""colsample_bytree"": 0.765949, ""gamma"": 0.000139965, ""learning_rate"": 0.0114436, ""max_depth"": 8, ""min_child_weight"": 7.50202, ""n_estimators"": 1069, ""reg_alpha"": 3.75825, ""reg_lambda"": 0.186001, ""subsample"": 0.954949}",1776,{},{},66adaa98b3d98d56,329925,28579.475396015943,0.4214394438772594,0.48430871900692374,0.572058316359791,0.34377268184865106,0.24382823902168574,0.44,0.37727562956511973,0.0012541954977232075
xgb_search_cells_features_params__label_1y_beat_spy__fs0__set3__s23,xgb_search_cells_features_params__label_1y_beat_spy__fs0__set3,completed,label_1y_beat_spy,,1,0,3,"{""class_weight"": 0.1, ""colsample_bytree"": 0.765949, ""gamma"": 0.000139965, ""learning_rate"": 0.0114436, ""max_depth"": 8, ""min_child_weight"": 7.50202, ""n_estimators"": 1069, ""reg_alpha"": 3.75825, ""reg_lambda"": 0.186001, ""subsample"": 0.954949}",23,{},{},744555ff9506115a,329925,28579.475396015943,0.4214394438772594,0.4817608263574335,0.5672711750099562,0.3523796493709015,0.24382823902168574,0.44,0.2966940849646926,0.0012541954977232075
xgb_search_cells_features_params__label_3y_beat_spy__fs1__set3__s1776,xgb_search_cells_features_params__label_3y_beat_spy__fs1__set3,completed,label_3y_beat_spy,,3,1,3,"{""class_weight"": 0.1, ""colsample_bytree"": 0.765949, ""gamma"": 0.000139965, ""learning_rate"": 0.0114436, ""max_depth"": 8, ""min_child_weight"": 7.50202, ""n_estimators"": 1069, ""reg_alpha"": 3.75825, ""reg_lambda"": 0.186001, ""subsample"": 0.954949}",1776,{},{},3ec82ecaa066b123,256351,8215.438550146824,0.3535010191664152,0.4546784414519106,0.6229081546565445,0.27975658043838103,0.22853804861472096,0.4375,0.45256910733878614,0.0015044057597249087
xgb_search_cells_features_params__label_2y_beat_spy__fs1__set0__s23,xgb_search_cells_features_params__label_2y_beat_spy__fs1__set0,completed,label_2y_beat_spy,,2,1,0,"{""class_weight"": 0.5, ""colsample_bytree"": 0.407286, ""gamma"": 0.000106243, ""learning_rate"": 0.0118662, ""max_depth"": 8, ""min_child_weight"": 89.3656, ""n_estimators"": 556, ""reg_alpha"": 0.436331, ""reg_lambda"": 21.3796, ""subsample"": 0.6872}",23,{},{},8eee4ef19c6be726,292576,13435.081087150693,0.38335620724370656,0.46258303344447094,0.5975173050560416,0.23671833143942236,0.23639422561142684,0.4361111111111111,0.6670876921051079,0.001372317643459639
xgb_search_cells_features_params__label_1y_beat_spy__fs0__set3__s32,xgb_search_cells_features_params__label_1y_beat_spy__fs0__set3,completed,label_1y_beat_spy,,1,0,3,"{""class_weight"": 0.1, ""colsample_bytree"": 0.765949, ""gamma"": 0.000139965, ""learning_rate"": 0.0114436, ""max_depth"": 8, ""min_child_weight"": 7.50202, ""n_estimators"": 1069, ""reg_alpha"": 3.75825, ""reg_lambda"": 0.186001, ""subsample"": 0.954949}",32,{},{},98d5d97fbb452188,329925,28579.475396015943,0.4214394438772594,0.48195131240607597,0.5674293083154323,0.352294652554466,0.24382823902168574,0.435,0.29622035786509515,0.001239943276158171
xgb_search_cells_features_params__label_1y_beat_spy__fs1__set1__s1776,xgb_search_cells_features_params__label_1y_beat_spy__fs1__set1,completed,label_1y_beat_spy,,1,1,1,"{""class_weight"": 0.5, ""colsample_bytree"": 0.825382, ""gamma"": 4.79144, ""learning_rate"": 0.126577, ""max_depth"": 6, ""min_child_weight"": 5.09555, ""n_estimators"": 274, ""reg_alpha"": 4.30687, ""reg_lambda"": 0.235585, ""subsample"": 0.920096}",1776,{},{},e77e973a6e5450da,329925,28579.475396015943,0.4214394438772594,0.4814009141622789,0.5675578686041436,0.2532551484703955,0.24382823902168574,0.435,0.6474539706110954,0.001239943276158171
xgb_search_cells_features_params__label_3y_beat_spy__fs1__set3__s23,xgb_search_cells_features_params__label_3y_beat_spy__fs1__set3,completed,label_3y_beat_spy,,3,1,3,"{""class_weight"": 0.1, ""colsample_bytree"": 0.765949, ""gamma"": 0.000139965, ""learning_rate"": 0.0114436, ""max_depth"": 8, ""min_child_weight"": 7.50202, ""n_estimators"": 1069, ""reg_alpha"": 3.75825, ""reg_lambda"": 0.186001, ""subsample"": 0.954949}",23,{},{},3d11de05a9c8b87c,256351,8215.438550146824,0.3535010191664152,0.4547607914166223,0.6231369672620577,0.2797475464976439,0.22853804861472096,0.434375,0.4510577217675745,0.0014936600042983021
xgb_search_cells_features_params__label_2y_beat_spy__fs1__set0__s1776,xgb_search_cells_features_params__label_2y_beat_spy__fs1__set0,completed,label_2y_beat_spy,,2,1,0,"{""class_weight"": 0.5, ""colsample_bytree"": 0.407286, ""gamma"": 0.000106243, ""learning_rate"": 0.0118662, ""max_depth"": 8, ""min_child_weight"": 89.3656, ""n_estimators"": 556, ""reg_alpha"": 0.436331, ""reg_lambda"": 21.3796, ""subsample"": 0.6872}",1776,{},{},07209be3760f1e3a,292576,13435.081087150693,0.38335620724370656,0.4625283010076042,0.5971549028568501,0.23678274230022975,0.23639422561142684,0.43333333333333335,0.6665472532312076,0.001363576766749705
xgb_search_cells_features_params__label_3y_beat_spy__fs1__set3__s32,xgb_search_cells_features_params__label_3y_beat_spy__fs1__set3,completed,label_3y_beat_spy,,3,1,3,"{""class_weight"": 0.1, ""colsample_bytree"": 0.765949, ""gamma"": 0.000139965, ""learning_rate"": 0.0114436, ""max_depth"": 8, ""min_child_weight"": 7.50202, ""n_estimators"": 1069, ""reg_alpha"": 3.75825, ""reg_lambda"": 0.186001, ""subsample"": 0.954949}",32,{},{},e8b8cab16a2317b4,256351,8215.438550146824,0.3535010191664152,0.45457541554983133,0.6229690257687622,0.2798073678563028,0.22853804861472096,0.421875,0.4515469736885279,0.0014506769825918763
xgb_search_cells_features_params__label_2y_beat_spy__fs1__set0__s32,xgb_search_cells_features_params__label_2y_beat_spy__fs1__set0,completed,label_2y_beat_spy,,2,1,0,"{""class_weight"": 0.5, ""colsample_bytree"": 0.407286, ""gamma"": 0.000106243, ""learning_rate"": 0.0118662, ""max_depth"": 8, ""min_child_weight"": 89.3656, ""n_estimators"": 556, ""reg_alpha"": 0.436331, ""reg_lambda"": 21.3796, ""subsample"": 0.6872}",32,{},{},b3b3ec0998f18f57,292576,13435.081087150693,0.38335620724370656,0.4624997221509554,0.5974925070246238,0.23674509345423367,0.23639422561142684,0.4166666666666667,0.6668215879135662,0.001311131506490101
xgb_search_cells_features_params__label_3y_beat_spy__fs1__set4__s32,xgb_search_cells_features_params__label_3y_beat_spy__fs1__set4,completed,label_3y_beat_spy,,3,1,4,"{""class_weight"": 0.1, ""colsample_bytree"": 0.607408, ""gamma"": 0.342094, ""learning_rate"": 0.0165055, ""max_depth"": 5, ""min_child_weight"": 7.1194, ""n_estimators"": 517, ""reg_alpha"": 5.39125, ""reg_lambda"": 0.0251088, ""subsample"": 0.631728}",32,{},{},688987591c27d713,256351,8215.438550146824,0.3535010191664152,0.4543093527774379,0.6182881184000306,0.2818340658304057,0.22853804861472096,0.415625,0.3313509166706353,0.0014291854717386632
xgb_search_cells_features_params__label_3y_beat_spy__fs1__set4__s1776,xgb_search_cells_features_params__label_3y_beat_spy__fs1__set4,completed,label_3y_beat_spy,,3,1,4,"{""class_weight"": 0.1, ""colsample_bytree"": 0.607408, ""gamma"": 0.342094, ""learning_rate"": 0.0165055, ""max_depth"": 5, ""min_child_weight"": 7.1194, ""n_estimators"": 517, ""reg_alpha"": 5.39125, ""reg_lambda"": 0.0251088, ""subsample"": 0.631728}",1776,{},{},d671fc17df39a889,256351,8215.438550146824,0.3535010191664152,0.45438527393459666,0.6180973859573546,0.28167408491719137,0.22853804861472096,0.415625,0.33189754276536404,0.0014291854717386632
xgb_search_cells_features_params__label_3y_beat_spy__fs1__set1__s32,xgb_search_cells_features_params__label_3y_beat_spy__fs1__set1,completed,label_3y_beat_spy,,3,1,1,"{""class_weight"": 0.5, ""colsample_bytree"": 0.825382, ""gamma"": 4.79144, ""learning_rate"": 0.126577, ""max_depth"": 6, ""min_child_weight"": 5.09555, ""n_estimators"": 274, ""reg_alpha"": 4.30687, ""reg_lambda"": 0.235585, ""subsample"": 0.920096}",32,{},{},5b588f06c1baef7d,256351,8215.438550146824,0.3535010191664152,0.45402675564447603,0.6201600488396783,0.22201457148463305,0.22853804861472096,0.4125,0.6726957013830542,0.0014184397163120568
xgb_search_cells_features_params__label_3y_beat_spy__fs1__set0__s32,xgb_search_cells_features_params__label_3y_beat_spy__fs1__set0,completed,label_3y_beat_spy,,3,1,0,"{""class_weight"": 0.5, ""colsample_bytree"": 0.407286, ""gamma"": 0.000106243, ""learning_rate"": 0.0118662, ""max_depth"": 8, ""min_child_weight"": 89.3656, ""n_estimators"": 556, ""reg_alpha"": 0.436331, ""reg_lambda"": 21.3796, ""subsample"": 0.6872}",32,{},{},9b65269e3b9d0a52,256351,8215.438550146824,0.3535010191664152,0.4559724412103836,0.6231706962790251,0.22210525550104832,0.22853804861472096,0.409375,0.7016171272844076,0.0014076939608854502
xgb_search_cells_features_params__label_3y_beat_spy__fs1__set0__s1776,xgb_search_cells_features_params__label_3y_beat_spy__fs1__set0,completed,label_3y_beat_spy,,3,1,0,"{""class_weight"": 0.5, ""colsample_bytree"": 0.407286, ""gamma"": 0.000106243, ""learning_rate"": 0.0118662, ""max_depth"": 8, ""min_child_weight"": 89.3656, ""n_estimators"": 556, ""reg_alpha"": 0.436331, ""reg_lambda"": 21.3796, ""subsample"": 0.6872}",1776,{},{},18d22a675e9a64c8,256351,8215.438550146824,0.3535010191664152,0.45587683742292506,0.6232057783941565,0.22206904804723754,0.22853804861472096,0.409375,0.7001171698793769,0.0014076939608854502
xgb_search_cells_features_params__label_3y_beat_spy__fs1__set0__s23,xgb_search_cells_features_params__label_3y_beat_spy__fs1__set0,completed,label_3y_beat_spy,,3,1,0,"{""class_weight"": 0.5, ""colsample_bytree"": 0.407286, ""gamma"": 0.000106243, ""learning_rate"": 0.0118662, ""max_depth"": 8, ""min_child_weight"": 89.3656, ""n_estimators"": 556, ""reg_alpha"": 0.436331, ""reg_lambda"": 21.3796, ""subsample"": 0.6872}",23,{},{},d9c5ac4fc2862900,256351,8215.438550146824,0.3535010191664152,0.45585156168823426,0.6231327590735964,0.2221384245718005,0.22853804861472096,0.403125,0.7012916017323733,0.0013862024500322372
xgb_search_cells_features_params__label_3y_beat_spy__fs1__set1__s1776,xgb_search_cells_features_params__label_3y_beat_spy__fs1__set1,completed,label_3y_beat_spy,,3,1,1,"{""class_weight"": 0.5, ""colsample_bytree"": 0.825382, ""gamma"": 4.79144, ""learning_rate"": 0.126577, ""max_depth"": 6, ""min_child_weight"": 5.09555, ""n_estimators"": 274, ""reg_alpha"": 4.30687, ""reg_lambda"": 0.235585, ""subsample"": 0.920096}",1776,{},{},50bbfc99cc060ace,256351,8215.438550146824,0.3535010191664152,0.45427080765854255,0.6206331362780515,0.22196723324777595,0.22853804861472096,0.4,0.6717572508379817,0.0013754566946056308
xgb_search_cells_features_params__label_3y_beat_spy__fs1__set1__s23,xgb_search_cells_features_params__label_3y_beat_spy__fs1__set1,completed,label_3y_beat_spy,,3,1,1,"{""class_weight"": 0.5, ""colsample_bytree"": 0.825382, ""gamma"": 4.79144, ""learning_rate"": 0.126577, ""max_depth"": 6, ""min_child_weight"": 5.09555, ""n_estimators"": 274, ""reg_alpha"": 4.30687, ""reg_lambda"": 0.235585, ""subsample"": 0.920096}",23,{},{},f009eea0a942b645,256351,8215.438550146824,0.3535010191664152,0.4550735867810647,0.6210607008743165,0.2217670398121143,0.22853804861472096,0.371875,0.672181798890233,0.0012787448957661725
