candidate,seeds_completed,label,eval_label,horizon_years,feature_set,param_set,set_params,grid_params,sampled_params,n_test_n,n_test_mean,n_test_std,n_test_min,n_test_max,n_test_ci95_low,n_test_ci95_high,effective_n_n,effective_n_mean,effective_n_std,effective_n_min,effective_n_max,effective_n_ci95_low,effective_n_ci95_high,base_rate_n,base_rate_mean,base_rate_std,base_rate_min,base_rate_max,base_rate_ci95_low,base_rate_ci95_high,pr_auc_n,pr_auc_mean,pr_auc_std,pr_auc_min,pr_auc_max,pr_auc_ci95_low,pr_auc_ci95_high,roc_auc_n,roc_auc_mean,roc_auc_std,roc_auc_min,roc_auc_max,roc_auc_ci95_low,roc_auc_ci95_high,brier_n,brier_mean,brier_std,brier_min,brier_max,brier_ci95_low,brier_ci95_high,base_rate_brier_n,base_rate_brier_mean,base_rate_brier_std,base_rate_brier_min,base_rate_brier_max,base_rate_brier_ci95_low,base_rate_brier_ci95_high,precision_at_20_n,precision_at_20_mean,precision_at_20_std,precision_at_20_min,precision_at_20_max,precision_at_20_ci95_low,precision_at_20_ci95_high,conf_at_20_n,conf_at_20_mean,conf_at_20_std,conf_at_20_min,conf_at_20_max,conf_at_20_ci95_low,conf_at_20_ci95_high,recall_at_20_n,recall_at_20_mean,recall_at_20_std,recall_at_20_min,recall_at_20_max,recall_at_20_ci95_low,recall_at_20_ci95_high
xgb_search_cells_features_params__label_3y_beat_spy__fs0__set2,3/3,label_3y_beat_spy,,3,0,2,"{""class_weight"": 0.1, ""colsample_bytree"": 0.638389, ""gamma"": 0.00994761, ""learning_rate"": 0.0113265, ""max_depth"": 6, ""min_child_weight"": 59.9175, ""n_estimators"": 195, ""reg_alpha"": 0.000140183, ""reg_lambda"": 0.418799, ""subsample"": 0.887142}",{},{},3,256351.0,0.0,256351.0,256351.0,256351.0,256351.0,3,8215.438550146824,0.0,8215.438550146824,8215.438550146824,8215.438550146824,8215.438550146824,3,0.3535010191664152,0.0,0.3535010191664152,0.3535010191664152,0.3535010191664152,0.3535010191664152,3,0.45929428311486137,0.00013741279378973658,0.45913574513968547,0.45937916981705984,0.45895293081173133,0.4596356354179914,3,0.6210196191610602,0.00014051998285816538,0.6208891358919982,0.6211683859591866,0.6206705481723878,0.6213686901497326,3,0.2822919850501114,2.9175247558761838e-05,0.2822706515853378,0.2823252318075354,0.282219509717401,0.28236446038282176,3,0.22853804861472096,0.0,0.22853804861472096,0.22853804861472096,0.22853804861472096,0.22853804861472096,3,0.5604166666666667,0.018310828990882263,0.546875,0.58125,0.5149300458370047,0.6059032874963286,3,0.24441624105287096,0.0007513613639237359,0.24373168931342662,0.24522012886591255,0.24254975595359585,0.24628272615214608,3,0.0019270721398380972,6.296438079821967e-05,0.0018805071996561358,0.0019987105093488074,0.0017706599470002314,0.002083484332675963
xgb_search_cells_features_params__label_2y_beat_spy__fs0__set2,3/3,label_2y_beat_spy,,2,0,2,"{""class_weight"": 0.1, ""colsample_bytree"": 0.638389, ""gamma"": 0.00994761, ""learning_rate"": 0.0113265, ""max_depth"": 6, ""min_child_weight"": 59.9175, ""n_estimators"": 195, ""reg_alpha"": 0.000140183, ""reg_lambda"": 0.418799, ""subsample"": 0.887142}",{},{},3,292576.0,0.0,292576.0,292576.0,292576.0,292576.0,3,13435.081087150693,0.0,13435.081087150693,13435.081087150693,13435.081087150693,13435.081087150693,3,0.3833562072437065,6.798699777552591e-17,0.38335620724370656,0.38335620724370656,0.38335620724370634,0.38335620724370667,3,0.4626859071113711,0.000220262834520298,0.46248970036139414,0.46292416361589483,0.4621387438976422,0.46323307032509997,3,0.5920832790029127,0.0001886441198274024,0.5919319158143279,0.592294620070894,0.5916146610307494,0.5925518969750759,3,0.3131248915695309,8.013710763136681e-05,0.31304025458474494,0.31319960437661454,0.3129258199583532,0.31332396318070854,3,0.23639422561142684,0.0,0.23639422561142684,0.23639422561142684,0.23639422561142684,0.23639422561142684,3,0.5564814814814815,0.010516496936667199,0.5444444444444444,0.5638888888888889,0.5303570548455997,0.5826059081173632,3,0.22178274493802477,4.9795200706473726e-05,0.2217269935955604,0.22182280268106197,0.22165904680208565,0.2219064430739639,3,0.001751088967556779,3.309242513177031e-05,0.0017132118351470653,0.0017743979721166034,0.0016688828263136742,0.001833295108799884
xgb_search_cells_features_params__label_3y_beat_spy__fs0__set0,3/3,label_3y_beat_spy,,3,0,0,"{""class_weight"": 0.5, ""colsample_bytree"": 0.407286, ""gamma"": 0.000106243, ""learning_rate"": 0.0118662, ""max_depth"": 8, ""min_child_weight"": 89.3656, ""n_estimators"": 556, ""reg_alpha"": 0.436331, ""reg_lambda"": 21.3796, ""subsample"": 0.6872}",{},{},3,256351.0,0.0,256351.0,256351.0,256351.0,256351.0,3,8215.438550146824,0.0,8215.438550146824,8215.438550146824,8215.438550146824,8215.438550146824,3,0.3535010191664152,0.0,0.3535010191664152,0.3535010191664152,0.3535010191664152,0.3535010191664152,3,0.46025558657275045,0.0001114300429206133,0.46013041239665925,0.46034396559161184,0.4599787790009094,0.4605323941445915,3,0.6251419515843196,0.00012299365684342363,0.6250143020179897,0.6252596895457024,0.6248364184030488,0.6254474847655904,3,0.2216680461742113,3.3372993791559365e-05,0.22163166636447573,0.22169724238623975,0.22158514306177968,0.2217509492866429,3,0.22853804861472096,0.0,0.22853804861472096,0.22853804861472096,0.22853804861472096,0.22853804861472096,3,0.5520833333333334,0.00477351634891234,0.546875,0.55625,0.5402252613533435,0.5639414053133233,3,0.6522174635902048,0.00064748105707992,0.6516158102080226,0.6529026620090008,0.6506090314786687,0.653825895701741,3,0.0018984167920338135,1.6414412547302234e-05,0.0018805071996561358,0.0019127444659359553,0.0018576411308088322,0.0019391924532587948
xgb_search_cells_features_params__label_3y_beat_spy__fs0__set1,3/3,label_3y_beat_spy,,3,0,1,"{""class_weight"": 0.5, ""colsample_bytree"": 0.825382, ""gamma"": 4.79144, ""learning_rate"": 0.126577, ""max_depth"": 6, ""min_child_weight"": 5.09555, ""n_estimators"": 274, ""reg_alpha"": 4.30687, ""reg_lambda"": 0.235585, ""subsample"": 0.920096}",{},{},3,256351.0,0.0,256351.0,256351.0,256351.0,256351.0,3,8215.438550146824,0.0,8215.438550146824,8215.438550146824,8215.438550146824,8215.438550146824,3,0.3535010191664152,0.0,0.3535010191664152,0.3535010191664152,0.3535010191664152,0.3535010191664152,3,0.4575446957841638,0.0003548984506925421,0.4571841666919561,0.457893681966574,0.4566630791589567,0.4584263124093709,3,0.6220059263534029,0.00019099430294755568,0.6218312917034524,0.6222098879154236,0.6215314702027214,0.6224803825040844,3,0.22183968280288743,6.759678664992765e-05,0.22176302529158234,0.22189074124965089,0.22167176307597722,0.22200760252979765,3,0.22853804861472096,0.0,0.22853804861472096,0.22853804861472096,0.22853804861472096,0.22853804861472096,3,0.5489583333333333,0.0078644108700737,0.540625,0.55625,0.5294220537102841,0.5684946129563826,3,0.6540315825492143,0.0011484992631940053,0.6531366672366857,0.655326622352004,0.6511785522175967,0.656884612880832,3,0.0018876710366072067,2.7042891450930407e-05,0.0018590156888029228,0.0019127444659359553,0.0018204927701191797,0.0019548493030952336
xgb_search_cells_features_params__label_3y_beat_spy__fs0__set3,3/3,label_3y_beat_spy,,3,0,3,"{""class_weight"": 0.1, ""colsample_bytree"": 0.765949, ""gamma"": 0.000139965, ""learning_rate"": 0.0114436, ""max_depth"": 8, ""min_child_weight"": 7.50202, ""n_estimators"": 1069, ""reg_alpha"": 3.75825, ""reg_lambda"": 0.186001, ""subsample"": 0.954949}",{},{},3,256351.0,0.0,256351.0,256351.0,256351.0,256351.0,3,8215.438550146824,0.0,8215.438550146824,8215.438550146824,8215.438550146824,8215.438550146824,3,0.3535010191664152,0.0,0.3535010191664152,0.3535010191664152,0.3535010191664152,0.3535010191664152,3,0.4609328425654977,6.953547550096287e-05,0.46086560274962163,0.4610044662590874,0.4607601068685013,0.46110557826249415,3,0.6259445396460428,7.183389931759952e-05,0.6258874120171853,0.626025184499315,0.6257660943477659,0.6261229849443197,3,0.2857222212889146,3.170981898740134e-05,0.2856961765623892,0.2857575319178204,0.2856434497317352,0.285800992846094,3,0.22853804861472096,0.0,0.22853804861472096,0.22853804861472096,0.22853804861472096,0.22853804861472096,3,0.5458333333333334,0.006505206248331651,0.540625,0.553125,0.5296735051691388,0.561993161497528,3,0.3685794509171198,0.0010675704015968008,0.3674884831532836,0.36962197460234164,0.36592745902256474,0.37123144281167486,3,0.0018769252811806003,2.2369073710145455e-05,0.0018590156888029228,0.0019019987105093489,0.001821357421600305,0.0019324931407608955
xgb_search_cells_features_params__label_3y_beat_spy__fs0__set4,3/3,label_3y_beat_spy,,3,0,4,"{""class_weight"": 0.1, ""colsample_bytree"": 0.607408, ""gamma"": 0.342094, ""learning_rate"": 0.0165055, ""max_depth"": 5, ""min_child_weight"": 7.1194, ""n_estimators"": 517, ""reg_alpha"": 5.39125, ""reg_lambda"": 0.0251088, ""subsample"": 0.631728}",{},{},3,256351.0,0.0,256351.0,256351.0,256351.0,256351.0,3,8215.438550146824,0.0,8215.438550146824,8215.438550146824,8215.438550146824,8215.438550146824,3,0.3535010191664152,0.0,0.3535010191664152,0.3535010191664152,0.3535010191664152,0.3535010191664152,3,0.45834958657699026,0.00017578396063766213,0.4581571319829162,0.4585016790933708,0.4579129150112494,0.4587862581427311,3,0.619646717968023,0.0001637958447735134,0.6194837377305384,0.6198113174148048,0.619239826532993,0.6200536094030529,3,0.2862751586499821,8.194345804353988e-05,0.2861842877634661,0.28634343247768346,0.2860715998156249,0.2864787174843393,3,0.22853804861472096,0.0,0.22853804861472096,0.22853804861472096,0.22853804861472096,0.22853804861472096,3,0.5395833333333333,0.012629537138523052,0.525,0.546875,0.5082098238455768,0.5709568428210898,3,0.30145784046811364,0.0006141372033262949,0.30105792242102325,0.30216496186330916,0.2999322390811419,0.30298344185508536,3,0.0018554337703273872,4.3428453517380014e-05,0.0018052869116698903,0.0018805071996561358,0.0017475515111818672,0.0019633160294729073
xgb_search_cells_features_params__label_2y_beat_spy__fs0__set0,3/3,label_2y_beat_spy,,2,0,0,"{""class_weight"": 0.5, ""colsample_bytree"": 0.407286, ""gamma"": 0.000106243, ""learning_rate"": 0.0118662, ""max_depth"": 8, ""min_child_weight"": 89.3656, ""n_estimators"": 556, ""reg_alpha"": 0.436331, ""reg_lambda"": 21.3796, ""subsample"": 0.6872}",{},{},3,292576.0,0.0,292576.0,292576.0,292576.0,292576.0,3,13435.081087150693,0.0,13435.081087150693,13435.081087150693,13435.081087150693,13435.081087150693,3,0.3833562072437065,6.798699777552591e-17,0.38335620724370656,0.38335620724370656,0.38335620724370634,0.38335620724370667,3,0.4631250862516975,0.000248186667185466,0.46284431294993233,0.4633151859444358,0.46250855639218846,0.46374161611120657,3,0.597037752863452,0.00046474224238681687,0.5965299928989019,0.5974420330307627,0.5958832691328955,0.5981922365940084,3,0.23848630648596472,0.00011714050449650258,0.23839130532498237,0.2386171916115029,0.2381953133411715,0.23877729963075794,3,0.23639422561142684,0.0,0.23639422561142684,0.23639422561142684,0.23639422561142684,0.23639422561142684,3,0.5231481481481481,0.01627629243633975,0.5111111111111111,0.5416666666666666,0.4827155962995599,0.5635806999967363,3,0.6163796858655082,0.001252951342266909,0.6151124262975322,0.617617821196715,0.6132671821851947,0.6194921895458216,3,0.001646198447037571,5.1216863573115875e-05,0.0016083213146278572,0.0017044709584371313,0.001518968704758022,0.00177342818931712
xgb_search_cells_features_params__label_2y_beat_spy__fs0__set3,3/3,label_2y_beat_spy,,2,0,3,"{""class_weight"": 0.1, ""colsample_bytree"": 0.765949, ""gamma"": 0.000139965, ""learning_rate"": 0.0114436, ""max_depth"": 8, ""min_child_weight"": 7.50202, ""n_estimators"": 1069, ""reg_alpha"": 3.75825, ""reg_lambda"": 0.186001, ""subsample"": 0.954949}",{},{},3,292576.0,0.0,292576.0,292576.0,292576.0,292576.0,3,13435.081087150693,0.0,13435.081087150693,13435.081087150693,13435.081087150693,13435.081087150693,3,0.3833562072437065,6.798699777552591e-17,0.38335620724370656,0.38335620724370656,0.38335620724370634,0.38335620724370667,3,0.4634665762732628,0.0002798381839256635,0.46328761159719634,0.46378905677163884,0.46277141968738533,0.4641617328591403,3,0.5994008845639538,0.00015034537792104819,0.5992394889852075,0.5995369658620013,0.5990274059408728,0.5997743631870348,3,0.31786237399290496,0.00013733823177098964,0.3177414894101168,0.3180117093556774,0.3175212069120975,0.3182035410737124,3,0.23639422561142684,0.0,0.23639422561142684,0.23639422561142684,0.23639422561142684,0.23639422561142684,3,0.5083333333333333,0.0,0.5083333333333333,0.5083333333333333,0.5083333333333333,0.5083333333333333,3,0.31761457103270074,0.00043879832042052834,0.31733105493088565,0.31812000191873974,0.3165245355770914,0.31870460648831006,3,0.0015995804379179232,0.0,0.0015995804379179232,0.0015995804379179232,0.0015995804379179232,0.0015995804379179232
xgb_search_cells_features_params__label_2y_beat_spy__fs0__set4,3/3,label_2y_beat_spy,,2,0,4,"{""class_weight"": 0.1, ""colsample_bytree"": 0.607408, ""gamma"": 0.342094, ""learning_rate"": 0.0165055, ""max_depth"": 5, ""min_child_weight"": 7.1194, ""n_estimators"": 517, ""reg_alpha"": 5.39125, ""reg_lambda"": 0.0251088, ""subsample"": 0.631728}",{},{},3,292576.0,0.0,292576.0,292576.0,292576.0,292576.0,3,13435.081087150693,0.0,13435.081087150693,13435.081087150693,13435.081087150693,13435.081087150693,3,0.3833562072437065,6.798699777552591e-17,0.38335620724370656,0.38335620724370656,0.38335620724370634,0.38335620724370667,3,0.45959468254737484,0.00011083248389446535,0.4594832111505041,0.4597048648733089,0.4593193593944456,0.45987000570030406,3,0.5913036687179828,0.00021349441415002187,0.5911315456734904,0.5915425703790645,0.5907733191925447,0.5918340182434209,3,0.31874767960142364,7.484846399736965e-05,0.3186661973407448,0.3188133761612077,0.3185617457093412,0.3189336134935061,3,0.23639422561142684,0.0,0.23639422561142684,0.23639422561142684,0.23639422561142684,0.23639422561142684,3,0.5018518518518519,0.015298807075794757,0.4861111111111111,0.5166666666666667,0.46384750825007737,0.5398561954536264,3,0.26675431310302683,0.001403192087727315,0.2652521661586232,0.26803132759200204,0.2632685907210737,0.27024003548497993,3,0.0015791850589280771,4.8140995125091504e-05,0.0015296534242384512,0.001625803068047725,0.0014595961974566485,0.0016987739203995057
xgb_search_cells_features_params__label_2y_beat_spy__fs0__set1,3/3,label_2y_beat_spy,,2,0,1,"{""class_weight"": 0.5, ""colsample_bytree"": 0.825382, ""gamma"": 4.79144, ""learning_rate"": 0.126577, ""max_depth"": 6, ""min_child_weight"": 5.09555, ""n_estimators"": 274, ""reg_alpha"": 4.30687, ""reg_lambda"": 0.235585, ""subsample"": 0.920096}",{},{},3,292576.0,0.0,292576.0,292576.0,292576.0,292576.0,3,13435.081087150693,0.0,13435.081087150693,13435.081087150693,13435.081087150693,13435.081087150693,3,0.3833562072437065,6.798699777552591e-17,0.38335620724370656,0.38335620724370656,0.38335620724370634,0.38335620724370667,3,0.46056943189798955,0.0004799460528529179,0.46010947190357926,0.4610671352903354,0.4593771798084919,0.4617616839874872,3,0.5936908211269004,0.0007425463457589438,0.5930348947108096,0.5944970054951904,0.5918462337466782,0.5955354085071226,3,0.23872398049868962,0.00019270686496370812,0.2385034837702233,0.23886014855342774,0.2382452701081201,0.23920269088925913,3,0.23639422561142684,0.0,0.23639422561142684,0.23639422561142684,0.23639422561142684,0.23639422561142684,3,0.4981481481481482,0.013702452395322893,0.4888888888888889,0.5138888888888888,0.4641093694094629,0.5321869268868334,3,0.6153091394790896,0.001715143954405664,0.6135533233483632,0.6169804900884628,0.6110484857008699,0.6195697932573093,3,0.0015675305566481652,4.3117720924052674e-05,0.0015383943009483851,0.0016170621913377912,0.0014604202000559996,0.0016746409132403308
xgb_search_cells_features_params__label_1y_beat_spy__fs0__set0,3/3,label_1y_beat_spy,,1,0,0,"{""class_weight"": 0.5, ""colsample_bytree"": 0.407286, ""gamma"": 0.000106243, ""learning_rate"": 0.0118662, ""max_depth"": 8, ""min_child_weight"": 89.3656, ""n_estimators"": 556, ""reg_alpha"": 0.436331, ""reg_lambda"": 21.3796, ""subsample"": 0.6872}",{},{},3,329925.0,0.0,329925.0,329925.0,329925.0,329925.0,3,28579.475396015943,0.0,28579.475396015943,28579.475396015943,28579.475396015943,28579.475396015943,3,0.42143944387725946,6.798699777552591e-17,0.4214394438772594,0.4214394438772594,0.4214394438772593,0.4214394438772596,3,0.4785515526003475,0.0002754800958131937,0.4782484477492338,0.4787866805612766,0.4778672221055013,0.47923588309519366,3,0.5635194061493439,0.0002800280429051731,0.5633239495393583,0.5638402112124784,0.5628237779276155,0.5642150343710723,3,0.25903294339550226,0.0001176481853849508,0.2589455529559733,0.2591667123563547,0.2587406891014685,0.259325197689536,3,0.24382823902168574,0.0,0.24382823902168574,0.24382823902168574,0.24382823902168574,0.24382823902168574,3,0.49,0.012499999999999983,0.4775,0.5025,0.45894827860312093,0.521051721396879,3,0.588858706553777,0.0003404264016712752,0.5885998956114054,0.5892443400621414,0.58801304049131,0.5897043726162441,3,0.0013967177133735722,3.563055391259107e-05,0.001361087159460981,0.0014323482672861632,0.0013082065107087515,0.001485228916038393
xgb_search_cells_features_params__label_1y_beat_spy__fs1__set2,3/3,label_1y_beat_spy,,1,1,2,"{""class_weight"": 0.1, ""colsample_bytree"": 0.638389, ""gamma"": 0.00994761, ""learning_rate"": 0.0113265, ""max_depth"": 6, ""min_child_weight"": 59.9175, ""n_estimators"": 195, ""reg_alpha"": 0.000140183, ""reg_lambda"": 0.418799, ""subsample"": 0.887142}",{},{},3,329925.0,0.0,329925.0,329925.0,329925.0,329925.0,3,28579.475396015943,0.0,28579.475396015943,28579.475396015943,28579.475396015943,28579.475396015943,3,0.42143944387725946,6.798699777552591e-17,0.4214394438772594,0.4214394438772594,0.4214394438772593,0.4214394438772596,3,0.4820654778907953,0.00039093858574811935,0.48176075756662107,0.4825062684965826,0.48109433260696005,0.48303662317463053,3,0.566293876123242,0.0005402707895184155,0.5659610208164301,0.566917248012362,0.5649517690804422,0.5676359831660418,3,0.34299275187395534,7.047095986742557e-05,0.342926317937883,0.3430666635011999,0.34281769230496545,0.3431678114429452,3,0.24382823902168574,0.0,0.24382823902168574,0.24382823902168574,0.24382823902168574,0.24382823902168574,3,0.48,0.004330127018922197,0.475,0.4825,0.46924336817562634,0.4907566318243736,3,0.23718169366319974,0.00019346631048391171,0.23696605049073696,0.23734003979712726,0.23670109670537345,0.23766229062102603,3,0.0013682132702434989,1.2342785935685869e-05,0.0013539610486784628,0.0013753393810260173,0.0013375520902326,0.0013988744502543978
xgb_search_cells_features_params__label_2y_beat_spy__fs1__set2,3/3,label_2y_beat_spy,,2,1,2,"{""class_weight"": 0.1, ""colsample_bytree"": 0.638389, ""gamma"": 0.00994761, ""learning_rate"": 0.0113265, ""max_depth"": 6, ""min_child_weight"": 59.9175, ""n_estimators"": 195, ""reg_alpha"": 0.000140183, ""reg_lambda"": 0.418799, ""subsample"": 0.887142}",{},{},3,292576.0,0.0,292576.0,292576.0,292576.0,292576.0,3,13435.081087150693,0.0,13435.081087150693,13435.081087150693,13435.081087150693,13435.081087150693,3,0.3833562072437065,6.798699777552591e-17,0.38335620724370656,0.38335620724370656,0.38335620724370634,0.38335620724370667,3,0.4621894586376493,6.257419406920496e-05,0.4621236739190054,0.4622482316433719,0.4620340157223796,0.462344901552919,3,0.5920385505944595,7.051610363086765e-05,0.591961625145561,0.5921001299223596,0.5918633788821444,0.5922137223067747,3,0.30877833072344574,7.305346546433131e-05,0.30872486925905435,0.3088615699743372,0.30859685585491176,0.3089598055919797,3,0.23639422561142684,0.0,0.23639422561142684,0.23639422561142684,0.23639422561142684,0.23639422561142684,3,0.4787037037037037,0.013981174880130998,0.4638888888888889,0.49166666666666664,0.4439725399293939,0.5134348674780135,3,0.2416071882264482,0.0004782687620172042,0.24107442816926372,0.24199952876402273,0.2404191027583691,0.24279527369452727,3,0.0015063444196786269,4.399478131941052e-05,0.0014597264105589791,0.001547135177658319,0.0013970553242828702,0.0016156335150743835
xgb_search_cells_features_params__label_3y_beat_spy__fs1__set2,3/3,label_3y_beat_spy,,3,1,2,"{""class_weight"": 0.1, ""colsample_bytree"": 0.638389, ""gamma"": 0.00994761, ""learning_rate"": 0.0113265, ""max_depth"": 6, ""min_child_weight"": 59.9175, ""n_estimators"": 195, ""reg_alpha"": 0.000140183, ""reg_lambda"": 0.418799, ""subsample"": 0.887142}",{},{},3,256351.0,0.0,256351.0,256351.0,256351.0,256351.0,3,8215.438550146824,0.0,8215.438550146824,8215.438550146824,8215.438550146824,8215.438550146824,3,0.3535010191664152,0.0,0.3535010191664152,0.3535010191664152,0.3535010191664152,0.3535010191664152,3,0.4563110978247023,0.0002567106848146912,0.45610802988336485,0.4565996423140558,0.45567339313154487,0.45694880251785974,3,0.6181880293239671,9.022682218480812e-05,0.6180849118447507,0.6182524709418097,0.6179638934723665,0.6184121651755677,3,0.2797827997925791,6.219533466902597e-05,0.2797172425561556,0.2798409742021543,0.27962829801623285,0.2799373015689253,3,0.22853804861472096,0.0,0.22853804861472096,0.22853804861472096,0.22853804861472096,0.22853804861472096,3,0.471875,0.003124999999999989,0.46875,0.475,0.4641120696507802,0.47963793034921975,3,0.25372392165785035,0.000410923456540663,0.25327200051397086,0.2540751161985099,0.2527031312028149,0.2547447121128858,3,0.0016226090694175799,1.0745755426606516e-05,0.0016118633139909735,0.0016333548248441865,0.0015959151331211008,0.001649303005714059
xgb_search_cells_features_params__label_2y_beat_spy__fs1__set1,3/3,label_2y_beat_spy,,2,1,1,"{""class_weight"": 0.5, ""colsample_bytree"": 0.825382, ""gamma"": 4.79144, ""learning_rate"": 0.126577, ""max_depth"": 6, ""min_child_weight"": 5.09555, ""n_estimators"": 274, ""reg_alpha"": 4.30687, ""reg_lambda"": 0.235585, ""subsample"": 0.920096}",{},{},3,292576.0,0.0,292576.0,292576.0,292576.0,292576.0,3,13435.081087150693,0.0,13435.081087150693,13435.081087150693,13435.081087150693,13435.081087150693,3,0.3833562072437065,6.798699777552591e-17,0.38335620724370656,0.38335620724370656,0.38335620724370634,0.38335620724370667,3,0.460404307737355,0.0007430356496469817,0.45972337075322867,0.4611968222385622,0.45855850485889205,0.462250110615818,3,0.5940412977824807,0.0004805682128962962,0.5936874471851334,0.5945884096872249,0.5928475001617566,0.5952350954032049,3,0.23696641128646165,0.00013593681972022092,0.2368138948329698,0.2370748077694818,0.23662872550617925,0.23730409706674405,3,0.23639422561142684,0.0,0.23639422561142684,0.23639422561142684,0.23639422561142684,0.23639422561142684,3,0.4685185185185185,0.0042431256434776144,0.4638888888888889,0.4722222222222222,0.4579780100918609,0.4790590269451761,3,0.6497011847242161,0.0028633656095357076,0.6464990932908323,0.6520155469576517,0.6425881902310395,0.6568141792173927,3,0.001474294538408869,1.3351909721182968e-05,0.0014597264105589791,0.001485949040688781,0.0014411265559465926,0.0015074625208711455
xgb_search_cells_features_params__label_1y_beat_spy__fs0__set1,3/3,label_1y_beat_spy,,1,0,1,"{""class_weight"": 0.5, ""colsample_bytree"": 0.825382, ""gamma"": 4.79144, ""learning_rate"": 0.126577, ""max_depth"": 6, ""min_child_weight"": 5.09555, ""n_estimators"": 274, ""reg_alpha"": 4.30687, ""reg_lambda"": 0.235585, ""subsample"": 0.920096}",{},{},3,329925.0,0.0,329925.0,329925.0,329925.0,329925.0,3,28579.475396015943,0.0,28579.475396015943,28579.475396015943,28579.475396015943,28579.475396015943,3,0.42143944387725946,6.798699777552591e-17,0.4214394438772594,0.4214394438772594,0.4214394438772593,0.4214394438772596,3,0.4761055622592301,0.00010991863970430022,0.4759909910409295,0.476210146751108,0.47583250922111636,0.4763786152973439,3,0.5601925084483947,0.0001847345797990942,0.5600383538125262,0.5603972733779197,0.5597336023120515,0.560651414584738,3,0.2592001206273876,6.94957728601966e-05,0.2591299946606228,0.25926896857835047,0.2590274835572184,0.25937275769755685,3,0.24382823902168574,0.0,0.24382823902168574,0.24382823902168574,0.24382823902168574,0.24382823902168574,3,0.46416666666666667,0.008779711460710597,0.455,0.4725,0.4423566543288289,0.4859766790045044,3,0.6043383557597796,0.0029323674726647103,0.6012543351203203,0.6070908996462822,0.5970539511362232,0.611622760383336,3,0.0013230812352875503,2.502607860302754e-05,0.001296952162418317,0.0013468349378959446,0.0012609130096525416,0.001385249460922559
xgb_search_cells_features_params__label_1y_beat_spy__fs0__set2,3/3,label_1y_beat_spy,,1,0,2,"{""class_weight"": 0.1, ""colsample_bytree"": 0.638389, ""gamma"": 0.00994761, ""learning_rate"": 0.0113265, ""max_depth"": 6, ""min_child_weight"": 59.9175, ""n_estimators"": 195, ""reg_alpha"": 0.000140183, ""reg_lambda"": 0.418799, ""subsample"": 0.887142}",{},{},3,329925.0,0.0,329925.0,329925.0,329925.0,329925.0,3,28579.475396015943,0.0,28579.475396015943,28579.475396015943,28579.475396015943,28579.475396015943,3,0.42143944387725946,6.798699777552591e-17,0.4214394438772594,0.4214394438772594,0.4214394438772593,0.4214394438772596,3,0.4793593164902414,0.0007338443509683115,0.4787474748586114,0.48017294282582285,0.4775363460634461,0.4811822869170367,3,0.5618244447388087,0.0006707581460152291,0.5613331541130187,0.5625886376688074,0.5601581891328284,0.5634907003447889,3,0.34738898182084377,0.00020581592992379246,0.3472632638651572,0.3476265017380063,0.3468777067076411,0.3479002569340464,3,0.24382823902168574,0.0,0.24382823902168574,0.24382823902168574,0.24382823902168574,0.24382823902168574,3,0.46416666666666667,0.002886751345948131,0.4625,0.4675,0.4569955787837509,0.47133775454958243,3,0.21095346542696158,0.0005663834222954911,0.21029947504401206,0.2112840124219656,0.20954649100832715,0.21236043984559602,3,0.0013230812352875503,8.228523957123997e-06,0.0013183304947658717,0.0013325827163309081,0.0013026404486136175,0.0013435220219614832
xgb_search_cells_features_params__label_2y_beat_spy__fs1__set3,3/3,label_2y_beat_spy,,2,1,3,"{""class_weight"": 0.1, ""colsample_bytree"": 0.765949, ""gamma"": 0.000139965, ""learning_rate"": 0.0114436, ""max_depth"": 8, ""min_child_weight"": 7.50202, ""n_estimators"": 1069, ""reg_alpha"": 3.75825, ""reg_lambda"": 0.186001, ""subsample"": 0.954949}",{},{},3,292576.0,0.0,292576.0,292576.0,292576.0,292576.0,3,13435.081087150693,0.0,13435.081087150693,13435.081087150693,13435.081087150693,13435.081087150693,3,0.3833562072437065,6.798699777552591e-17,0.38335620724370656,0.38335620724370656,0.38335620724370634,0.38335620724370667,3,0.4621876263280961,0.00018271054735261196,0.4620694090575531,0.46239806788054993,0.46173374816708296,0.4626415044891093,3,0.5990853454400891,8.23877148177035e-05,0.5990204795216929,0.5991780448495381,0.5988806830107255,0.5992900078694526,3,0.30939168466084793,5.971907404276607e-05,0.3093237098775706,0.30943571891435095,0.3092433342569075,0.3095400350647884,3,0.23639422561142684,0.0,0.23639422561142684,0.23639422561142684,0.23639422561142684,0.23639422561142684,3,0.46388888888888885,0.007349309197401636,0.4583333333333333,0.4722222222222222,0.4456321927563099,0.4821455850214678,3,0.3960335739232876,0.0004774605970871764,0.39553790104885894,0.3964904556257857,0.3948474960481885,0.3972196517983867,3,0.001459726410558979,2.3126186015161823e-05,0.001442244657139111,0.001485949040688781,0.0014022777797497623,0.0015171750413681955
xgb_search_cells_features_params__label_1y_beat_spy__fs0__set4,3/3,label_1y_beat_spy,,1,0,4,"{""class_weight"": 0.1, ""colsample_bytree"": 0.607408, ""gamma"": 0.342094, ""learning_rate"": 0.0165055, ""max_depth"": 5, ""min_child_weight"": 7.1194, ""n_estimators"": 517, ""reg_alpha"": 5.39125, ""reg_lambda"": 0.0251088, ""subsample"": 0.631728}",{},{},3,329925.0,0.0,329925.0,329925.0,329925.0,329925.0,3,28579.475396015943,0.0,28579.475396015943,28579.475396015943,28579.475396015943,28579.475396015943,3,0.42143944387725946,6.798699777552591e-17,0.4214394438772594,0.4214394438772594,0.4214394438772593,0.4214394438772596,3,0.47649425778131144,0.00046677390373917824,0.47620977021533645,0.47703295836625365,0.475334727124172,0.47765378843845085,3,0.5607091670629506,0.00017029513075296658,0.560593696987022,0.5609047441399739,0.5602861305065197,0.5611322036193815,3,0.3542802798902067,0.00012131429746403211,0.35414487323677346,0.35437906275076303,0.35397891846890184,0.3545816413115116,3,0.24382823902168574,0.0,0.24382823902168574,0.24382823902168574,0.24382823902168574,0.24382823902168574,3,0.46249999999999997,0.00901387818865995,0.455,0.4725,0.440108285262426,0.4848917147375739,3,0.24474283409615358,0.00021826994853600372,0.24449822667986154,0.24491774179041387,0.2442006214856535,0.24528504670665366,3,0.0013183304947658717,2.569355782100631e-05,0.001296952162418317,0.0013468349378959446,0.0012545041588336722,0.0013821568306980711
xgb_search_cells_features_params__label_1y_beat_spy__fs1__set1,3/3,label_1y_beat_spy,,1,1,1,"{""class_weight"": 0.5, ""colsample_bytree"": 0.825382, ""gamma"": 4.79144, ""learning_rate"": 0.126577, ""max_depth"": 6, ""min_child_weight"": 5.09555, ""n_estimators"": 274, ""reg_alpha"": 4.30687, ""reg_lambda"": 0.235585, ""subsample"": 0.920096}",{},{},3,329925.0,0.0,329925.0,329925.0,329925.0,329925.0,3,28579.475396015943,0.0,28579.475396015943,28579.475396015943,28579.475396015943,28579.475396015943,3,0.42143944387725946,6.798699777552591e-17,0.4214394438772594,0.4214394438772594,0.4214394438772593,0.4214394438772596,3,0.4813295710025754,0.00046337902083791644,0.4808346579479793,0.48175314089746796,0.480178473702078,0.4824806683030728,3,0.5674858834764933,0.0003842110430253325,0.5670707712328433,0.567829010592493,0.5665314503352431,0.5684403166177435,3,0.25329383697617014,0.0001125909601212787,0.2532056911181555,0.2534206713399595,0.2530141455261307,0.25357352842620956,3,0.24382823902168574,0.0,0.24382823902168574,0.24382823902168574,0.24382823902168574,0.24382823902168574,3,0.45916666666666667,0.020966242709015193,0.435,0.4725,0.40708363247949164,0.5112497008538417,3,0.6488392496854067,0.0019849854885272433,0.6474539706110954,0.6511133185774088,0.6439082723760791,0.6537702269947344,3,0.0013088290137225139,5.9763107295043046e-05,0.001239943276158171,0.0013468349378959446,0.0011603692251195162,0.0014572888023255115
xgb_search_cells_features_params__label_2y_beat_spy__fs1__set4,3/3,label_2y_beat_spy,,2,1,4,"{""class_weight"": 0.1, ""colsample_bytree"": 0.607408, ""gamma"": 0.342094, ""learning_rate"": 0.0165055, ""max_depth"": 5, ""min_child_weight"": 7.1194, ""n_estimators"": 517, ""reg_alpha"": 5.39125, ""reg_lambda"": 0.0251088, ""subsample"": 0.631728}",{},{},3,292576.0,0.0,292576.0,292576.0,292576.0,292576.0,3,13435.081087150693,0.0,13435.081087150693,13435.081087150693,13435.081087150693,13435.081087150693,3,0.3833562072437065,6.798699777552591e-17,0.38335620724370656,0.38335620724370656,0.38335620724370634,0.38335620724370667,3,0.4593836354360399,0.00022758476068060842,0.459191923061415,0.4596351502156491,0.4588182835494135,0.45994898732266626,3,0.5920764191288322,0.00017597896908907583,0.5919024579106515,0.5922543487263088,0.5916392631352432,0.5925135751224213,3,0.3116399050945282,1.848557174953813e-05,0.3116265506252777,0.31166100314661244,0.3115939843886219,0.3116858258004345,3,0.23639422561142684,0.0,0.23639422561142684,0.23639422561142684,0.23639422561142684,0.23639422561142684,3,0.45462962962962966,0.0042431256434776144,0.45,0.4583333333333333,0.44408912120297206,0.46517013805628726,3,0.29650087887766186,0.0013294527916052797,0.29512020916574533,0.29777238331735134,0.2931983350620434,0.2998034226932803,3,0.001430590154859199,1.3351909721182968e-05,0.0014160220270093091,0.001442244657139111,0.0013974221723969226,0.0014637581373214755
xgb_search_cells_features_params__label_1y_beat_spy__fs1__set0,3/3,label_1y_beat_spy,,1,1,0,"{""class_weight"": 0.5, ""colsample_bytree"": 0.407286, ""gamma"": 0.000106243, ""learning_rate"": 0.0118662, ""max_depth"": 8, ""min_child_weight"": 89.3656, ""n_estimators"": 556, ""reg_alpha"": 0.436331, ""reg_lambda"": 21.3796, ""subsample"": 0.6872}",{},{},3,329925.0,0.0,329925.0,329925.0,329925.0,329925.0,3,28579.475396015943,0.0,28579.475396015943,28579.475396015943,28579.475396015943,28579.475396015943,3,0.42143944387725946,6.798699777552591e-17,0.4214394438772594,0.4214394438772594,0.4214394438772593,0.4214394438772596,3,0.4839220479988817,0.00012513025539933852,0.4837853907525162,0.4840310113187921,0.4836112072125633,0.48423288878520016,3,0.5708707465231989,0.0001438677284878257,0.5707179199644663,0.5710035597627576,0.5705133592733584,0.5712281337730394,3,0.2526605377113889,1.4653808011712332e-05,0.2526464579184408,0.25267570494827346,0.25262413563428626,0.25269693978849156,3,0.24382823902168574,0.0,0.24382823902168574,0.24382823902168574,0.24382823902168574,0.24382823902168574,3,0.45249999999999996,0.006614378277661483,0.4475,0.46,0.43606897348067886,0.46893102651932106,3,0.6495772328227758,0.00042481157019550755,0.6490870297700166,0.6498378454893827,0.6485219423808652,0.6506325232646863,3,0.0012898260516357987,1.8853916945639135e-05,0.0012755738300707622,0.0013112043839833534,0.001242990325536928,0.0013366617777346695
xgb_search_cells_features_params__label_1y_beat_spy__fs1__set4,3/3,label_1y_beat_spy,,1,1,4,"{""class_weight"": 0.1, ""colsample_bytree"": 0.607408, ""gamma"": 0.342094, ""learning_rate"": 0.0165055, ""max_depth"": 5, ""min_child_weight"": 7.1194, ""n_estimators"": 517, ""reg_alpha"": 5.39125, ""reg_lambda"": 0.0251088, ""subsample"": 0.631728}",{},{},3,329925.0,0.0,329925.0,329925.0,329925.0,329925.0,3,28579.475396015943,0.0,28579.475396015943,28579.475396015943,28579.475396015943,28579.475396015943,3,0.42143944387725946,6.798699777552591e-17,0.4214394438772594,0.4214394438772594,0.4214394438772593,0.4214394438772596,3,0.4817131860942721,2.8358865656303372e-05,0.4816871476069129,0.48174340194062043,0.4816427387666328,0.4817836334219114,3,0.5675782558574697,5.5072239408478425e-05,0.567519967650369,0.5676294184813656,0.5674414488306846,0.5677150628842548,3,0.34655524003912747,4.8386667914272406e-05,0.34651212868404346,0.34660757440944484,0.3464350408926157,0.34667543918563926,3,0.24382823902168574,0.0,0.24382823902168574,0.24382823902168574,0.24382823902168574,0.24382823902168574,3,0.45,0.009013878188659981,0.44,0.4575,0.427608285262426,0.472391714737574,3,0.29457885383317867,0.0006266689227471296,0.29388874273747206,0.2951123873516917,0.2930221219294006,0.29613558573695675,3,0.0012826999408532805,2.569355782100631e-05,0.0012541954977232075,0.0013040782732008352,0.001218873604921081,0.00134652627678548
xgb_search_cells_features_params__label_1y_beat_spy__fs0__set3,3/3,label_1y_beat_spy,,1,0,3,"{""class_weight"": 0.1, ""colsample_bytree"": 0.765949, ""gamma"": 0.000139965, ""learning_rate"": 0.0114436, ""max_depth"": 8, ""min_child_weight"": 7.50202, ""n_estimators"": 1069, ""reg_alpha"": 3.75825, ""reg_lambda"": 0.186001, ""subsample"": 0.954949}",{},{},3,329925.0,0.0,329925.0,329925.0,329925.0,329925.0,3,28579.475396015943,0.0,28579.475396015943,28579.475396015943,28579.475396015943,28579.475396015943,3,0.42143944387725946,6.798699777552591e-17,0.4214394438772594,0.4214394438772594,0.4214394438772593,0.4214394438772596,3,0.4820095454458487,0.0002823755308647902,0.4817608263574335,0.4823164975740366,0.48130808574075196,0.4827110051509454,3,0.5674456403626137,0.00018317825038524922,0.5672711750099562,0.5676364377624528,0.5669906003628592,0.5679006803623682,3,0.35227650982217873,0.00011330559768292664,0.35215522754116874,0.3523796493709015,0.3519950431140222,0.35255797653033527,3,0.24382823902168574,0.0,0.24382823902168574,0.24382823902168574,0.24382823902168574,0.24382823902168574,3,0.4458333333333333,0.014648663192705802,0.435,0.4625,0.40944403666960383,0.4822226299970628,3,0.29697105995068945,0.0009209747357169869,0.29622035786509515,0.2979987370222807,0.2946832318781256,0.2992588880232533,3,0.0012708230895490833,4.175519869080749e-05,0.001239943276158171,0.0013183304947658717,0.0011670974258196204,0.0013745487532785463
xgb_search_cells_features_params__label_1y_beat_spy__fs1__set3,3/3,label_1y_beat_spy,,1,1,3,"{""class_weight"": 0.1, ""colsample_bytree"": 0.765949, ""gamma"": 0.000139965, ""learning_rate"": 0.0114436, ""max_depth"": 8, ""min_child_weight"": 7.50202, ""n_estimators"": 1069, ""reg_alpha"": 3.75825, ""reg_lambda"": 0.186001, ""subsample"": 0.954949}",{},{},3,329925.0,0.0,329925.0,329925.0,329925.0,329925.0,3,28579.475396015943,0.0,28579.475396015943,28579.475396015943,28579.475396015943,28579.475396015943,3,0.42143944387725946,6.798699777552591e-17,0.4214394438772594,0.4214394438772594,0.4214394438772593,0.4214394438772596,3,0.4842694834573675,5.259070910759161e-05,0.48420972578444915,0.48430871900692374,0.4841388408935856,0.48440012602114935,3,0.571986723231935,7.352452150853733e-05,0.57191140865571,0.572058316359791,0.5718040781953172,0.5721693682685528,3,0.34374228869729945,4.079435937024293e-05,0.3436959252799547,0.34377268184865106,0.3436409498907611,0.3438436275038378,3,0.24382823902168574,0.0,0.24382823902168574,0.24382823902168574,0.24382823902168574,0.24382823902168574,3,0.445,0.006614378277661482,0.44,0.4525,0.4285689734806789,0.4614310265193211,3,0.37823009585340817,0.0008552177426892994,0.37727562956511973,0.37892674405127763,0.37610561720703567,0.38035457449978066,3,0.001268447719288244,1.885391694563914e-05,0.0012541954977232075,0.0012898260516357987,0.0012216119931893732,0.0013152834453871148
xgb_search_cells_features_params__label_3y_beat_spy__fs1__set3,3/3,label_3y_beat_spy,,3,1,3,"{""class_weight"": 0.1, ""colsample_bytree"": 0.765949, ""gamma"": 0.000139965, ""learning_rate"": 0.0114436, ""max_depth"": 8, ""min_child_weight"": 7.50202, ""n_estimators"": 1069, ""reg_alpha"": 3.75825, ""reg_lambda"": 0.186001, ""subsample"": 0.954949}",{},{},3,256351.0,0.0,256351.0,256351.0,256351.0,256351.0,3,8215.438550146824,0.0,8215.438550146824,8215.438550146824,8215.438550146824,8215.438550146824,3,0.3535010191664152,0.0,0.3535010191664152,0.3535010191664152,0.3535010191664152,0.3535010191664152,3,0.45467154947278815,9.28799091800482e-05,0.45457541554983133,0.4547607914166223,0.45444082298773003,0.45490227595784627,3,0.6230047158957881,0.00011850797857435898,0.6229081546565445,0.6231369672620577,0.6227103257570682,0.623299106034508,3,0.2797704982641092,3.224791687379964e-05,0.2797475464976439,0.2798073678563028,0.2796903899976776,0.27985060653054084,3,0.22853804861472096,0.0,0.22853804861472096,0.22853804861472096,0.22853804861472096,0.22853804861472096,3,0.43124999999999997,0.008267972847076848,0.421875,0.4375,0.4107112168508486,0.45178878314915133,3,0.4517246009316295,0.0007711907444566288,0.4510577217675745,0.45256910733878614,0.449808856920372,0.4536403449428871,3,0.001482914248871696,2.8430596508323548e-05,0.0014506769825918763,0.0015044057597249087,0.0014122887319178122,0.0015535397658255796
xgb_search_cells_features_params__label_2y_beat_spy__fs1__set0,3/3,label_2y_beat_spy,,2,1,0,"{""class_weight"": 0.5, ""colsample_bytree"": 0.407286, ""gamma"": 0.000106243, ""learning_rate"": 0.0118662, ""max_depth"": 8, ""min_child_weight"": 89.3656, ""n_estimators"": 556, ""reg_alpha"": 0.436331, ""reg_lambda"": 21.3796, ""subsample"": 0.6872}",{},{},3,292576.0,0.0,292576.0,292576.0,292576.0,292576.0,3,13435.081087150693,0.0,13435.081087150693,13435.081087150693,13435.081087150693,13435.081087150693,3,0.3833562072437065,6.798699777552591e-17,0.38335620724370656,0.38335620724370656,0.38335620724370634,0.38335620724370667,3,0.4625370188676769,4.233430901753096e-05,0.4624997221509554,0.46258303344447094,0.46243185461414554,0.46264218312120825,3,0.5973882383125052,0.00020245446831289462,0.5971549028568501,0.5975173050560416,0.5968853135328568,0.5978911630921536,3,0.23674872239796194,3.235840960128011e-05,0.23671833143942236,0.23678274230022975,0.23666833965237913,0.23682910514354474,3,0.23639422561142684,0.0,0.23639422561142684,0.23639422561142684,0.23639422561142684,0.23639422561142684,3,0.42870370370370375,0.010516496936667168,0.4166666666666667,0.4361111111111111,0.40257927706782204,0.45482813033958547,3,0.6668188444166271,0.0002702298821138243,0.6665472532312076,0.6670876921051079,0.6661475561756263,0.6674901326576279,3,0.0013490086388998148,3.3092425131770236e-05,0.001311131506490101,0.001372317643459639,0.00126680249765671,0.0014312147801429198
xgb_search_cells_features_params__label_3y_beat_spy__fs1__set4,3/3,label_3y_beat_spy,,3,1,4,"{""class_weight"": 0.1, ""colsample_bytree"": 0.607408, ""gamma"": 0.342094, ""learning_rate"": 0.0165055, ""max_depth"": 5, ""min_child_weight"": 7.1194, ""n_estimators"": 517, ""reg_alpha"": 5.39125, ""reg_lambda"": 0.0251088, ""subsample"": 0.631728}",{},{},3,256351.0,0.0,256351.0,256351.0,256351.0,256351.0,3,8215.438550146824,0.0,8215.438550146824,8215.438550146824,8215.438550146824,8215.438550146824,3,0.3535010191664152,0.0,0.3535010191664152,0.3535010191664152,0.3535010191664152,0.3535010191664152,3,0.45433855206413853,4.08813677882215e-05,0.4543093527774379,0.45438527393459666,0.4542369971167079,0.45444010701156917,3,0.6181480824351292,0.00012280421060515057,0.6180587429480023,0.6182881184000306,0.6178430198644033,0.6184531450058551,3,0.28174207619488945,8.26463189240818e-05,0.28167408491719137,0.2818340658304057,0.2815367713573128,0.2819473810324661,3,0.22853804861472096,0.0,0.22853804861472096,0.22853804861472096,0.22853804861472096,0.22853804861472096,3,0.425,0.0162379763209582,0.415625,0.44375,0.38466263065859885,0.46533736934140113,3,0.3318857185697804,0.0005289889230185906,0.3313509166706353,0.3324086962733418,0.3305716372370117,0.33319979990254905,3,0.0014614227380184827,5.58365830937742e-05,0.0014291854717386632,0.0015258972705781216,0.0013227169762599572,0.0016001284997770081
xgb_search_cells_features_params__label_3y_beat_spy__fs1__set0,3/3,label_3y_beat_spy,,3,1,0,"{""class_weight"": 0.5, ""colsample_bytree"": 0.407286, ""gamma"": 0.000106243, ""learning_rate"": 0.0118662, ""max_depth"": 8, ""min_child_weight"": 89.3656, ""n_estimators"": 556, ""reg_alpha"": 0.436331, ""reg_lambda"": 21.3796, ""subsample"": 0.6872}",{},{},3,256351.0,0.0,256351.0,256351.0,256351.0,256351.0,3,8215.438550146824,0.0,8215.438550146824,8215.438550146824,8215.438550146824,8215.438550146824,3,0.3535010191664152,0.0,0.3535010191664152,0.3535010191664152,0.3535010191664152,0.3535010191664152,3,0.455900280107181,6.375840574077416e-05,0.45585156168823426,0.4559724412103836,0.45574189544703925,0.4560586647673227,3,0.6231697445822594,3.6518962044567983e-05,0.6231327590735964,0.6232057783941565,0.6230790264514505,0.6232604627130682,3,0.22210424270669546,3.4699349481072304e-05,0.22206904804723754,0.2221384245718005,0.22201804474407633,0.2221904406693146,3,0.22853804861472096,0.0,0.22853804861472096,0.22853804861472096,0.22853804861472096,0.22853804861472096,3,0.40729166666666666,0.0036084391824351483,0.403125,0.409375,0.398327806813022,0.41625552652031134,3,0.7010086329653858,0.0007890003463525092,0.7001171698793769,0.7016171272844076,0.6990486474504275,0.7029686184803442,3,0.0014005301239343791,1.2408129576394306e-05,0.0013862024500322372,0.0014076939608854502,0.0013697066213213733,0.001431353626547385
xgb_search_cells_features_params__label_3y_beat_spy__fs1__set1,3/3,label_3y_beat_spy,,3,1,1,"{""class_weight"": 0.5, ""colsample_bytree"": 0.825382, ""gamma"": 4.79144, ""learning_rate"": 0.126577, ""max_depth"": 6, ""min_child_weight"": 5.09555, ""n_estimators"": 274, ""reg_alpha"": 4.30687, ""reg_lambda"": 0.235585, ""subsample"": 0.920096}",{},{},3,256351.0,0.0,256351.0,256351.0,256351.0,256351.0,3,8215.438550146824,0.0,8215.438550146824,8215.438550146824,8215.438550146824,8215.438550146824,3,0.3535010191664152,0.0,0.3535010191664152,0.3535010191664152,0.3535010191664152,0.3535010191664152,3,0.4544570500280278,0.0005477029507648023,0.45402675564447603,0.4550735867810647,0.453096480473196,0.45581761958285955,3,0.6206179619973488,0.0004505177199296473,0.6201600488396783,0.6210607008743165,0.6194988139394597,0.6217371100552378,3,0.22191628151484108,0.0001313965050592366,0.2217670398121143,0.22201457148463305,0.22158987450143125,0.2222426885282509,3,0.22853804861472096,0.0,0.22853804861472096,0.22853804861472096,0.22853804861472096,0.22853804861472096,3,0.3947916666666667,0.02080727537024809,0.371875,0.4125,0.3431035292406596,0.4464798040926738,3,0.6722115837037563,0.0004699337269490432,0.6717572508379817,0.6726957013830542,0.6710442036106188,0.6733789637968939,3,0.0013575471022279533,7.15487655112765e-05,0.0012787448957661725,0.0014184397163120568,0.00117981011559221,0.0015352840888636966
