date,ticker,n_investable,combined_pos,pos_forest,pos_mom,pos_roc,vol_36m_rank,vol_12m_rank,roc_greenblatt_rank,mom_12_2_rank,log_marketcap_rank
2019-01-02,AVGO,3003,1010,1043,2140,336,0.2979192938209332,0.3896512292738708,0.8772344013490725,0.28650057937427575,0.987293863206272
2019-01-02,V,3003,12,292,543,61,0.056116015132408575,0.09605488850771869,0.9747048903878583,0.8218424101969872,0.9981075966477426
2019-01-02,ORCL,3003,360,227,1411,579,0.08638083228247162,0.14665523156089194,0.7892074198988196,0.5431633835457705,0.9943227899432279
2019-01-02,META,3003,1157,1387,1984,391,0.25504413619167715,0.42538593481989706,0.8569983136593592,0.3415411355735805,0.998918626655853
2019-01-02,TSLA,3003,2456,2335,2175,1870,0.567780580075662,0.7001143510577473,0.28735244519392916,0.27520278099652373,0.9767504731008381
2019-01-02,GOOGL,3003,468,534,1137,772,0.09110970996216898,0.198399085191538,0.7214165261382799,0.6315179606025493,0.9991889699918897
2019-01-02,MA,3003,44,452,628,67,0.08133669609079446,0.18496283590623214,0.9723440134907251,0.794611819235226,0.9956745066234117
2019-01-02,NFLX,3003,438,1987,186,222,0.4911727616645649,0.547455688965123,0.9173693086003373,0.9377172653534183,0.991889699918897
2019-01-02,NVDA,3003,768,1624,1059,341,0.5293190416141236,0.5294453973699257,0.8755480607082631,0.656720741599073,0.9910786699107867
2019-01-02,AMZN,3003,449,989,531,894,0.2635561160151324,0.37392795883361923,0.67858347386172,0.8258980301274623,0.9994593133279265
2019-01-02,COST,3003,158,178,771,730,0.04886506935687263,0.08118925100057175,0.7369308600337268,0.7473928157589803,0.9878345498783455
2019-01-02,MSFT,3003,172,446,721,569,0.10813366960907944,0.2086906803887936,0.7925801011804384,0.7639049826187717,0.9997296566639632
2019-01-02,HD,3003,99,147,1087,196,0.03562421185372005,0.09291023441966838,0.9264755480607083,0.6480301274623407,0.9951338199513382
2019-01-02,AAPL,3003,56,412,740,56,0.12515762925598992,0.19439679817038308,0.9763912310286678,0.757531865585168,1.0
2019-01-02,JNJ,3003,216,124,1474,248,0.004728877679697352,0.04774156660949114,0.9086003372681282,0.5220162224797219,0.9986482833198161
2019-01-02,WMT,3003,504,277,982,1247,0.09016393442622951,0.18238993710691823,0.5440134907251265,0.6822132097334879,0.9978372533117059
2019-01-02,PG,3003,243,98,1729,102,0.005044136191677175,0.043167524299599774,0.9602023608768971,0.4296060254924681,0.9970262233035956
2019-01-02,LLY,3003,187,263,578,931,0.09394703656998739,0.09576901086335049,0.6650927487352445,0.8102549246813442,0.9908083265747499
2019-01-02,XOM,3003,598,126,1305,1272,0.034047919293820936,0.06746712407089765,0.5352445193929174,0.578505214368482,0.9983779399837794
2020-01-02,AVGO,2980,187,818,601,133,0.30522979397781297,0.2861230329041488,0.9488636363636364,0.8155844155844156,0.989100817438692
2020-01-02,V,2980,69,327,742,50,0.07606973058637084,0.12589413447782546,0.9786096256684492,0.7728715728715728,0.9986376021798365
2020-01-02,ORCL,2980,248,249,1198,270,0.1074484944532488,0.12074391988555079,0.901403743315508,0.6340548340548341,0.9934604904632153
2020-01-02,META,2980,558,1002,894,555,0.29064976228209194,0.2932761087267525,0.8018048128342246,0.7287157287157288,0.9989100817438692
2020-01-02,TSLA,2980,2026,1839,1841,1655,0.6060221870047544,0.5811158798283261,0.39204545454545453,0.40663780663780663,0.9773841961852862
2020-01-02,GOOGL,2980,474,461,1109,714,0.14484944532488114,0.1811158798283262,0.7459893048128342,0.6623376623376623,0.9994550408719346
2020-01-02,MA,2980,49,524,480,49,0.12646592709984153,0.19599427753934193,0.9789438502673797,0.8536796536796537,0.997275204359673
2020-01-02,NFLX,2980,2044,1638,1258,2480,0.43613312202852617,0.3771101573676681,,0.6144300144300144,0.9907356948228883
2020-01-02,NVDA,2980,1257,1684,1408,728,0.5920760697305864,0.5773962804005722,0.740975935828877,0.5624819624819625,0.9896457765667575
2020-01-02,AMZN,2980,994,979,1502,875,0.2491283676703645,0.3424892703862661,0.6871657754010695,0.5316017316017316,0.999182561307902
2020-01-02,COST,2980,158,163,668,637,0.06973058637083994,0.0949928469241774,0.7737299465240641,0.7948051948051948,0.9912806539509537
2020-01-02,MSFT,2980,116,361,511,448,0.11759112519809825,0.14277539341917025,0.8405748663101604,0.8441558441558441,0.9997275204359674
2020-01-02,HD,2980,102,117,903,239,0.05293185419968304,0.09871244635193133,0.9120989304812834,0.7261183261183262,0.9959128065395095
2020-01-02,AAPL,2980,73,559,429,150,0.1746434231378764,0.2334763948497854,0.9431818181818182,0.868975468975469,1.0
2020-01-02,JNJ,2980,423,177,1804,182,0.03613312202852615,0.08755364806866953,0.9318181818181818,0.4225108225108225,0.9983651226158038
2020-01-02,WMT,2980,176,108,622,776,0.0659270998415214,0.03175965665236052,0.723596256684492,0.8092352092352092,0.9980926430517711
2020-01-02,PG,2980,5,83,458,222,0.018700475435816166,0.05178826895565093,0.9177807486631016,0.8603174603174604,0.9978201634877384
2020-01-02,LLY,2980,327,256,1548,128,0.10427892234548336,0.11816881258941345,0.9505347593582888,0.5151515151515151,0.9869209809264305
2020-01-02,XOM,2980,968,328,1755,1211,0.041838351822503964,0.07553648068669527,0.5625,0.440981240981241,0.9975476839237057
2021-01-04,AVGO,3133,188,501,793,258,0.22204773869346733,0.20516499282639886,0.90703098967011,0.735881841876629,0.9896747547754259
2021-01-04,V,3133,86,102,1038,73,0.05119346733668342,0.08550932568149211,0.9713428857047651,0.6573993628728642,0.9987093443469283
2021-01-04,ORCL,3133,206,90,1251,274,0.040515075376884424,0.05796269727403156,0.9016994335221593,0.5893426006371272,0.9925141972121838
2021-01-04,META,3133,127,345,605,411,0.1865577889447236,0.1230989956958393,0.85404865044985,0.7964089197799016,0.9989674754775426
2021-01-04,TSLA,3133,727,1641,9,1144,0.6253140703517588,0.6350071736011478,0.5811396201266245,0.9973935708079931,0.9984512132163139
2021-01-04,GOOGL,3133,194,142,848,592,0.05621859296482412,0.047058823529411764,0.7890703098967011,0.7185056472632494,0.999225606608157
2021-01-04,MA,3133,110,330,882,87,0.12374371859296482,0.15265423242467718,0.9666777740753082,0.7069215175209962,0.9974186886938565
2021-01-04,NFLX,3133,114,823,451,40,0.2597361809045226,0.12711621233859396,0.9830056647784072,0.8488271068635969,0.9948373773877129
2021-01-04,NVDA,3133,106,745,174,363,0.4042085427135678,0.28895265423242467,0.870376541152949,0.9415001448016218,0.9971605575632422
2021-01-04,AMZN,3133,84,154,354,698,0.09484924623115577,0.04820659971305596,0.7510829723425525,0.8809730668983493,0.9994837377387713
2021-01-04,COST,3133,198,22,987,580,0.0021984924623115578,0.016642754662840747,0.793402199266911,0.6744859542426875,0.9917398038203408
2021-01-04,MSFT,3133,38,166,526,290,0.07977386934673367,0.09956958393113342,0.8960346551149617,0.8230524181870837,0.9997418688693857
2021-01-04,HD,3133,55,124,764,210,0.05559045226130653,0.10932568149210904,0.9240253248917027,0.7448595424268751,0.9969024264326277
2021-01-04,AAPL,3133,2,275,318,68,0.12719849246231155,0.1259684361549498,0.9730089970009996,0.893136403127715,1.0
2021-01-04,JNJ,3133,80,44,1008,136,0.00314070351758794,0.018651362984218076,0.9500166611129623,0.6675354763973357,0.9979349509550852
2021-01-04,WMT,3133,87,29,761,426,0.005967336683417085,0.020373027259684363,0.8483838720426524,0.7457283521575442,0.9981930820856996
2021-01-04,PG,3133,52,18,1007,53,0.0037688442211055275,0.02381635581061693,0.9780073308897035,0.667825079640892,0.9976768198244709
2021-01-04,LLY,3133,69,159,814,180,0.03706030150753769,0.06571018651362984,0.9346884371876041,0.7292209672748334,0.9881259679917398
2021-01-04,XOM,3133,1742,1145,2470,1255,0.09987437185929648,0.17905308464849354,0.5341552815728091,0.1476976542137272,0.9901910170366546
2022-01-03,AVGO,3693,129,363,1269,175,0.17306482064191314,0.1598173515981735,0.9382945736434108,0.6035353535353535,0.9936500985329538
2022-01-03,V,3693,426,237,2213,72,0.05380742605412209,0.12033306473274241,0.9717829457364341,0.3106060606060606,0.9984672651631268
2022-01-03,ORCL,3693,13,37,841,292,0.039962240402769036,0.09803921568627451,0.9007751937984496,0.7382154882154882,0.9956207576089336
2022-01-03,META,3693,619,477,1972,399,0.13845185651353054,0.18855761482675262,0.8632558139534884,0.38496071829405165,0.9989051894022334
2022-01-03,TSLA,3693,1041,1733,572,1259,0.5969162995594713,0.5522428149341928,0.5724031007751939,0.8209876543209876,0.9991241515217867
2022-01-03,GOOGL,3693,40,217,798,434,0.04971680302076778,0.12543647596024712,0.8524031007751938,0.7511223344556678,0.9995620757608934
2022-01-03,MA,3693,598,400,2365,44,0.13247325361862808,0.1890948160085952,0.9813953488372092,0.25982042648709314,0.9973724545653602
2022-01-03,NFLX,3693,775,953,2123,29,0.20956576463184393,0.27800161160354553,0.9863565891472869,0.3378226711560045,0.9967155682067003
2022-01-03,NVDA,3693,151,1092,292,476,0.3458149779735683,0.44050496911093207,0.838139534883721,0.9093714927048261,0.9986862272826801
2022-01-03,AMZN,3693,1000,349,2234,912,0.08275645059786028,0.13940370668815472,0.6920930232558139,0.30443322109988774,0.9993431136413401
2022-01-03,COST,3693,341,19,1681,666,0.0015733165512901196,0.030083266183185603,0.7748837209302326,0.4778338945005612,0.9938690606525071
2022-01-03,MSFT,3693,92,127,1254,319,0.06356198867212083,0.05989793177544991,0.8917829457364341,0.6080246913580247,1.0
2022-01-03,HD,3693,103,6,1556,174,0.0500314663310258,0.040290088638195005,0.9386046511627907,0.5157126823793491,0.9978103788044669
2022-01-03,AAPL,3693,193,228,1748,24,0.12208936438011328,0.1332258930969648,0.9885271317829457,0.4565095398428732,0.9997810378804467
2022-01-03,JNJ,3693,236,33,1885,208,0.0022026431718061676,0.025248455546602204,0.9277519379844962,0.41442199775533106,0.9982483030435735
2022-01-03,WMT,3693,997,75,2472,944,0.0009439899307740718,0.027934461455815202,0.6815503875968992,0.2222222222222222,0.9980293409240202
2022-01-03,PG,3693,297,4,2246,30,0.0025173064820641915,0.020950846091861403,0.986046511627907,0.3002244668911336,0.9975914166849135
2022-01-03,LLY,3693,9,253,625,265,0.07835116425424796,0.26376578028471664,0.9094573643410853,0.8041526374859708,0.995182833369827
2022-01-03,XOM,3693,869,661,932,1673,0.14505978602894903,0.20494225087295193,0.4244961240310077,0.7087542087542088,0.995839719728487
2023-01-03,AVGO,3673,410,460,1601,122,0.17436708860759495,0.31636863823933975,0.9464733760802899,0.5415581340279422,0.9946725860155383
2023-01-03,V,3673,85,178,942,99,0.07151898734177216,0.21435121503897295,0.9537217730694173,0.7108690504380772,0.9984461709211987
2023-01-03,ORCL,3673,1492,246,1318,3074,0.07183544303797468,0.2737276478679505,,0.6137816717973005,0.9951165371809101
2023-01-03,META,3673,1941,1940,2842,712,0.31740506329113927,0.6130215497478221,0.779202676331196,0.21738100876154393,0.9966703662597114
2023-01-03,TSLA,3673,1633,1987,2294,752,0.5936708860759494,0.6070609812012838,0.7674937273487594,0.3651432630831163,0.9991120976692563
2023-01-03,GOOGL,3673,874,477,2052,564,0.0800632911392405,0.3182026593305823,0.8207415667688877,0.4267108690504381,0.9995560488346282
2023-01-03,MA,3673,292,337,1539,68,0.12848101265822784,0.2666208161393856,0.9623640925564538,0.5581340279422212,0.9971143174250833
2023-01-03,NFLX,3673,1425,1845,2587,61,0.38259493670886074,0.6850068775790922,0.9643155840535266,0.2877101586549846,0.9891231964483906
2023-01-03,NVDA,3673,1477,1599,2302,719,0.41550632911392404,0.5889500229252637,0.7772511848341233,0.3632488752071987,0.9980022197558268
2023-01-03,AMZN,3673,1529,1209,1978,1590,0.14936708860759493,0.4571297569922054,0.5243936437134096,0.4454179493251243,0.9993340732519422
2023-01-03,COST,3673,95,139,393,747,0.007278481012658228,0.2164144887666208,0.7688876498466686,0.9085957849869761,0.995338512763596
2023-01-03,MSFT,3673,608,349,1891,328,0.08259493670886076,0.27602017423200365,0.8876498466685252,0.46696661141368695,0.9997780244173141
2023-01-03,HD,3673,348,202,1613,248,0.07246835443037974,0.23016964695093994,0.909952606635071,0.5380061567605967,0.9968923418423974
2023-01-03,AAPL,3673,38,290,606,46,0.10158227848101266,0.24369555249885375,0.9693337050459995,0.8560265214302628,1.0
2023-01-03,JNJ,3673,55,1,765,283,0.0009493670886075949,0.12058688674919761,0.9004739336492891,0.7973004972768174,0.9988901220865705
2023-01-03,WMT,3673,429,74,1188,971,0.005063291139240506,0.1632278771205869,0.7047672149428492,0.646459862656879,0.9982241953385128
2023-01-03,PG,3673,123,30,1314,58,0.0022151898734177216,0.1304447501146263,0.9651519375522721,0.6147288657352593,0.9973362930077692
2023-01-03,LLY,3673,14,117,287,290,0.07721518987341772,0.19601100412654746,0.8985224421522163,0.9334596258583945,0.997558268590455
2023-01-03,XOM,3673,78,450,63,659,0.17753164556962026,0.2787712058688675,0.7942570393086145,0.9855552924461284,0.9986681465038846
2024-01-02,AVGO,3332,12,525,180,65,0.20196475007223347,0.24314810158410863,0.9770642201834863,0.9540055597675007,0.9970631424375918
2024-01-02,V,3332,24,22,826,55,0.07049985553308293,0.0623585617299472,0.9813455657492355,0.7862016679302501,0.9980420949583945
2024-01-02,ORCL,3332,1,240,174,101,0.13868824039295002,0.21020870002514458,0.9657492354740062,0.9555218599949457,0.996084189916789
2024-01-02,META,3332,202,926,46,698,0.4354232880670327,0.3935126980135781,0.7779816513761468,0.9883750315895881,0.9987763093489965
2024-01-02,TSLA,3332,923,1705,734,852,0.5634209765963595,0.5949207945687705,0.7302752293577982,0.810715188273945,0.9985315712187959
2024-01-02,GOOGL,3332,116,460,470,475,0.19271886737937013,0.2997234096052301,0.847400611620795,0.8786959818043972,0.9995105237395986
2024-01-02,MA,3332,43,74,926,24,0.11355099682172783,0.06839326125220015,0.9911314984709481,0.7591609805408137,0.9968184043073911
2024-01-02,NFLX,3332,207,1193,428,59,0.48540884137532503,0.40382197636409356,0.9801223241590215,0.8895628001010867,0.9931473323543808
2024-01-02,NVDA,3332,141,1308,54,129,0.48945391505345276,0.5111893386975107,0.9562691131498471,0.9863532979529946,0.9990210474791973
2024-01-02,AMZN,3332,561,793,520,1234,0.28777809881537125,0.30978124214231834,0.6091743119266055,0.8663128632802628,0.9992657856093979
2024-01-02,COST,3332,202,54,1009,607,0.05894250216700376,0.08322856424440533,0.8058103975535168,0.7349001769016932,0.9948604992657856
2024-01-02,MSFT,3332,20,186,400,258,0.125108350187807,0.16167965803369375,0.9162079510703364,0.8968915845337376,0.9997552618697993
2024-01-02,HD,3332,263,128,1521,198,0.07685639988442647,0.1053557958259995,0.9348623853211009,0.5425827647207481,0.9963289280469897
2024-01-02,AAPL,3332,31,144,761,28,0.13117596070499857,0.11264772441538848,0.9899082568807339,0.8038918372504422,1.0
2024-01-02,JNJ,3332,153,5,1373,168,0.019647500722334586,0.06135277847623837,0.9437308868501529,0.5835228708617639,0.9973078805677925
2024-01-02,WMT,3332,225,27,990,726,0.030049118751805836,0.059341211968820716,0.7694189602446483,0.7409653778114733,0.9977973568281938
2024-01-02,PG,3332,10,2,723,34,0.02109216989309448,0.05758109127483028,0.9880733944954129,0.8134950720242609,0.9965736661771905
2024-01-02,LLY,3332,21,310,273,265,0.15053452759318117,0.20165954236861955,0.9140672782874618,0.9294920394238059,0.9982868330885952
2024-01-02,XOM,3332,480,317,1400,654,0.180294712510835,0.15841086245914004,0.7914373088685015,0.576194086429113,0.9975526186979932
2025-01-02,AVGO,3096,84,1010,338,16,0.3045220377790498,0.457244008714597,0.99317738791423,0.9015359297860669,0.9981636935991606
2025-01-02,V,3096,88,14,1329,34,0.05180309101316543,0.03676470588235294,0.9866796621182586,0.6127262753702688,0.9973767051416579
2025-01-02,ORCL,3096,58,521,606,82,0.19891242129364625,0.2821350762527233,0.9701104613385315,0.8236423477783873,0.9968520461699895
2025-01-02,META,3096,274,993,506,412,0.4647967945048655,0.31971677559912853,0.8589993502274204,0.8521667580910587,0.998688352570829
2025-01-02,TSLA,3096,1677,1675,1865,1127,0.5898683457355467,0.6089324618736384,0.6205328135152697,0.4243006034009874,0.9984260230849947
2025-01-02,GOOGL,3096,217,440,1062,295,0.21007441327990842,0.17592592592592593,0.8976608187134503,0.6919912232583654,0.9989506820566632
2025-01-02,MA,3096,49,66,1067,36,0.07698912421293647,0.032407407407407406,0.9860298895386614,0.6906198573779484,0.9965897166841553
2025-01-02,NFLX,3096,176,931,703,21,0.48225529479107043,0.21377995642701525,0.9912280701754386,0.7948436642896325,0.9952780692549843
2025-01-02,NVDA,3096,174,1478,101,72,0.5280480824270177,0.5275054466230937,0.9736842105263158,0.9725726823916621,0.9997376705141658
2025-01-02,AMZN,3096,610,783,1072,808,0.3053806525472238,0.17946623093681918,0.7270955165692008,0.6892484914975315,0.9992130115424974
2025-01-02,COST,3096,68,39,754,469,0.0726960503720664,0.06236383442265795,0.8395061728395061,0.7808557323093801,0.9963273871983211
2025-01-02,MSFT,3096,308,225,1544,226,0.13222667429879795,0.06971677559912855,0.9204028589993503,0.5488206253428415,0.9994753410283316
2025-01-02,HD,3096,114,99,1159,236,0.08872352604464796,0.07706971677559912,0.916829109811566,0.6640153592978607,0.9960650577124869
2025-01-02,AAPL,3096,132,223,1296,22,0.12650257584430452,0.11247276688453159,0.99090318388564,0.6236972024136039,1.0
2025-01-02,JNJ,3096,248,73,1657,135,0.020892959358900974,0.029956427015250545,0.9522417153996101,0.5139879319802523,0.9955403987408185
2025-01-02,WMT,3096,129,42,735,761,0.035775615340583856,0.06045751633986928,0.7430149447693307,0.7860669226549644,0.9976390346274921
2025-01-02,PG,3096,98,2,1363,62,0.022037779049799658,0.029411764705882353,0.9769330734243015,0.6025781678551838,0.9958027282266527
2025-01-02,LLY,3096,81,415,627,300,0.1502575844304522,0.2238562091503268,0.8957115009746589,0.8173340647284696,0.9979013641133263
2025-01-02,XOM,3096,691,181,1716,935,0.12907842014882656,0.0664488017429194,0.6855100714749838,0.49506308283049916,0.9971143756558237
2026-01-02,AVGO,3027,97,1087,301,53,0.43297709923664124,0.48183118741058656,0.9734453781512605,0.9040462427745665,0.9986587982832618
2026-01-02,V,3027,5,26,746,27,0.01801526717557252,0.05293276108726753,0.9845378151260504,0.7566473988439306,0.9973175965665236
2026-01-02,ORCL,3027,333,1172,682,278,0.3569465648854962,0.5204577968526466,0.895126050420168,0.7763005780346821,0.9970493562231759
2026-01-02,META,3027,560,788,1451,361,0.29587786259541987,0.2743919885550787,0.866890756302521,0.5182080924855491,0.9983905579399142
2026-01-02,TSLA,3027,729,1532,218,1167,0.6,0.6349070100143062,0.5858823529411765,0.9303468208092486,0.9981223175965666
2026-01-02,GOOGL,3027,45,400,485,271,0.1850381679389313,0.19742489270386265,0.8978151260504201,0.8407514450867052,0.9991952789699571
2026-01-02,MA,3027,20,32,897,24,0.024122137404580152,0.05264663805436338,0.986218487394958,0.708092485549133,0.9967811158798283
2026-01-02,NFLX,3027,10,493,374,33,0.27022900763358776,0.19799713876967096,0.9815126050420168,0.8786127167630058,0.9959763948497854
2026-01-02,NVDA,3027,224,1263,528,93,0.49740458015267175,0.43118741058655224,0.9589915966386554,0.8251445086705202,1.0
2026-01-02,AMZN,3027,210,482,676,697,0.23297709923664123,0.2082975679542203,0.7502521008403361,0.7789017341040463,0.9989270386266095
2026-01-02,COST,3027,129,52,999,486,0.03206106870229008,0.04492131616595136,0.8238655462184874,0.6745664739884393,0.9954399141630901
2026-01-02,MSFT,3027,32,70,637,331,0.08091603053435115,0.07725321888412018,0.8773109243697479,0.7907514450867053,0.9994635193133047
2026-01-02,HD,3027,166,92,1357,237,0.04488549618320611,0.05236051502145923,0.9092436974789916,0.5468208092485549,0.9949034334763949
2026-01-02,AAPL,3027,85,338,1021,19,0.1316030534351145,0.1899856938483548,0.9885714285714285,0.6667630057803469,0.9997317596566524
2026-01-02,JNJ,3027,7,53,679,83,0.00549618320610687,0.029756795422031475,0.9626890756302521,0.7780346820809249,0.996244635193133
2026-01-02,WMT,3027,81,132,600,633,0.0216793893129771,0.08040057224606581,0.7727731092436975,0.8026011560693641,0.9975858369098712
2026-01-02,PG,3027,242,51,1813,54,0.00366412213740458,0.0240343347639485,0.973109243697479,0.4005780346820809,0.9943669527896996
2026-01-02,LLY,3027,193,653,868,257,0.22931297709923665,0.3121602288984263,0.9025210084033614,0.7173410404624277,0.9978540772532188
2026-01-02,XOM,3027,444,62,1313,979,0.05862595419847328,0.06695278969957082,0.6527731092436975,0.5612716763005781,0.9965128755364807
