date,deposit,cash,holdings_value,total_value,value_after_deposit,costs,twr_return,twr_index,n_held,total_value_benchmark,twr_index_benchmark
2005-01-03,1000.0,177.16311549999995,819.9670000000001,997.1301155000001,1000.0,2.8698845,,1.0,9,1000.0,1.0
2005-02-01,1000.0,238.1741164999999,1750.6840000000002,1988.8581165,1992.1331155,3.2749989999999998,-0.007866884499999949,0.9921331155,9,1988.756,0.988756
2005-03-01,1000.0,231.06553049999988,2799.413,3030.4785305,3033.9911165,3.5125859999999998,0.02101164860637028,1.0129794678936295,9,3026.2920000000004,1.0074178897521868
2005-04-01,1000.0,330.2737554999996,3622.0260000000003,3952.2997554999997,3955.4415305,3.141775,-0.02588985365606944,0.9867535777132603,10,3943.0420000000004,0.9797049197803964
2005-05-02,1000.0,362.31872899999985,4522.717999999999,4885.036728999999,4888.4127555,3.3760265,-0.01694596531971193,0.9700320858062298,10,4908.889,0.971219120713265
2005-06-01,1000.0,358.5016229999999,5649.923,6008.424623,6011.9257290000005,3.501106,0.025266478032370587,0.9945413801929475,10,6080.938999999999,1.0052590531131862
2005-07-01,1000.0,283.37881749999985,6787.849999999999,7071.228817499999,7074.978623,3.7498055,0.010487969552891885,1.0049720999075022,13,7056.4450000000015,1.0012098733324069
2005-08-01,1000.0,261.63318050000015,7940.748000000001,8202.381180500002,8205.9448175,3.5636370000000004,0.01851117882875908,1.0235753181668035,13,8297.331000000002,1.035388194221686
2005-09-01,1000.0,278.3185830000003,9034.39,9312.708583,9316.138180500002,3.4295975000000003,0.013428479651118819,1.037320378498194,13,9220.009,1.0257395149110002
2005-10-03,1000.0,259.2111475000005,9916.209999999995,10175.421147499996,10178.975583,3.5544355000000003,-0.014723117545326181,1.0220477886334027,15,10266.979,1.030964996254388
2005-11-01,1000.0,267.6919340000006,10604.835999999998,10872.527933999998,10875.986147499998,3.4582135000000003,-0.02976620122814977,0.9916253084921554,15,11091.298999999999,1.013323981254555
2005-12-01,1000.0,206.35220100000066,12015.267000000003,12221.619201000005,12225.320934000003,3.701733,0.032119826355268444,1.023476141210413,15,12658.386999999999,1.0651343120266028
2006-01-03,1000.0,154.0369435000007,13042.339999999998,13196.3769435,13200.047201000001,3.6702574999999995,-0.0020673267504751625,1.0213602816052156,19,13726.569000000001,1.0708714559188381
2006-02-01,1000.0,129.9491375000007,14281.178999999998,14411.1281375,14414.6999435,3.571806,0.016261513253053916,1.0379691453606816,19,14908.532000000001,1.0850672088949358
2006-03-01,1000.0,96.95125500000066,15465.156999999996,15562.108254999996,15565.711137499999,3.6028824999999993,0.010476194065218492,1.0488431115611891,19,16022.269000000002,1.0933451727573793
2006-04-03,1000.0,298.1893390000007,16556.815000000006,16855.004339000006,16857.790255000004,2.7859160000000003,0.018764264280630494,1.068523880895442,21,17130.449000000004,1.1007272782999147
2006-05-01,1000.0,253.72847600000085,17290.117000000002,17543.845476000002,17547.488339000003,3.6428629999999997,-0.018407033858305666,1.0488555256413914,21,18218.500000000004,1.1063850481331274
2006-06-01,1000.0,214.42761000000084,18137.048000000003,18351.475610000005,18355.100476,3.624866,-0.010963840481512888,1.037356040970106,21,18986.2,1.0922777809771416
2006-07-03,1000.0,132.50609200000102,19074.875,19207.381092,19211.154610000005,3.773518,-0.007842281560278552,1.0292208028185625,25,19932.913999999997,1.0892122326400784
2006-08-01,1000.0,169.19057150000123,19965.718000000008,20134.90857150001,20139.311092000007,5.4525205,-0.0037396772582632964,1.0253718491885304,24,20842.689,1.0842819864307207
2006-09-01,1000.0,97.58503350000116,21857.17800000001,21954.76303350001,21958.500571500008,3.737538,0.04067614208637993,1.0670800202174973,24,22528.505,1.1199596254726876
2006-10-02,1000.0,97.58825200000122,23023.468,23121.056252000002,23124.544033500002,3.4877814999999996,0.0075616939990656995,1.0751489528028988,27,23912.096,1.1390290858161367
2006-11-01,1000.0,192.29377250000113,24479.368,24671.6617725,24674.819252,3.1574795000000004,0.02379615432428972,1.100733363205395,27,25589.862,1.1713138001037198
2006-12-01,1000.0,105.06875700000104,26462.625999999993,26567.694756999994,26571.4867725,3.7920154999999998,0.03633937543138521,1.1407333261407673,27,27218.246,1.2000765519686725
2007-01-03,1000.0,153.51092050000125,27935.028,28088.5389205,28091.857757,3.3188364999999997,0.019583811359722425,1.1630732324116568,27,28593.780000000002,1.216634178344266
2007-02-01,1000.0,184.74807650000125,29578.384999999995,29763.133076499995,29766.511920499997,3.378844,0.024016003830571897,1.1910056036164909,27,30248.364999999998,1.2444860567468936
2007-03-01,1000.0,165.26031450000102,30165.219999999994,30330.480314499993,30334.036076499993,3.5557619999999996,-0.01452893927091814,1.1737015555302237,27,30391.430999999997,1.209229856467892
2007-04-02,1000.0,220.18709500000077,31284.662000000004,31504.849095000005,31508.1453145,3.2962195000000003,0.005739732014589771,1.1804382879240742,28,31870.072,1.2282742702610319
2007-05-01,1000.0,197.45501750000082,33428.174000000006,33625.62901750001,33629.19609500001,3.5670774999999995,0.03557971341410893,1.222437943911454,28,34327.263999999996,1.2844345274587632
2007-06-01,1000.0,188.64625500000082,35747.92100000002,35936.567255000016,35941.3688875,6.0937625,0.03901885697157925,1.2701360752015665,27,36576.14800000001,1.3311644308495727
2007-07-02,1000.0,201.90771550000065,36532.41999999999,36734.32771549999,36737.76925499999,3.4415395,-0.005664771231649435,1.2629410449024845,28,37187.448000000004,1.3170179544554148
2007-08-01,1000.0,125.45226200000063,35961.08700000001,36086.539262000006,36090.293715499996,3.7544535,-0.0448441909486863,1.206305475527944,28,36876.829,1.2706015196828429
2007-09-04,1000.0,226.9650090000007,36295.708,36522.673009,36532.142252000005,15.849253,-0.015465417596761677,1.1876494575996444,27,38543.348,1.2935666193745081
2007-10-01,1000.0,244.5977155000005,38184.489,38429.0867155,38432.513008999995,3.4262935,0.02464598847746724,1.2169202524469154,31,41077.986,1.345071135526651
2007-11-01,1000.0,189.81284450000044,38085.198000000004,38275.01084450001,38278.6897155,3.678871,-0.030022062133428506,1.1803857970165266,31,41209.861,1.316644963914219
2007-12-03,1000.0,143.98320750000022,38895.689000000006,39039.67220750001,39043.31984450001,3.647637,-0.006148848687071995,1.1731277833583031,31,41296.641,1.2874678086225344
2008-01-02,1000.0,171.7893970000003,39159.270000000004,39331.059397000005,39334.4502075,3.3908105000000006,-0.018155977509680676,1.1518285017076682,34,41741.100999999995,1.270148243421041
2008-02-01,1000.0,185.20840700000025,39217.132,39402.340406999996,39405.781397,3.44099,-0.023609553599987176,1.124634344958608,34,41202.669,1.2233349908807514
2008-03-03,1000.0,233.56527300000033,38825.524000000005,39059.089273000005,39062.408407,3.319134,-0.034090758827136636,1.0862947067359094,34,40410.877,1.1701354797039343
2008-04-01,1000.0,82.20456550000036,40271.695999999996,40353.9005655,40357.916273,4.0157075,0.007565019107911519,1.0945125469491896,35,42552.427,1.2031901485460885
2008-05-01,1000.0,202.54549700000047,42160.039,42362.584496999996,42365.6525655,3.0680685,0.02496997827348646,1.1218425014665692,35,44955.737,1.2428694074366848
2008-06-02,1000.0,214.1381370000006,43442.479999999996,43656.618137,43660.065497,3.4473599999999998,0.006949330735430692,1.1296385560423232,35,45249.077,1.2233327219306902
2008-07-01,1000.0,75.88615000000044,41973.395,42049.281149999995,42053.251137,3.9699869999999997,-0.0597070648045438,1.062191153570993,38,43038.14200000001,1.136523396438979
2008-08-01,1000.0,139.18312400000042,43901.086,44040.269124000006,44043.53614999999,3.2670260000000004,0.023548358003852465,1.0872040111238077,38,43294.406,1.1168832975524159
2008-09-02,1000.0,154.80883050000048,46960.334000000024,47115.14283050002,47118.57612400002,3.4332934999999996,0.04711338269781562,1.1384258697704839,38,44922.138,1.1330771537780715
2008-10-01,1000.0,203.7055795000006,44590.89899999997,44794.604579499966,44797.92183049998,3.3172509999999997,-0.0704744193619351,1.0581959676118031,39,41963.48199999999,1.0332274388498441
2008-11-03,1000.0,91.71017000000055,40003.635,40095.34517,40099.223579499994,3.8784094999999996,-0.12720898689367588,0.9235839306369326,39,36114.482,0.8645909389358812
2008-12-01,1000.0,74.52343350000034,35747.27300000001,35821.79643350001,35825.34417,3.5477365000000005,-0.13152073628169136,0.8021134920616246,39,31541.179999999997,0.7311645088086757
2009-01-02,1000.0,88.28062300000008,41323.92000000002,41412.20062300002,41415.64043350002,3.4398105,0.1281298580613195,0.9048881799485499,39,36996.80100000001,0.8344514479752707
2009-02-02,1000.0,116.07778100000021,40328.556000000004,40444.633781000004,40448.024623000005,3.3908420000000006,-0.047509003601172384,0.8618978441487158,39,33866.310999999994,0.7412895186142058
2009-03-02,1000.0,162.3602185000002,35905.314999999995,36067.67521849999,36072.93290099999,7.202562500000001,-0.13288885605908096,0.747361225600005,38,29960.051,0.6338978657826904
2009-04-01,1000.0,77.31881900000025,41145.97899999998,41223.29781899998,41227.08221849999,3.7843994999999993,0.11515973289171733,0.833427144713728,41,35648.061,0.733087267488579
2009-05-01,1000.0,89.39514600000042,45912.90899999999,46002.304145999995,46005.749819,3.4456729999999998,0.09165498495560254,0.9098148971240555,41,39650.848,0.7948383096190395
2009-06-01,1000.0,152.41615750000045,48858.52200000001,49010.938157500015,49014.20614600001,3.2679885,0.04365663715735235,0.9495343559681543,41,43752.162000000004,0.8570070475324849
2009-07-01,1000.0,131.0277665000005,50306.304999999986,50437.33276649999,50440.89515749999,3.562391,0.00870541512452494,0.9578004467118555,42,43866.68200000001,0.8396624737843565
2009-08-03,1000.0,157.2323700000004,52755.52599999997,52912.75836999997,52916.15476649998,3.3963965,0.029247292388320023,0.9858135164265006,42,48716.323,0.9133493572655753
2009-09-01,1000.0,155.83068850000038,53448.750000000015,53604.58068850001,53608.073370000006,3.4926814999999998,-0.005822066963471317,0.9800740441203704,42,49600.03399999999,0.9111691335363119
2009-10-01,1000.0,219.82910900000044,55771.34700000001,55991.17610900001,55994.440688500006,3.2645795000000004,0.025861166636811816,1.0054199022917814,42,52212.724,0.9407947856066851
2009-11-02,1000.0,284.94542850000045,58094.32200000002,58379.267428500025,58382.52810900001,3.2606805000000003,0.02478973632796877,1.0303439965684866,42,53896.40699999999,0.9531137253618285
2009-12-01,1000.0,313.65075400000046,62177.75799999999,62491.40875399999,62494.7964285,3.3876745,0.05330821429468391,1.0852697951348005,42,58499.599,1.016833218765423
2010-01-04,1000.0,190.78242200000028,65566.11200000001,65756.89442200001,65760.810754,3.9163319999999997,0.036259248049436366,1.1246208618371543,43,60884.447,1.0409044854648897
2010-02-01,1000.0,151.05807900000013,65277.475000000006,65428.53307900001,65432.15942200002,3.626343,-0.020204302787115047,1.10189868142389,43,59591.96699999999,1.0017113444836048
2010-03-01,1000.0,179.3027980000001,67844.25500000002,68023.55779800002,68026.947079,3.389281,0.024373147257979344,1.1287554202496077,43,62136.487,1.0276739579644087
2010-04-01,1000.0,194.2035780000002,71430.87900000002,71625.08257800002,71631.64910300002,9.71922,0.03828926823623524,1.1719746393086494,43,66686.111,1.0863811092934734
2010-05-03,1000.0,183.6238855000002,73355.99799999998,73539.62188549998,73543.14657799996,3.5246925000000005,0.012724786967968305,1.1868877669257134,43,69129.31499999999,1.1098922953402468
2010-06-01,1000.0,167.00412650000015,69799.29299999999,69966.2971265,69969.8428855,3.545759,-0.06218531440791031,1.1130807779725354,43,62766.882,0.9916861817448961
2010-07-01,1000.0,134.4317280000003,70522.925,70657.356728,70660.95812650002,3.6013984999999993,-0.004414541268949912,1.1081670369425007,46,61269.408,0.952227308272941
2010-08-02,1000.0,222.98679700000017,74178.24,74401.22679700001,74404.40572800001,3.1789309999999995,0.03882550809159091,1.151192185202146,46,68227.62400000001,1.0448277783768594
2010-09-01,1000.0,210.37107950000058,73342.51100000001,73552.8820795,73560.47905700002,11.690717500000002,-0.024782493092422975,1.1226627728243226,45,66626.684,1.0049973665499503
2010-10-01,1000.0,170.19616500000052,79007.74500000002,79177.94116500003,79181.5690795,3.6279145,0.06282028178363586,1.1931887645611445,45,71779.30799999999,1.0676355759537395
2010-11-01,1000.0,159.07960000000037,83197.19799999999,83356.27759999999,83359.80416500001,3.5265650000000006,0.040138571670750745,1.2410816573042165,45,75234.32800000001,1.10415120649838
2010-12-01,1000.0,134.67569150000043,84631.63100000004,84766.30669150004,84769.87960000004,3.5729085,0.004919342590924858,1.2471869631598087,45,77807.45300000001,1.1272386442797444
2011-01-03,1000.0,213.58913250000055,89502.996,89716.5851325,89719.79769149999,3.212559,0.04659577328808595,1.3053006041430595,45,83120.353,1.1897219586855523
2011-02-01,1000.0,174.85424050000057,91614.75499999999,91789.6092405,91793.2321325,3.6228920000000007,0.01196429850066072,1.3209176102041198,45,86532.653,1.2242497990682462
2011-03-01,1000.0,214.77066800000057,94249.31100000002,94464.08166800001,94467.43024050002,3.3485725000000004,0.01823879679477236,1.3450095580792691,45,87658.80300000001,1.2260345486026496
2011-04-01,1000.0,252.87076050000059,97367.88899999997,97620.75976049996,97624.11466799998,3.3549075,0.022829925848616428,1.3757160265558992,47,90529.68299999999,1.2522014986155279
2011-05-02,1000.0,229.9801300000006,99534.79499999998,99764.77512999998,99768.34276049999,3.5676305000000004,0.011720752566016124,1.3918404537042637,47,93615.84300000001,1.281057146749762
2011-06-01,1000.0,223.40540600000077,99823.23400000003,100046.63940600003,100050.15013000001,3.5107239999999997,-0.0071986023885757255,1.3818211476897118,47,91629.365,1.2401896091310396
2011-07-01,1000.0,257.3981730000006,101618.64399999999,101876.04217299998,101879.41140600001,3.369233,0.008288456088496599,1.3932743115944939,48,94511.90400000001,1.2656694900249423
2011-08-01,1000.0,290.4055030000005,97611.55500000002,97901.96050300002,97905.33317300002,3.3726700000000003,-0.048823193659588204,1.3252502100585866,48,91887.36799999999,1.2171310050665072
2011-09-01,1000.0,320.25281150000046,95296.47999999995,95616.73281149995,95620.11650299997,3.3836915,-0.03355503284172512,1.2807813957365677,48,87297.57500000001,1.1430891588335874
2011-10-03,1000.0,220.15690500000045,91846.97800000003,92067.13490500003,92070.97181150004,3.8369065000000004,-0.047575184572769325,1.2198479844370314,49,80763.47499999999,1.0444363837528579
2011-11-01,1000.0,285.3103540000004,99396.50200000002,99681.81235400002,99685.07290500002,3.2605509999999995,0.07183698578789022,1.3074781867584209,49,90626.595,1.1590545945414306
2011-12-01,1000.0,294.26077850000047,104009.791,104304.0517785,104307.508354,3.4565755,0.036338795202087715,1.354990368818232,49,93832.82800000001,1.1872708647795314
2012-01-03,1000.0,292.4165535000005,107126.75600000002,107419.17255350003,107422.66677850002,3.494225,0.020278103253330126,1.382467003424396,49,97338.30300000001,1.2189727492195221
2012-02-01,1000.0,267.8320150000004,110539.86899999999,110807.701015,110811.2745535,3.5735385,0.022235603030831275,1.4132069909157636,49,102130.71699999999,1.2664653515896147
2012-03-01,1000.0,289.6713935000005,112744.90100000001,113034.57239350001,113037.98401500002,3.4116215,0.01107025856748689,1.4288515577145813,49,107185.13600000001,1.3167419122087538
2012-04-02,1000.0,304.2494460000006,116608.01999999997,116912.26944599998,116915.70639349998,3.4369475000000005,0.025458012221078574,1.4652272781329863,50,111864.48,1.361941709820932
2012-05-01,1000.0,334.4439655000008,115424.20200000002,115758.64596550002,115762.02844600003,3.3824805,-0.018420775222888985,1.4382366557920532,50,111997.042,1.3513807167971978
2012-06-01,1000.0,249.70963700000078,110396.66400000002,110646.37363700003,110650.1569655,3.7833285,-0.0527968588884139,1.3623022780280558,50,102992.882,1.230668341985068
2012-07-02,1000.0,255.90946800000097,121349.20799999997,121605.11746799997,121608.58363699999,3.4661690000000003,0.08999920962249486,1.484908406317505,52,111260.562,1.3175103015651295
2012-08-01,1000.0,238.5360805000011,122170.46800000001,122409.0040805,122412.55246800001,3.5483874999999996,-0.0016119846406987826,1.4825147567736767,52,113141.442,1.3279413874196364
2012-09-04,1000.0,251.23357400000108,125645.59400000001,125896.82757400001,125900.27108050001,3.4435065000000002,0.020322414346766626,1.5126430359360272,52,116968.497,1.3611225390175774
2012-10-01,1000.0,192.96218400000106,128670.09899999997,128863.06118399998,128876.55795399997,23.371389999999998,0.015697240812423185,1.5363873579343499,53,121360.44499999999,1.4005934819841745
2012-11-01,1000.0,260.65248100000133,127739.36599999998,128000.01848099998,128003.27018399998,3.251703,-0.014535519878398961,1.5140551689521742,53,121083.24600000001,1.3858536168279723
2012-12-03,1000.0,255.70844450000143,127708.07999999997,127963.78844449998,127967.29348099997,3.5050365,-0.008093361220465889,1.5018013735621307,53,120912.558,1.3724545525265652
2013-01-02,1000.0,267.11945100000145,130938.65799999997,131205.77745099997,131209.22544449999,3.4479935000000004,0.017519570059773892,1.5281122879421172,54,126747.318,1.4273329578976048
2013-02-01,1000.0,256.87894150000125,136965.78700000004,137222.66594150005,137226.18945100004,3.5235095000000007,0.03823636630354299,1.5865417491368172,54,132239.548,1.4779210731700427
2013-03-01,1000.0,237.87285950000108,139715.006,139952.8788595,139956.4329415,3.554082,0.012608697344305364,1.6065459738757881,54,133999.23799999998,1.4864114368854158
2013-04-01,1000.0,187.212373500001,146408.436,146595.64837349998,146599.31285949997,3.6644859999999997,0.04031883207796971,1.6713200312220244,56,139081.818,1.5316982138445483
2013-05-01,1000.0,172.75716400000096,148722.28799999994,148895.04516399995,148898.58337349992,3.5382095,0.008862732632622716,1.686132493802292,56,142068.50400000002,1.5535774460937988
2013-06-03,1000.0,189.5288675000009,153042.71899999998,153232.24786749997,153235.677164,3.4292965000000004,0.022411857217803366,1.7239218545036876,56,148516.09199999998,1.6131490584788435
2013-07-01,1000.0,217.62306150000066,155209.68600000002,155427.3090615,155430.6988675,3.389806,0.007798586632152604,1.7373660084330957,57,147584.327,1.592166652808269
2013-08-01,1000.0,176.3603530000007,163726.215,163902.575353,163906.2070615,3.6317085000000002,0.048095442203297534,1.8209253948776634,57,157085.918,1.6838833679985947
2013-09-03,1000.0,198.5128235000007,158187.05500000014,158385.56782350014,158388.9783530001,3.4105294999999995,-0.03976193961986163,1.748521869274265,57,152319.514,1.6220703683842017
2013-10-01,1000.0,343.20970350000067,165970.98900000006,166314.19870350006,166317.18182350005,2.9831200000000004,0.04374170186930004,1.8250051915920111,57,158674.10599999997,1.6790921168778787
2013-11-01,1000.0,256.3901020000005,174038.428,174294.81810200002,174298.60870350004,3.7906014999999997,0.04197658235580759,1.9016126723166495,58,166106.659,1.747161503282357
2013-12-02,1000.0,217.07117300000064,177711.97299999997,177929.04417299997,177932.66910199999,3.6249290000000003,0.01511234322576116,1.9303504957031556,58,171175.91900000002,1.7899632456185675
2014-01-02,1000.0,288.71526000000074,180002.84199999986,180291.55725999986,180294.79517299987,3.2379130000000003,0.007655289373639684,1.9451278873403122,61,175376.182,1.8234279594625342
2014-02-03,1000.0,324.67789750000077,169678.77,170003.44789749998,170006.81026,3.3623624999999997,-0.06260849017947867,1.8233463671079362,61,167989.91,1.7362338908833825
2014-03-03,1000.0,332.82953600000053,180693.09500000012,181025.92453600012,181029.38389750008,3.4593614999999995,0.058953953798509984,1.9308398445930985,61,179412.351,1.843953427669446
2014-04-01,1000.0,305.10404250000056,186801.3509999999,187106.4550424999,187110.0395359999,3.5844935,0.028065364467994458,1.9850295685609296,61,184392.107,1.8848563235770308
2014-05-01,1000.0,280.5606475000005,188843.82599999997,189124.38664749998,189127.9600425,3.5733949999999997,0.005440223886566065,1.9958285738353547,61,185470.367,1.8856562973843867
2014-06-02,1000.0,284.5587995000003,193026.92499999993,193311.48379949993,193314.95764749995,3.4738480000000003,0.016851012427161915,2.029460305935539,61,190969.23200000002,1.9313957502983514
2014-07-01,1000.0,332.10784800000033,197894.9729999999,198227.08084799993,198230.40279949992,3.3219515000000004,0.020254227606844477,2.0705654568910137,61,196988.13999999998,1.982155223333978
2014-08-01,1000.0,366.59935450000035,196729.342,197095.9413545,197099.30884800002,3.3674935,-0.010750590834723739,2.0483056548674656,61,193461.817,1.9366099698128947
2014-09-02,1000.0,392.5029080000005,206001.843,206394.345908,206397.7433545,3.3974465000000005,0.04210280875667416,2.1345450761295646,61,202611.79700000002,2.0181936785081134
2014-10-01,1000.0,335.9338140000004,205431.51900000006,205767.45281400005,205771.13790800003,3.6850940000000003,-0.007880926506576125,2.1177228832596136,61,198209.241,1.9643794163159363
2014-11-03,1000.0,272.6864275000005,218667.76900000003,218940.45542750004,218944.163814,3.7083865,0.05915808227411623,2.2430033078212643,61,206773.02099999998,2.0393412781674845
2014-12-01,1000.0,424.3044470000006,225463.04900000006,225887.35344700006,225890.31242750003,2.9589805,0.0271582878023251,2.3039194371966416,61,211860.221,2.0796521254521796
2015-01-02,1000.0,285.0449460000006,226855.85500000004,227140.89994600005,227144.87344700002,3.9735009999999997,0.0011269231370056865,2.3065157773162155,62,213682.845,2.0877271276492557
2015-02-02,1000.0,406.8479770000005,232171.43100000013,232578.27897700013,232581.34194600015,3.062969,0.019531448945667274,2.3515653724632433,62,211032.62499999997,2.052063697036059
2015-03-02,1000.0,464.6317220000005,243651.511,244116.142722,244119.42897699997,3.2862549999999997,0.045309253712391584,2.458113044545455,62,222553.085,2.1543637752449145
2015-04-01,1000.0,333.5918895000005,241161.81600000002,241495.40788950003,241499.352722,3.9448325,-0.014829119788499212,2.421661391754218,63,217906.677,2.0997052794732065
2015-05-01,1000.0,418.14299350000044,242304.46899999998,242722.61199349997,242725.8048895,3.192896,0.0009376926478170677,2.423932165836768,63,224220.274,2.1509060404021296
2015-06-01,1000.0,370.10003150000045,244331.151,244701.25103150003,244706.22954349994,6.310962,0.004039227120685718,2.4337229783797185,62,226123.506,2.1595705876797973
2015-07-01,1000.0,345.0287955000004,241970.35800000012,242315.38679550012,242318.96203150012,3.575236,-0.013842179327918092,2.4000349484785115,63,223858.469,2.128388168843224
2015-08-03,1000.0,320.8316080000004,249308.903,249629.734608,249633.3067955,3.5721875000000005,0.026057988657028908,2.4625750319424373,63,227329.32900000003,2.1518804638381837
2015-09-01,1000.0,324.9933305000003,234175.00999999998,234500.00333049998,234503.47660799997,3.4732775,-0.06461409494812964,2.3034579750116153,63,208815.029,1.9671597279780189
2015-10-01,1000.0,446.8806555000003,239238.48700000005,239685.36765550004,239688.43033050004,3.062675,0.01784601995259849,2.344565531993645,63,211312.851,1.981270087429586
2015-11-02,1000.0,631.7034865000003,261788.38300000003,262420.08648650005,262422.9296555,2.8431690000000005,0.09067813283699544,2.5571663567488057,63,232389.934,2.1695128933095797
2015-12-01,1000.0,329.7385025000005,262475.298,262805.0365025,262809.5774864999,4.540984,-0.0023372659157689935,2.5511895789822256,63,233709.13199999998,2.17249281659885
2016-01-04,1000.0,419.4194985000006,253780.32900000003,254199.74849850003,254202.92350250002,3.175004,-0.03655366777678937,2.4579342426765023,64,225349.77599999998,2.085490937365516
2016-02-01,1000.0,258.0970465000006,252881.32699999987,253139.4240464999,253143.4744984999,4.050452000000001,-0.008101594488467256,2.4380210561630196,64,218091.806,2.009067867852297
2016-03-01,1000.0,334.4545730000006,262388.9560000001,262723.41057300015,262726.6320465001,3.2214735000000005,0.033906295886173776,2.520685319470005,64,224112.49399999998,2.055318587309917
2016-04-01,1000.0,411.06498150000084,275936.978,276348.0429815,276351.263573,3.2205915,0.04805234790306834,2.6418101673953345,65,236273.908,2.157679063718078
2016-05-02,1000.0,481.15665400000086,280131.3149999999,280612.4716539999,280615.7149814999,3.2433275,0.011812688555475237,2.6730170481254634,65,238473.628,2.168635037436191
2016-06-01,1000.0,539.7933740000008,287267.958,287807.751374,287811.034654,3.28328,0.022077593455194,2.73203083181278,65,242109.866,2.192608497905458
2016-07-01,1000.0,535.2818460000009,299583.297,300118.578846,300122.08237400005,3.5035279999999998,0.03930025731500497,2.839400346495549,65,243968.75400000002,2.2003868059879097
2016-08-01,1000.0,524.029808500001,303990.2360000001,304514.2658085001,304517.7928460001,3.5270375000000005,0.01131443059817383,2.871526544656404,65,253124.62900000002,2.273945732887568
2016-09-01,1000.0,520.9653275000009,300338.0590000001,300859.02432750014,300862.5228085002,3.4984810000000004,-0.015287349858910004,2.827628513739094,65,254650.70899999997,2.2786717738733206
2016-10-03,1000.0,337.83782400000075,293980.21300000016,294318.05082400015,294322.1773275002,4.1265035,-0.02506242854913332,2.756761276150016,66,255046.645,2.2732664734450663
2016-11-01,1000.0,351.6612445000005,287984.0920000001,288335.75324450014,288339.19282400014,3.4395795000000002,-0.023725648426859425,2.691355327315301,66,250410.78399999999,2.223033254888921
2016-12-01,1000.0,387.5536370000003,298101.645,298489.198637,298492.56124450004,3.3626075,0.03174514130684636,2.776792782487859,66,261567.785,2.3132024985303614
2017-01-03,1000.0,350.9020110000006,312551.7769999999,312902.6790109999,312906.2946369999,3.615626,0.0449382501747253,2.90157699123067,67,270904.473,2.3869288846412045
2017-02-01,1000.0,523.5493765000006,317290.947,317814.4963765,317817.382011,2.8856345,0.012499228813972252,2.9378444659654193,67,274765.529,2.4121375389367574
2017-03-01,1000.0,393.56723300000056,339309.18400000007,339702.7512330001,339706.6923765,3.9411435,0.06572740053839143,3.130941345899425,67,290437.45900000003,2.5409408617205718
2017-04-03,1000.0,526.2000360000009,332323.66200000007,332849.86203600006,332852.887233,3.025197,-0.023119371268657707,3.0585559505031856,67,287291.03,2.504665131611243
2017-05-01,1000.0,446.4741760000006,335961.7479999999,336408.2221759999,336411.98803599976,3.7658600000000004,0.007688383971289792,3.0820713030483273,67,292378.77,2.5403029301359394
2017-06-01,1000.0,531.8150345000007,345838.1950000001,346370.0100345001,346373.2001760001,3.1901414999999997,0.02663761238806206,3.164170323771298,67,299110.535,2.5901027819663254
2017-07-03,1000.0,478.9282695000004,345327.9329999999,345806.86126949993,345811.7116394998,6.036765,-0.004508110141624222,3.149905895444878,67,300148.929,2.5904352490464664
2017-08-01,1000.0,412.90018450000025,349908.6770000001,350321.57718450006,350325.29526950006,3.7180850000000003,0.010160395127574606,3.181910183957275,67,307477.51699999993,2.6450541260370035
2017-09-01,1000.0,541.0078115000001,344308.08500000025,344849.09281150025,344920.7793845002,140.814373,-0.01828162559621338,3.12373969329339,66,309124.32899999997,2.6506182816411683
2017-10-02,1000.0,568.1405130000004,347393.9670000001,347962.10751300014,347966.54856150015,5.496298499999999,0.005931127665461666,3.142266992207983,66,317271.301,2.7119007264841866
2017-11-01,1000.0,433.2151285000004,352954.3030000001,353387.5181285001,353391.4765130001,3.9583845,0.01271653257990657,3.1822257327891608,66,324768.581,2.767436724529504
2017-12-01,1000.0,478.0652990000007,369165.29099999997,369643.356299,369652.0595284999,14.112829499999998,0.04318322322337731,3.3196444969553704,65,334559.961,2.842350337774913
2018-01-02,1000.0,242.27913300000063,378129.6549999999,378371.9341329999,378376.24429899995,4.310166,0.020895825064122242,3.389011207638826,66,342735.409,2.9033114192669274
2018-02-01,1000.0,417.7784455000009,392456.36899999995,392874.14744549996,392877.0231329999,2.8756875,0.03568083101784625,3.5099339438561743,66,360064.223,3.0416327916853976
2018-03-01,1000.0,413.0150390000011,378334.0549999999,378747.0700389999,378750.5744454999,3.5044065,-0.038501739213136044,3.3747953824944896,67,343322.33400000003,2.8917586639000263
2018-04-02,1000.0,369.9470340000009,367260.92699999985,367630.87403399986,367634.5120389999,3.6380049999999997,-0.03198955519536373,3.2668371793331237,69,332530.603,2.792438471460613
2018-05-01,1000.0,424.52058250000107,366896.8259999998,367321.3465824998,367324.64403399976,3.2974515,-0.003562962567728589,3.2551975607482957,69,343228.19299999997,2.8738743548113304
2018-06-01,1000.0,383.9673275000013,377068.42799999984,377452.39532749983,377465.6577374999,22.963255,0.024885380961953807,3.33620439215394,68,355388.433,2.967319847296091
2018-07-02,1000.0,361.81728000000135,385256.50700000004,385618.32428000006,385621.8893275,3.5650475000000004,0.018958629595322574,3.3994542554790748,72,355716.289,2.9617077731646835
2018-08-01,1000.0,428.1417775,393362.013,393790.15477749996,393808.859005,34.2605025,0.018637348854945834,3.4628110703548685,71,368485.60300000006,3.0596995431131653
2018-09-04,1000.0,367.83738649999987,413459.903,413827.74038649997,413832.7241275,6.278391,0.04830735695120181,3.630090320785074,70,381220.079,3.157136106614053
2018-10-01,1000.0,470.8057259999998,418253.6420000001,418724.4477260001,418727.5763865001,3.1286605,0.009411658459856476,3.664255491062734,70,386481.92699999997,3.1924312942048956
2018-11-01,1000.0,418.0388935,395653.1919999998,396071.2308934998,396074.9027259998,3.6718325000000003,-0.0564870216206349,3.4572726119155432,70,363354.35699999996,2.993131911387652
2018-12-03,1000.0,385.90301750000026,404611.6579999998,404997.56101749983,405001.1608934998,3.599876,0.02001201821409837,3.5264596143963005,70,372042.481,3.0564628412080572
2019-01-02,1000.0,292.9610625000004,366260.7469999999,366553.70806249994,366557.5200174999,3.8119549999999998,-0.09739142670352019,3.183012681337899,70,336260.589,2.7542863644112368
2019-02-01,1000.0,241.6111720000005,398568.574,398810.185172,398813.8520624999,3.6668905000000005,0.08526992446781012,3.4544279322556637,70,363973.408,2.9730891487205375
2019-03-01,1000.0,274.6716125000005,419803.918,420078.5896125,420083.830572,7.1225594999999995,0.05082566316258119,3.630001522759902,69,378932.74900000007,3.087114965821961
2019-04-01,1000.0,607.5722415000001,434978.2290000001,435585.8012415001,435591.1506625001,8.393371,0.03453434537279487,3.755361249050664,69,388933.77599999995,3.160445141777451
2019-05-01,1000.0,583.549663,434008.5190000001,434592.0686630001,434595.64024150016,3.5715785,-0.004581154639998863,3.7381573584397034,69,398069.326,3.2265539784478556
2019-06-03,1000.0,602.9826485,428454.33700000006,429057.31964850007,429060.73966300004,3.4200145,-0.01503673754036916,3.681947667356246,69,375553.687,3.035947785969731
2019-07-01,1000.0,579.2631269999997,451728.011,452307.274127,452310.8446485,3.5705215000000003,0.0518577043496824,3.872885020921009,70,407365.49999999994,3.2850281670100667
2019-08-01,1000.0,544.2211149999997,466000.5200000001,466544.7411150001,466548.351127,3.6100119999999998,0.029266391984890783,3.9862303920556954,70,407236.26000000007,3.275921884795903
2019-09-03,1000.0,645.8618240000001,466930.3569999998,467576.2188239998,467579.3521149999,3.133291,6.64475352341043e-05,3.9864952672401226,70,402589.02999999997,3.2304939940047532
2019-10-01,1000.0,411.2881090000003,462662.98499999987,463074.2731089999,463080.6406939999,8.443715,-0.01175995346271752,3.939614268418035,71,408918.14599999995,3.273256404176125
2019-11-01,1000.0,665.3081955000007,474475.54799999984,475140.85619549983,475147.1635489999,10.038913500000001,0.023897614977847148,4.033761653365922,70,427905.056,3.417235752915614
2019-12-02,1000.0,552.9625645000006,488530.93599999987,489083.89856449986,489087.7781954999,3.879631,0.0272349613745837,4.14362099618962,70,436586.94099999993,3.478583034757001
2020-01-02,1000.0,298.00653800000043,496901.4319999998,497199.4385379998,497203.8155644999,4.3770265,0.014549611922945127,4.203909073639946,71,458344.016,3.643968670847702
2020-02-03,1000.0,356.9768320000002,511745.97099999996,512102.947832,512106.90337799996,4.633705999999999,0.027962552535352625,4.321461101965449,70,458286.732,3.6355629545348522
2020-03-02,1000.0,525.6403025000005,491658.75499999995,492184.39530249994,492187.2948319999,2.8995295,-0.040850081121751036,4.144929065385669,70,438036.748,3.4669880226844176
2020-04-01,1000.0,376.9238175000005,401904.6660000001,402281.5898175001,402285.59630250005,4.006485,-0.1846892422538613,3.379405257103584,71,352022.05799999996,2.7782812203327625
2020-05-01,1000.0,673.4151250000006,457037.217,457710.632125,457713.0858175,2.4536925,0.1352956457185035,3.836624073507919,71,405411.53800000006,3.1917573225234923
2020-06-01,1000.0,643.0942055000007,492497.4450000001,493140.5392055001,493149.0108050001,13.3839195,0.07523473995941288,4.125271488000311,70,439036.578,3.4486104225396588
2020-07-01,1000.0,388.1130915000007,491450.601,491838.71409150003,491843.09120549995,4.377114,-0.00467590839477916,4.105982096418828,71,449150.24999999994,3.5201978615407152
2020-08-03,1000.0,316.2797590000008,512813.414,513129.693759,513133.4320915,3.7383324999999994,0.04125368689487696,4.27536899622046,71,476572.899,3.72728435989186
2020-09-01,1000.0,407.34959900000104,518041.9940000002,518449.3435990002,518452.51375900017,3.17016,0.008417073216016702,4.311355090087136,71,512074.97900000005,3.997125686239999
2020-10-01,1000.0,512.909979000001,513394.814,513907.723979,513910.843599,3.1196200000000003,-0.010688867375375777,4.265271587321043,73,492466.7429999999,3.8362630922023864
2020-11-02,1000.0,473.8359040000011,513360.5260000001,513834.3619040001,513837.9859790001,3.624075,-0.0020876337469093453,4.256367262415618,73,483477.98300000007,3.7584517234763823
2020-12-01,1000.0,533.4881660000012,555054.2730000003,555587.7611660003,555591.0409040002,3.2797379999999996,0.07931109812240611,4.59394442401006,73,536924.223,4.166157282051644
2021-01-04,0.0,533.4881660000012,550948.9010000002,551482.3891660002,551482.3891660002,0.0,-0.00739510077648986,4.5599717420329124,73,543298.357,4.215616113751389
2021-02-01,0.0,1198.0540160000014,545623.5160000002,546821.5700160002,546821.5700160002,2.33415,-0.008451437872836642,4.521433424153231,72,554252.8589999999,4.3006154047566465
2021-03-01,0.0,1198.0540160000014,555583.7499999999,556781.8040159999,556781.8040159999,0.0,0.018214778908060003,4.603790334321695,72,573908.157,4.453126800938516
2021-04-01,0.0,1198.0540160000014,590786.948,591985.002016,591985.002016,0.0,0.0632262005440618,4.894870505262332,72,592082.131,4.5941441566109145
2021-05-03,0.0,13029.030161000002,599008.2530000004,612037.2831610003,612037.2831610003,41.553855000000006,0.03387295468079854,5.06067423205546,71,618063.983,4.795745196895864
2021-06-01,0.0,13029.030161000002,592565.7339999999,605594.7641609999,605594.7641609999,0.0,-0.010526350562708564,5.007403801005178,71,620235.217,4.812592457556961
2021-07-01,0.0,13029.030161000002,603919.024,616948.054161,616948.054161,0.0,0.01874733843798837,5.1012792947582914,71,638237.9029999999,4.952280737881369
2021-08-02,0.0,13029.030161000002,624888.0070000001,637917.0371610001,637917.0371610001,0.0,0.033988247241522274,5.274662836676595,71,648849.829,5.034621878190649
2021-09-01,0.0,13029.030161000002,638957.5040000001,651986.534161,651986.534161,0.0,0.02205537112257594,5.390997483085957,71,669908.737,5.198024308474103
2021-10-01,0.0,13029.030161000002,614434.3489999997,627463.3791609997,627463.3791609997,0.0,-0.037612977745863474,5.188226014726639,71,645966.481,5.0122491098328155
2021-11-01,0.0,13029.030161000002,628199.902,641228.932161,641228.932161,0.0,0.021938416578839437,5.3020474783428835,71,684327.063,5.3099004565164964
2021-12-01,0.0,13029.030161000002,616981.0829999998,630010.1131609997,630010.1131609997,0.0,-0.017495809121075956,5.209283867710914,71,670141.8790000001,5.199833327697758
2022-01-03,0.0,21564.202136,660657.676,682221.878136,682221.878136,29.978025,0.08287448706661871,5.6410005962318674,70,713120.893,5.533320483764284
2022-02-01,0.0,21564.202136,621023.4120000002,642587.6141360003,642587.6141360003,0.0,-0.058095856011376235,5.3132818378330935,70,676176.6089999999,5.246658621207965
2022-03-01,0.0,21564.202136,602169.4389999995,623733.6411359996,623733.6411359996,0.0,-0.02934070403045519,5.15738640799884,70,641903.149,4.980720489077716
2022-04-01,0.0,21888.891731,641826.0659999999,663714.9577309999,663714.9577309999,1.140405,0.06409998428525165,5.487974795704536,69,678208.2749999999,5.262422931585514
2022-05-02,0.0,21888.891731,611925.6679999998,633814.5597309999,633814.5597309999,0.0,-0.0450500589925209,5.240741207408579,69,620676.125,4.816013595952715
2022-06-01,0.0,21888.891731,605945.23,627834.121731,627834.121731,0.0,-0.009435627358478582,5.191291526293249,69,613358.321,4.759232543585802
2022-07-01,0.0,21888.891731,585149.5679999997,607038.4597309998,607038.4597309998,0.0,-0.03312286045024848,5.01934110151128,69,573386.363,4.449078043628435
2022-08-01,0.0,21888.891731,627416.4829999998,649305.3747309998,649305.3747309998,0.0,0.0696280677483434,5.368828123779352,69,617773.745,4.793493152556214
2022-09-01,0.0,21888.891731,605878.4429999999,627767.3347309999,627767.3347309999,0.0,-0.033170894371424064,5.190739293187136,69,596204.145,4.626128108735233
2022-10-03,0.0,21888.891731,569237.7069999997,591126.5987309997,591126.5987309997,0.0,-0.058366745086698146,4.887772736050175,69,553677.141,4.296148234837013
2022-11-01,0.0,23545.473331,609894.0340000003,633439.5073310003,633439.5073310003,5.8184000000000005,0.07158011277251908,5.23764005970309,68,580708.925,4.505896014755013
2022-12-01,0.0,23545.473331,643519.0329999998,667064.5063309998,667064.5063309998,0.0,0.05308320464834693,5.515670778866689,68,615212.355,4.773618553602472
2023-01-03,0.0,23545.473331,611080.8269999999,634626.3003309999,634626.3003309999,0.0,-0.04862828960637866,5.24745314285852,68,577795.4430000001,4.48328942758596
2023-02-01,0.0,23545.473331,625652.5030000001,649197.9763310001,649197.9763310001,0.0,0.022961033906726103,5.367940092395651,68,623256.547,4.83603586994512
2023-03-01,0.0,23545.473331,606922.253,630467.726331,630467.726331,0.0,-0.02885136843133085,5.213067675072632,68,598903.517,4.647073351719299
2023-04-03,0.0,23545.473331,615137.7409999997,638683.2143309996,638683.2143309996,0.0,0.013030782793291618,5.280998027633233,68,625890.893,4.856476556547079
2023-05-01,0.0,23545.473331,631717.3949999997,655262.8683309996,655262.8683309996,0.0,0.025959119682465115,5.418088087475426,68,632831.2289999999,4.910328720647124
2023-06-01,0.0,23545.473331,609493.398,633038.871331,633038.871331,0.0,-0.03391615498770084,5.234327372163594,68,642436.045,4.984855390160349
2023-07-03,0.0,23545.473331,643119.5510000001,666665.024331,666665.024331,0.0,0.053118622762136525,5.512367633259077,68,678398.595,5.263899681972168
2023-08-01,0.0,23545.473331,659490.9420000002,683036.4153310001,683036.4153310001,0.0,0.024557146996617707,5.647735655528418,68,697787.445,5.414343627612718
2023-09-01,0.0,23545.473331,649968.425,673513.898331,673513.898331,0.0,-0.013941448488343777,5.5689980398110865,68,689705.189,5.351630961192739
2023-10-02,0.0,23545.473331,608642.9569999998,632188.4303309998,632188.4303309998,0.0,-0.06135800330536123,5.227295439676808,68,655550.679,5.086615798054149
2023-11-01,0.0,23545.473331,594787.4739999998,618332.9473309998,618332.9473309998,0.0,-0.021916698147648184,5.112730383396833,68,648420.0229999999,5.031286883567447
2023-12-01,0.0,23545.473331,659420.5240000002,682965.9973310002,682965.9973310002,0.0,0.10452790891862618,5.6471533992380305,68,704294.8030000001,5.464836184583121
2023-12-29,0.0,23545.473331,671399.1149999995,694944.5883309995,694944.5883309995,0.0,0.017539073755957313,5.7461992392184715,68,732110.071,5.680663253592853
