feature,mean_importance,fold_2005,fold_2006,fold_2007,fold_2008,fold_2009,fold_2010,fold_2011,fold_2012,fold_2013,fold_2014,fold_2015,fold_2016,fold_2017,fold_2018,fold_2019,fold_2020
vol_12m_rank,0.3686076364403716,0.33773776863954674,0.3293239100371168,0.34585056173848666,0.36452094352130776,0.37290880706529317,0.36597681081125805,0.3534568395782485,0.3453439385382699,0.35173816492783133,0.3593141766152486,0.3781561081854032,0.38599137368553305,0.39076360211660194,0.39904946223814425,0.4059865642365873,0.411603151111068
vol_36m_rank,0.10999698232467914,0.00812403325944862,0.0716860813244181,0.11424355079933218,0.12363661649151758,0.11686790216911455,0.10505728560743097,0.09457463802541467,0.09178100969177162,0.10485614789247556,0.11711814350445497,0.11675112122313847,0.12612296121807992,0.13612711621038873,0.14009935763931636,0.14620113211666091,0.1467046200219031
dist_52w_high_rank,0.035227591882885344,0.04644811987873168,0.04365853874424847,0.032860103658030805,0.03236365816280746,0.03508056813408581,0.031460432622781746,0.03237300916734289,0.035573559123540696,0.036166624231354715,0.035946053521071046,0.03820204971800566,0.03460187950772199,0.033093664837721234,0.031031457612282074,0.03298791790675166,0.031793833299687595
max_ret_21d_rank,0.03227919482429033,0.034371625675092804,0.04088796016702612,0.03365564234208922,0.031386691828004284,0.03210523785406101,0.03346400906147314,0.033068554819002824,0.03519918105990995,0.033362759206555556,0.03167641676274861,0.030501288433973147,0.029266987652901734,0.03064710571194483,0.02846139463916604,0.029003356038377993,0.02940890593631793
log_assets_rank,0.02601608269055021,0.018193864334600362,0.016999790881657748,0.018225933835070526,0.023473259080350528,0.02613589048189106,0.027653890656276058,0.028471726449349328,0.02845491466831879,0.027963356205037652,0.025652349576563923,0.02784731393682129,0.02880414367351081,0.028204394891471588,0.03148137912364131,0.029605959435312374,0.029089155818930092
price_vs_5y_avg_rank,0.024534148688403763,0.0,0.013313147737708338,0.019723244446720956,0.033180300236964964,0.03197826084912699,0.027967375643898663,0.026333318777196718,0.019095659974896206,0.024998236488912754,0.019601251600127337,0.022158227675051826,0.033250546274683934,0.031017088553349545,0.030491358582654286,0.030424805664712576,0.029013556508455118
dist_5y_high_rank,0.01845630779941545,0.0,0.009035986591396171,0.044687061195540355,0.03978354751000239,0.030303341721180696,0.023468845270537702,0.019519698485623876,0.01712238218689429,0.014687043421487418,0.014975898705268846,0.016389230363239374,0.01533624634217567,0.01356027621212657,0.011902363614824309,0.012310740156537034,0.01221826301381241
dividend_yield_rank,0.017516754140713013,0.03750980142350112,0.04198580693536742,0.020083300691878664,0.021339339324662223,0.018277472976000443,0.012766257197735791,0.011675837804762864,0.009254797078972254,0.01105154009989001,0.014477690531505799,0.017546955883883553,0.01547167228327886,0.014410947198469897,0.012419247728822849,0.010874056392640373,0.011123342700036076
retearn_to_assets_rank,0.015769919243125062,0.03001278723567361,0.020621069853438555,0.0169883642761814,0.015548419042867134,0.015891810384297635,0.014586441655478809,0.0163022559547132,0.013356055348137363,0.013139336368372464,0.011680123953244831,0.013513097052049427,0.013269328454773936,0.01626387305401884,0.013500457321872838,0.013330970840602996,0.014314317094277967
ocf_yield_rank,0.013721784348988117,0.016546880311256187,0.014934326562323477,0.014061564241604716,0.016169273506250782,0.017054961150890516,0.02011424149540002,0.019980276012579585,0.018190184111116503,0.01615036979962842,0.012879232376032716,0.010195050427898445,0.009081700135439923,0.009987546555784071,0.007550442910281721,0.008399283753360002,0.008253216233962773
ncav_to_marketcap_rank,0.012911969727817142,0.025998621448752163,0.023556163786324146,0.010933756651968192,0.011664641678353642,0.01299679555690113,0.013770842940731198,0.007651832894141357,0.011760597884253574,0.009096243618785043,0.010804044136336738,0.010676673672500721,0.011545142686383606,0.010866049226276278,0.01175075252339297,0.011660898141235812,0.011858458798737717
ret_1m_rank,0.011562912565771202,0.02132262775530504,0.019966256023835383,0.012107405703122348,0.011076908635887037,0.010591349566735709,0.0117934392008018,0.012588709278271968,0.011655382940862208,0.010966566884990077,0.009632721868307567,0.010900643606673895,0.008869974860423221,0.007258620438762029,0.008647973359898815,0.008595028834483846,0.009032992093978304
beta_12m_rank,0.010188816136410005,0.019990331187512863,0.011900863991183954,0.007115686507602494,0.005753538660122211,0.004444121413769035,0.009386760357832598,0.010738771799855266,0.013546213270309701,0.009348596379479763,0.00922072644617247,0.00829960633928413,0.011294220555889207,0.011274331073226262,0.01210438635755236,0.009992858737827993,0.00861004510493972
ret_6m_rank,0.010030729231954983,0.022709747607589148,0.02227557353859524,0.012191133254306286,0.010516422205119485,0.008785985740602503,0.009274123609357109,0.009548249283105058,0.008781339060561706,0.008746863284267251,0.007507288407427952,0.007107354262308941,0.007858432360632023,0.006860966109882411,0.006550747630354634,0.005995277450044212,0.0057821639071257685
gross_margin_rank,0.009745394501547886,0.01684291112519567,0.01509794612664879,0.011658330676935995,0.009788566090313814,0.010469376417948501,0.011476979660637519,0.010160717326022082,0.010820712460690607,0.008968065466926788,0.009444677259002592,0.008667501029485885,0.00645345663960178,0.006755162287686161,0.006664363200269926,0.006264521069352579,0.006393025188047525
asset_turnover_rank,0.008553728119368977,0.0032809086571643077,0.004667797283823021,0.01806060747841357,0.013720183869336386,0.01167637668245753,0.010011602580825417,0.010471931457964654,0.008606547427551388,0.013204303696210283,0.008557872323796257,0.00859520370521322,0.007056089378386691,0.004238043345955002,0.0046808099268685404,0.004989415476737674,0.005041956619199698
ebit_to_invcap_rank,0.008513689147133244,0.001861677576095819,0.0014114423779956013,0.0016817772545574317,0.0014946181414504977,0.004490657100539171,0.008738143567739809,0.012562659965042317,0.014593316250586614,0.015579076168828546,0.01593931930356529,0.011720148917026774,0.009785902805212281,0.009131809206290432,0.00961794574787072,0.009252342618277828,0.008358189353052782
amihud_12m_rank,0.007935898846256218,0.011380263400753913,0.011758004838928474,0.012414017836995894,0.010212122906204142,0.007529107223997865,0.009393572192322999,0.007311094586115554,0.008163403765295589,0.007721372548804822,0.007887757950437741,0.006810801782984804,0.006473186458532485,0.005533081533713701,0.00426325905131703,0.0050354015794232465,0.005087933884271245
cl_to_ca_rank,0.0077949675748026975,0.021639293517703148,0.00813091968946476,0.008348232249976105,0.0037568077821904383,0.004646486933117186,0.005342897561576971,0.008600814734599466,0.005968562031472608,0.0064901156098267805,0.006705966247964375,0.0082286971497335,0.0063245551566275685,0.007498007938114355,0.008137153363328266,0.007601733759623481,0.00729923747152417
sales_yield_rank,0.0075684602990811495,0.006086568506906651,0.005501925030062421,0.006632034126432927,0.004677496688089773,0.004312335459487086,0.005234911738377726,0.006420679016708162,0.00549485239114636,0.005574712254683654,0.006282432053936199,0.008253264221376028,0.011290212608980651,0.010801651735141452,0.012446521905560044,0.010147047467523306,0.011938719580885949
noa_to_assets_rank,0.007464583740656571,0.00768811082120301,0.009193150226766622,0.010307985823353403,0.007013000992554959,0.008888076537661145,0.008897295964482918,0.008626276446845587,0.008812215773344645,0.008558329704175374,0.008404165746523449,0.007683064224884173,0.005630373015708335,0.005077423571917133,0.005245991270786717,0.004868254363401285,0.004539625366896381
mom_36_12_rank,0.0072520483655783095,0.002634285022078166,0.002810373271623158,0.00779371424146534,0.003356741424969437,0.006386370937498174,0.01185487787152104,0.009130275835921065,0.007411445563067049,0.011122853342669074,0.016095715240143894,0.011422143360425484,0.004409245122050496,0.00516761376828402,0.006250445083044763,0.00465841289791685,0.0055282608665749265
wc_to_assets_rank,0.007111056839047457,0.006974324053144242,0.01092531117375582,0.007729589138384185,0.007668923095765837,0.005856641591330827,0.004706746169068014,0.006516235724440768,0.006835138839494289,0.006954552849574395,0.0062179770201092645,0.006776171837639462,0.009719056634544612,0.007864940696204924,0.007065335999475229,0.0057261471287985664,0.006239817473028842
operating_margin_rank,0.007098907169886617,0.00920907264782375,0.010162233724993582,0.006289178797477066,0.007126061230114195,0.00749575153543878,0.011975573741542008,0.009519347219599163,0.007803943712676378,0.008247393969969876,0.012310538326602314,0.006570587151026784,0.0037545646330750877,0.0029726676265153396,0.0028871623418876657,0.0032084482023679896,0.004049989857075902
roa_variability_3y_rank,0.0064966235438087775,0.0015916412400878925,0.0024498239912983254,0.006818992188860259,0.008245654773480389,0.006692592245989386,0.005130080172950185,0.005752427279249871,0.006132465504340386,0.005820992908416306,0.0070217412327556565,0.007661828741312956,0.007691390008612297,0.008192474302749692,0.008337392771398668,0.00872864998750068,0.0076778293519374945
gp_to_assets_rank,0.006035656956445301,0.007193526052020869,0.007184352561898576,0.005223672270665783,0.003941164465491052,0.004240252398657329,0.006465060213314629,0.006131163274126881,0.007169375037752762,0.005356576259998145,0.007160594968372174,0.0064416083291650396,0.005695099074533158,0.005447165803571488,0.0060368682101920226,0.005932772161986866,0.006951260221378037
tangible_book_to_market_rank,0.005989610271763283,0.011703169263897991,0.009002993383837242,0.0072880362610864575,0.007912050862238106,0.007644708572021039,0.00830865504453694,0.007062502447476224,0.00677031949552666,0.00608511692684196,0.005630858375352548,0.004924730339817528,0.0040466202456001755,0.0026378930498242633,0.002302300128729373,0.002216141815926429,0.0022976681354995943
dollar_volume_3m_rank,0.005818175400645666,0.014844212110580924,0.009771179063868724,0.006681377880230082,0.0057052390491976876,0.005644297862120056,0.005418367670529915,0.006878392617158639,0.006450399669784192,0.004720540843277519,0.004700337154265299,0.004391437214896265,0.0036656991733325403,0.0032854658651134618,0.0029854343589452363,0.004158411489086142,0.0037900143879439734
tangibles_trend_12q_rank,0.005709820033223843,0.005581506872144134,0.00345411177482928,0.0032512847994843642,0.004105886454648806,0.0026511135845983195,0.005371390141340342,0.007472882418934296,0.009111726530825898,0.008125523622223924,0.008548548625603699,0.010095768139295747,0.007033520250653638,0.0047252454307046155,0.003944544816516465,0.0038377190224782496,0.0040463480472997275
tangibles_trend_8q_rank,0.005158092647899129,0.0048600238071585325,0.002830793844905948,0.005004209794220592,0.002666806208538352,0.004877616757646966,0.006384969101737877,0.008680288816055757,0.010159669253845182,0.009695824369825258,0.009947676792909282,0.004407115385849533,0.0030138115526383183,0.0035858451268651003,0.002657486425577679,0.0019524071427856247,0.0018049379858260542
altman_z_rank,0.005131252867923228,0.007127352009056405,0.008523254896052957,0.006085734153813119,0.0060216217396023225,0.004540318689238841,0.0054375940329405865,0.0064477150990266945,0.008633399553409152,0.006069903313565489,0.005106871780121367,0.0029048443594009805,0.002641600800573565,0.003005046976988746,0.003313375038509211,0.0030649501333144032,0.003176463311157816
altman_z_dd_rank,0.005039021426484043,0.005322925493204294,0.006700443607747874,0.008379463467088477,0.008756168445440157,0.0078989358647715,0.005700919054128693,0.005565530570759948,0.005144351561271738,0.004954256336394541,0.005274112741776128,0.002898809000173105,0.004911046946445218,0.0029391473110544114,0.002440144103045151,0.0024429039469497814,0.0012951843734936796
earnings_yield_rank,0.0049336693064412525,0.010482934278594296,0.010333735290164292,0.007421583690514023,0.004585594222851401,0.00291575724163933,0.0020164137337475236,0.003099594401791123,0.0034349327959587303,0.008353788466607554,0.0076689280293367424,0.005514086328354573,0.0036137597596343136,0.0033685428376828653,0.002270758887642037,0.0015210147720892007,0.002337284166452041
log_marketcap_rank,0.004925219839850395,0.004225441629702391,0.003862322746137509,0.006778707386413703,0.0070161596547239045,0.009320470404987317,0.0061651603600224305,0.005499602227235948,0.006172407810496768,0.006133154018382448,0.00577464352139395,0.0029830052352869114,0.003144335448590033,0.00273567486881889,0.0030997966196655937,0.002483887681421908,0.003408747824326594
tangibles_trend_20q_rank,0.004771850556021931,0.011367540621443701,0.01023827990905575,0.005997573440332307,0.0037195451309133534,0.0040304767442874145,0.004428929069729323,0.00544545010987263,0.004962873836172369,0.0033839723681565507,0.003431717316860275,0.0027098924735480747,0.0028944983214099313,0.004015209534030361,0.0032581238408817704,0.0036720154044250996,0.002793510775231982
ebit_to_ev_rank,0.004669046091740906,0.0038893002976578485,0.0050612995918319125,0.0019907010030534122,0.0019885935111823225,0.004794704543097745,0.0047252933553793945,0.0054829449762737025,0.004582854612843967,0.0024448587728090896,0.004727488081020044,0.006454731522357899,0.0070521314971228296,0.00574872528506178,0.0061654387099583305,0.0052333236372000425,0.004362348071004184
tangibles_trend_4q_rank,0.00438019492018587,0.01325673990029518,0.007521271596142618,0.0053326776490796365,0.004332147692719089,0.004664293479085354,0.0046674985064250035,0.0036629772275395076,0.004047064451385003,0.0035003720199015473,0.0036095539990219135,0.002555965263430486,0.002566906299708932,0.0025474456476691637,0.0030761367609058563,0.0024598417532949745,0.002282226476369647
ocf_trend_4q_rank,0.004262588199359843,0.0016896952615036778,0.0010316805091511107,0.0015167151445499099,0.0014553773065244275,0.0019492853766405196,0.0013640460067981706,0.0021984482919044706,0.002822272601223114,0.002644965506745235,0.0032333048693657792,0.004153117817825514,0.009659357162473662,0.01055109092429119,0.0060236712578697945,0.0097769862396544,0.008131396913236512
mom_12_2_rank,0.004165991084715455,0.005432042076185919,0.0041532105810461965,0.0033721995471310885,0.0034300475137808025,0.0033829535789934155,0.0034063359968675836,0.004115391277600064,0.006641716049233892,0.005211837171515904,0.004089768517342034,0.00454948012663784,0.0042813072994265945,0.003137396658752658,0.0034416040745870805,0.003974521792827401,0.004036045093518804
revenue_consistency_12q_rank,0.004118822198049013,0.0020190280139601507,0.0008846411150708008,0.0009209878798433529,0.000801841275228801,0.001133573985053473,0.002578001143407196,0.004314460416217345,0.005883395420914754,0.004488066599103474,0.004730486579405439,0.00893445391113583,0.006339661867570096,0.0074109540043655,0.006073968889640806,0.004910460637834046,0.004477173430033154
ext_financing_to_assets_rank,0.003820058293931095,0.004839056184172849,0.005298119877857565,0.003522966055539709,0.0034404107066853015,0.0031992294567180428,0.003973316118051511,0.004692944837051481,0.0037781025723545576,0.0037594904551848767,0.0042338448823115386,0.004087512239170662,0.0034258001613915456,0.003688771083069152,0.0033390754732943997,0.0027859775638644398,0.0030563150361798963
tangibles_consistency_20q_rank,0.0037536072179293343,0.004574052354963104,0.003419559049713846,0.004282888325805008,0.0037940570260891963,0.004412960246067779,0.0036045164022047143,0.0038890412415513733,0.0030714735271190423,0.0034112421509517386,0.003065813936457483,0.003128152663955024,0.005570706198887913,0.003853030458536286,0.004074866272686201,0.002752183540124522,0.003153172091756118
ev_to_marketcap_rank,0.0036998018411911705,0.004929017743936868,0.003668468328449204,0.0022051348194232,0.003863888704615816,0.0027643800291889432,0.003728749494541233,0.003853410332705929,0.003337270354318308,0.004431852778428837,0.003799685270607453,0.004001656527849924,0.0030321300846205042,0.0038867997498864496,0.0044844503658058935,0.0036746773881918683,0.0035352574864883028
current_ratio_rank,0.003699315477342129,0.005731309958810839,0.0046899322958836595,0.00325820496437649,0.0048764245992165434,0.0019995836842692685,0.0038735510972316835,0.005844200154108186,0.008532859547654448,0.007988566696120346,0.0023640951549942306,0.0006550961152184171,0.0016818379732863075,0.00225793115063116,0.0013226942962051944,0.0021667513160033795,0.0019460086334639186
cfo_to_assets_rank,0.0036850483925615295,0.0037569316137790894,0.0021377855573539483,0.0014681441564350192,0.0021496961703322158,0.0030217304346102447,0.0023515589929455315,0.004097536767084838,0.0040092581587311,0.00514392184078499,0.004172152478799788,0.0036239599953986567,0.0035614212618214247,0.0044167383931318785,0.005236990857325496,0.004485009986478635,0.005327937615971618
marketcap_to_liabilities_rank,0.003680320487287135,0.005931878714188637,0.003301523419434955,0.0030086075625743347,0.0029683625049902363,0.003162235738613067,0.002964297980190153,0.0029997236503967284,0.002528662406501927,0.004646189083724214,0.0030628343638726047,0.0028154224036315055,0.0030069144776374798,0.004449002258847209,0.0046979418781337,0.004561695300789637,0.004779836053067766
debt_to_equity_rank,0.0032564131722984425,0.0058149223085425805,0.005083945537564379,0.004668546811757439,0.003704652670046805,0.003268615086331612,0.003841571751147968,0.0029590041287517127,0.003439992813557725,0.002628089639541947,0.002507643462658698,0.0027766326455907816,0.0028926182266518297,0.0027804051897234094,0.0018333386734894603,0.0016693863624947943,0.0022332454489239375
quick_ratio_rank,0.0031957557122086026,0.004286357618912525,0.005073298915266528,0.0033984142507120243,0.003322639238355048,0.0029849490945683395,0.004205871828894507,0.0038360420681332872,0.0036765239088912154,0.003921367449095086,0.002316413508271751,0.003143536346520332,0.0028353603156769124,0.001650502256162283,0.0028296710934337314,0.0015855892768540415,0.002065554225590032
revenue_trend_12q_rank,0.0030748061995131363,0.0038270880287724963,0.0027918661453524814,0.002851707261640338,0.002551641531452082,0.0017505212624115592,0.0018139737449432162,0.0036890303182150657,0.003804205048186772,0.002423898171945281,0.003571729749712945,0.006071332163097884,0.003969657659773889,0.002700631280296591,0.0027479307490086407,0.0024291295182431033,0.0022025565591578295
rnd_to_assets_rank,0.002970620504005063,0.003042883695265359,0.0023426159267480235,0.002198497568164491,0.0023450428167890737,0.003306437849484011,0.003851155819721231,0.0034178952111276703,0.0032458942768055572,0.0033003967634675506,0.0035183582404271015,0.0027769791784233405,0.0023979393236460604,0.0027000826901666867,0.0026518341270163953,0.0030847685422720618,0.003349146034556394
revenue_growth_variability_3y_rank,0.002951380210367206,0.0012298957131054316,0.0011907080351365412,0.0020722682512394086,0.0010763078175956907,0.0021350390325621392,0.0022580502884946936,0.0029897450509979062,0.0023269801990474562,0.0024309258352984003,0.0028462189188660017,0.004740025603261137,0.0045888769837341015,0.004332828162213221,0.0041321345578322535,0.00466475642502223,0.004207322491468677
ebitda_to_ev_rank,0.002870098781658006,0.0030914123620207554,0.0012400475602217251,0.0013927007741003214,0.00118452821035614,0.00284748784832577,0.004948481157643538,0.004768567392261013,0.006382013366377054,0.006860638263646646,0.004716670834990025,0.0018977913318504148,0.0008789307313579474,0.0012990409941512485,0.0013966804997084593,0.001051726044302373,0.001964863135214656
tangibles_consistency_12q_rank,0.0027543763516294758,0.002800624683482099,0.002042056107108018,0.0014561138670337308,0.0015008409519995346,0.0016824911859770226,0.002947293478620856,0.003719567331618473,0.0035954806753453476,0.003915456612323042,0.004223005871851895,0.003842887975642514,0.002147809619725701,0.0023392263980082165,0.002284776877458566,0.002965145096734415,0.0026072448931421764
net_debt_to_ebitda_rank,0.0026948586316032108,0.003287708469643463,0.0028628667189402332,0.0011328431154295478,0.0017817819163927265,0.0019214434438507503,0.002390582932197352,0.002349097365686569,0.002391719937679201,0.002986042363372457,0.004005768853820052,0.0027212240760307073,0.003476974439590044,0.0034140372272525323,0.0034407429036973605,0.003031360330234869,0.001923544011833498
interest_coverage_rank,0.0026922736352752615,0.0033696637327411587,0.0024577423014243106,0.0020814913315105187,0.0017538890361448712,0.0031429319883567674,0.003332723622476699,0.003916552274092866,0.0037244759353592936,0.0038465888217611294,0.003747334265353628,0.003636019421081857,0.0020493531665472632,0.0017330575964407079,0.0009505997909915961,0.001567528216645504,0.001766426663476015
revenue_consistency_20q_rank,0.0026447416366426673,0.004172820554188939,0.002812981299976801,0.0020008243352446133,0.0018665977274041512,0.0019914115127745145,0.002379251237958218,0.0031292665169178604,0.00560093118070334,0.00273158764958851,0.0019169117876409664,0.00268003771170486,0.0027832791976613682,0.0021846636802521123,0.00203690767815171,0.0016815592350474743,0.0023468348810672356
share_count_growth_1y_rank,0.002596499545301686,0.005327663624107175,0.003362797089096042,0.0013400826939683572,0.0016650854816660653,0.0019146865699014013,0.0019576178593205137,0.0029755283577272474,0.005331713631014767,0.0035434639544983863,0.00270665664086149,0.002154957874937166,0.0023973619846444786,0.001868340186376782,0.001899565559580115,0.001414511740162374,0.0016839594769646113
capex_to_assets_rank,0.002483520765676075,0.004100067517328532,0.002862033493581482,0.003629725454929045,0.002216049041728432,0.0026502408386364674,0.0023127859618300313,0.0018758322382179718,0.0019470233792040705,0.0016537364683253837,0.0017405508440115917,0.0017750593247422186,0.002228209596161779,0.002341010537674298,0.0027131329027280096,0.0027950665913380845,0.002895808060379809
roc_greenblatt_rank,0.0024648544238895587,0.003323259163670168,0.002321328361663208,0.0029489379345624006,0.002208301431823149,0.003884471393788125,0.003788419519469999,0.0036529476114209886,0.0039843958171411785,0.0031836338055621916,0.0018616615621229727,0.0015256251916220536,0.0007835527166596715,0.0010963146697129328,0.0017708197787505088,0.0020716454995119127,0.0010323563247514776
book_to_market_rank,0.0024479552978662503,0.004195548645937477,0.004896808315467646,0.003360508519098535,0.002412207660313721,0.0022576811312908533,0.0027981668174206402,0.0017499391630594783,0.0027519961774226153,0.001823976730408339,0.0016775471721701888,0.0019822319311892434,0.0017071791099397442,0.0016322087902928323,0.0018360028751285024,0.002346937630258111,0.0017383440964620792
revenue_trend_20q_rank,0.002440954444219774,0.004749987442683026,0.002827966021003665,0.0015642316237430066,0.0028776102863277684,0.0029441837905366977,0.002800658049475288,0.0033859805728382927,0.004336300050316746,0.0022045950249537133,0.001900524020348732,0.0010915841994452728,0.0018899309778334884,0.001825501276396689,0.0012433551838493073,0.0018504478268676456,0.0015624147608970422
cash_to_assets_rank,0.0024300541963363335,0.005350177115895415,0.00342213461501867,0.0034443071106817894,0.0027158264878289176,0.002621013543057924,0.0024350186232620385,0.0026211663479838057,0.002020323933909431,0.0021042985011816106,0.001611208387440123,0.0013890752969887474,0.0017788663847435975,0.001831516999518309,0.0017148855841825996,0.0019635320617082124,0.0018575161479801555
ocf_trend_12q_rank,0.0023947352851548817,0.002692578698462898,0.002080425226004496,0.003237366977304865,0.002971648131643797,0.0020370078621646617,0.001745476056536497,0.0020808647285435367,0.0021487826844359898,0.0021174459122410157,0.0014576993575478102,0.0028488483484154677,0.002794805975275912,0.0022842439718546016,0.0019988666308624467,0.0030524504624162316,0.0027672535387678887
magic_formula_score_rank,0.0023131219566833046,0.006039823780351266,0.0042915387626464045,0.0035494920702057384,0.0021143575349595886,0.0016979217215519118,0.0024032882805161662,0.001620699116645848,0.0021207006648188073,0.0018328917356316232,0.0010750347461845674,0.0008132174902226458,0.0009634555924196298,0.0019141308195111415,0.0020858534638372637,0.002556857323660453,0.0019306882037698155
earnings_yield_vs_5y_median_rank,0.002248656912232502,0.0011143435767516998,0.0017990007352642109,0.0014975114357274246,0.0017217672829085086,0.002643549613711257,0.002681446662020725,0.0031269153112401227,0.0022082527311478913,0.0027468088479356387,0.003456920253266079,0.0034092433109368164,0.0027871749962013206,0.0021020574190506154,0.0017976215083519616,0.0014334639038990561,0.0014524330073067012
fcf_yield_vs_5y_median_rank,0.002216597759406158,0.0014734286508142364,0.00043891789099857715,0.0007958519092964705,0.0011043289246546117,0.0016600263371767212,0.0016127956331807038,0.0026620854845177907,0.00245284447144713,0.0031358135103205054,0.003152362256777979,0.003363576254412949,0.003390005206868889,0.002926409430668476,0.0031178459875831764,0.002179818640472662,0.0019994535613076484
revenue_growth_3y_rank,0.0019906618654713507,0.0008341787845107024,0.0035339098742360334,0.001818560067915801,0.002748868753907617,0.0014952475349865467,0.0017792275867181612,0.0022295197560856803,0.002642911386608265,0.0018775185889425344,0.0007120677115234044,0.0012933418711509148,0.0032476640121676787,0.002696326071791402,0.0019930854669453152,0.00190296569862075,0.0010451966814308063
gross_margin_delta_2y_rank,0.001981148766893564,0.0026760245300563794,0.0016522932225650766,0.0016945521950915336,0.0012806113168705446,0.0021056664016259287,0.0015259201085154595,0.0022738339087467496,0.0012378325621192384,0.0011913275919968392,0.0015718133689792825,0.002076510449868766,0.0026054373576080044,0.0023725256667588425,0.0024366378772955554,0.002336076720213287,0.00266131699198554
net_payout_yield_rank,0.0019683441497281256,0.0037004207123457152,0.0013704499189059443,0.001840567940106595,0.000985653541525978,0.000583862658856878,0.0009500657447966866,0.0009699778021893695,0.0016298088811024854,0.0012377545323688152,0.0013125831595222806,0.0014226478728471474,0.0026014767571703712,0.002773366781813197,0.002955794444362256,0.003642390228916027,0.0035166854188202635
net_margin_rank,0.001949009065208502,0.0028716781536572197,0.002922695310905187,0.002990331287100338,0.0016181372202480249,0.0018174868014844247,0.0016703383637783286,0.0018164582316689542,0.0016576865636405062,0.0012294204156681437,0.0014653587499842075,0.00312089739513526,0.001083336199851202,0.0008614333074846056,0.0014124135798995899,0.0022559730449768635,0.002390500417853177
fcf_yield_rank,0.0019257175914148075,0.0029868470341801122,0.0035597166307009933,0.0014342075567420952,0.001512893033146256,0.0012275159069003773,0.001764378535864762,0.001834946023281428,0.001611575584647198,0.002497793251599276,0.0022359973079656677,0.001956863237457851,0.0010293424788451917,0.0019246727574808759,0.0018044724283917363,0.0022303253480451023,0.001199934347387996
ocf_trend_8q_rank,0.0018729823121306545,0.0015365563652001825,0.0013781585469715757,0.001023285594003311,0.0017309863124115002,0.0009955243360618277,0.0007532106559108207,0.0004192914385336083,0.0004927249323820183,0.00103130250704288,0.0014061507622186932,0.0017780895729422614,0.0017997200105122136,0.0038110868111964546,0.006464730086883589,0.0028256541256449492,0.002521244936174585
roe_rank,0.0018069207830401367,0.0026534808963769568,0.0022983227338767087,0.0026332239052366336,0.0014635856655841326,0.0017768431421251174,0.0015882858023244773,0.0027934584638355845,0.001691336477884515,0.002384521351610935,0.0020116161946264603,0.0022268462360813014,0.0017201835631370573,0.001216344368053469,0.0006341670837099041,0.0009386829763633573,0.0008798336678155731
tangibles_consistency_8q_rank,0.0017144211811378127,0.0015103992280688762,0.0008966442268762162,0.0008411600468684638,0.0003637025695004107,0.0008702041981962363,0.0014381679859710225,0.0026215035409217938,0.004617294060794896,0.00356767484292848,0.0034656684937062637,0.0016197528785198798,0.0013773155913961194,0.001163028784060339,0.0010650834281872503,0.001132379057551485,0.00088075996465727
zmijewski_rank,0.0016825268201894686,0.0025022772878417416,0.001960349457554302,0.0014816488706389012,0.0014378626470612991,0.0010707280635095934,0.0013422475507514546,0.002410957012587714,0.005070479047918271,0.0016388434276206907,0.0012191798695946065,0.0004931540008517688,0.0012519969860866154,0.0013295967042187386,0.00145434821420551,0.0009808034961883315,0.0012759564864019634
ocf_yield_vs_5y_median_rank,0.001667401878372297,0.0008181809470308995,0.0012818877220935933,0.0016294208338884161,0.0021298557034253444,0.0012288828048345197,0.0011393245012053669,0.0004846283747191473,0.0010204051136274539,0.001086969428931658,0.0013363241649890173,0.00222944178325468,0.0020356889223242004,0.0021475040035541194,0.0027361081933695835,0.0028739580005225696,0.002499849556186179
revenue_consistency_8q_rank,0.0016465784062847724,0.002099379244908399,0.0006374992087638133,0.0008714264327832382,0.00048258422296651877,0.0009740137057443233,0.00167977279984903,0.0020796837756078116,0.0016173692116133176,0.0015906758089199286,0.0037549640907449085,0.0013370917196329185,0.001616146093871319,0.0023787803723209397,0.002106835491291306,0.0012986798428118711,0.001820352478726714
ohlson_o_rank,0.0016262792599108405,0.0026061046922470172,0.0024962242278927767,0.0016871371634804566,0.0010959293173294093,0.0021114942343711625,0.0013690763602348264,0.0013976685458788319,0.0013662724056551904,0.002091036413180615,0.0019497438554438383,0.0020512762312602617,0.0015007798764831238,0.0013290542045168332,0.0012901806832273121,0.0008225441054719374,0.0008559458418998562
epsdil_growth_1y_rank,0.001580806737920548,0.0031214547195654026,0.002823999563277345,0.0006151986332569471,0.0004970514753636925,0.00047267403565003004,0.001383047668405908,0.002779152401205662,0.002418970531932455,0.0037759295714052906,0.0031175033049784793,0.0012427619176227126,0.0004965090407271887,0.0005050098604313446,0.0007717428831801245,0.0005567491170723908,0.00071515308265379
revenue_trend_8q_rank,0.0015794097858684666,0.0021830555327056957,0.0016494606906071207,0.001032578573938956,0.0008888851040418108,0.001365580698665599,0.0011459471314858617,0.0015296183970774178,0.0015737488669653893,0.000967479970214083,0.0019022410616327406,0.0021615945316547213,0.0016867175723404122,0.001543627204883687,0.002131370692723689,0.0020889651485822974,0.0014196853963759806
roa_delta_1y_rank,0.001559922787399942,0.0009485006204216299,0.0011485229762108284,0.001179427306306921,0.0013767985904861986,0.0016436025562512973,0.0023550866874206206,0.003207526336460054,0.0043613874105562535,0.0025875120445832084,0.0017702776877217964,0.0016740105694788496,0.000873716659360596,0.0005617279626920411,0.00036135586308764286,0.00045873119346078806,0.0004505801339003418
sgai_rank,0.001500078613859426,0.0009817549303907803,0.0010837849389029634,0.0009753281865947207,0.0015186821280749627,0.00231156380889256,0.0024424800979311093,0.002306390258005007,0.002178854023458259,0.0016864034175101494,0.0011118908221594082,0.0011684164241403442,0.0009788012555585856,0.0010711358690266958,0.0012565802014830167,0.0012256048522032155,0.0017035866074190387
ffo_to_liabilities_rank,0.0014823619676547191,0.002594901294131373,0.001433264855555847,0.0009847848003719812,0.0014431871109881395,0.0012190949320131754,0.0015389005732275986,0.00057628566744178,0.0012239185273542784,0.0009925377898989658,0.001262360995975077,0.0017466865697952898,0.002665553791732031,0.001737776475948681,0.0019370015139563439,0.0015244599821933348,0.0008370766018916081
revenue_trend_4q_rank,0.0014396861443941834,0.001975351624914478,0.00204529943367267,0.0017836756704770502,0.0011591641572052838,0.0009542753867080814,0.0015215861282374746,0.0011488571650499619,0.0010558278485389729,0.0011754549342938643,0.0015779283222757319,0.001792559240805858,0.0017095629048181121,0.0013966457340779637,0.001311990781294738,0.0011426857535575866,0.0012841132243791155
sales_yield_vs_5y_median_rank,0.0014361606069895284,0.0,0.0007311651571882962,0.0007386444614909194,0.0010336438185793804,0.0008066053645252781,0.0009722705270671532,0.0012268724238786968,0.0014694211363264777,0.0009666951008765124,0.000986566982453013,0.0021125842166461804,0.0018182989527201852,0.0028125324825106456,0.0024852739898544715,0.002843188607226812,0.001974806490488435
asset_growth_1y_rank,0.001399043014296417,0.001700765274319408,0.0014970971250766387,0.0008690425571752677,0.0008390891387000139,0.001081455013936323,0.0011693219448788445,0.002624546894180344,0.002788330054909632,0.0030868556258241233,0.002288708896226598,0.00128620209626449,0.0009938262177800494,0.0010751350019879416,0.0004477647569379704,0.0002758533542160277,0.0003606942763289972
liabilities_to_assets_rank,0.0013869727475445022,0.002956190546997492,0.0030139955740306193,0.0016780572134839809,0.0016325853809256768,0.002357977636723718,0.0013457547580607051,0.001513199281316052,0.0012586386347475938,0.0008131254657139366,0.0009435926567092108,0.0005779966433064054,0.0009454102890576569,0.0010148460621125673,0.0009151858823390075,0.000734636820698956,0.0004903711144884531
ocf_consistency_20q_rank,0.0013821411988638624,0.0003586243688305678,0.00034322011506510174,0.0007886814535042387,0.0017346390417960432,0.001220783647068709,0.0014592656782023768,0.001364739482200182,0.0025938362960857037,0.0018176370456823292,0.0020032974370031075,0.0024195688557291433,0.0013696934572520905,0.0015553351684131516,0.0013279486022634778,0.0007365606647019454,0.0010204278680236265
aqi_rank,0.00137343179568778,0.0018323093902022306,0.0023663730406162245,0.0017208673335256633,0.0018415955631113769,0.0011107150221532018,0.0014703247669189054,0.0012335223745622997,0.0010492089242959638,0.0013510688956812305,0.0014603663259014296,0.001308591255020123,0.0007562959015547372,0.0009079881379551261,0.0013646920798606927,0.0012586915900904343,0.0009422981295548401
roa_rank,0.0012944722964968183,0.0009413773800994589,0.0010885888123403022,0.0017576165197725304,0.002362209742100684,0.0013256057332655259,0.0011251364000310876,0.0018469187267382552,0.001812199658379547,0.0015287639573960338,0.0010490218028664782,0.0010515815072321415,0.001533244964977143,0.001367075472416783,0.0004948591411899262,0.0008212499700003289,0.0006061069551428647
ebit_to_assets_rank,0.0012912082180282082,0.0017967379713959078,0.0012517006892986686,0.001894949098851995,0.0017885758173677585,0.0019902279057325595,0.0016251710973398897,0.0018999169442312544,0.001566264302688039,0.0018721191738815667,0.000308382915070212,0.0003555995772837781,0.00026743394567567137,0.0007979806677896731,0.0008611191344071322,0.00136733465260025,0.001015817594836972
fcf_margin_rank,0.001259966425210318,0.002932521263301928,0.0011315748741557647,0.0012429082204860912,0.0014109319499812307,0.0012770133521818863,0.000966121622091864,0.0007140585170332498,0.0015341414490959082,0.0018688543185282004,0.0013395951589169766,0.0007384109891671503,0.0008641251785131377,0.0008290554064523284,0.0009084489074638484,0.001099963615801,0.0013017379801945248
ocf_trend_20q_rank,0.0012503594099654697,0.0011761692010728846,0.0010131115721391695,0.001385578172132217,0.0009052625641958281,0.0009356026062086232,0.0006861445890267186,0.001916876288720845,0.001419549272968682,0.0014520630322153692,0.0015130821102569997,0.0008331587447817464,0.001787287773197073,0.0017106946549327003,0.001329860195394598,0.0008789259117543499,0.001062383870449712
accruals_to_assets_rank,0.0012219896318681294,0.0025347893859434065,0.0016914680463163488,0.0021108996407515823,0.0012607157916207305,0.0015604077353764268,0.0011639052194255112,0.0013312056185955158,0.0011539395231309742,0.0008222619677187962,0.0008982494363392135,0.0004565529716807385,0.0008521429624704279,0.0009731323473518913,0.0007905007323004995,0.0009725833416102298,0.0009790793892577765
tangible_book_to_market_vs_5y_median_rank,0.0010843082224206671,0.00040832576719649765,0.000378299405449886,0.000992671961576324,0.0008805944323915507,0.0009195018824964909,0.001056696065298907,0.0016801878843142445,0.001823203322450319,0.0017299624787011929,0.001278063913070645,0.0008595580771544809,0.0009880184837915602,0.0008406262180341353,0.0011036029434611289,0.0008638481748538212,0.0015457705484894899
equity_to_liabilities_rank,0.0010307791120867072,0.003179197695076861,0.0029831414073105814,0.0010955704779315486,0.001741118367921884,0.0008682803833326078,0.0007540778144553399,0.0007472274600906091,0.0004522080307833894,0.0009619425100467025,0.0005290799794072723,0.0004561502141093397,0.0004900103505113716,0.00027409573589054373,0.0006948753964516237,0.0004679317879044596,0.0007975581821631793
revenue_growth_1y_rank,0.0010086820384384609,0.001308626443849287,0.000850146211335097,0.0013261489060648417,0.0013957913819485756,0.000642523408655882,0.0009220660576136979,0.0006255501841640269,0.0003296092437169274,0.000615356906648365,0.0005724288082041423,0.0012294581246372611,0.0015648436515958667,0.0014278335871767787,0.0013728750083683225,0.0011210434855683054,0.0008346112054679951
tangibles_consistency_4q_rank,0.0010011501435644554,0.0028919349075861296,0.002547475113949882,0.001764317916829531,0.0011424916243713014,0.000736408066320215,0.0005855543883423376,0.000565271672047096,0.0008895477465056584,0.0009981126066276641,0.0005852512059305265,0.0005174280348886062,0.0006571238434281308,0.0007789608414310764,0.0006447200222274,0.0001482825218932666,0.000565521784652464
depi_rank,0.0008943016708855475,0.0017581812093206823,0.0010318215315586814,0.0017575657502302989,0.0012515325041554724,0.0011998511157397468,0.0005587295596953784,0.00047735577375034884,0.0005015349341818687,0.0004501359511390217,0.0008162654147501958,0.0007476548313938485,0.0006724940413819629,0.000757123141309844,0.0008327146668292982,0.0008421221856584621,0.0006537441230736505
revenue_consistency_4q_rank,0.0008804234283468207,0.0034418613066661934,0.0017972394077844245,0.0010617849936567368,0.00048282335251337576,0.00030661837302389886,0.00044241078958740746,0.0004524209188448485,0.0006122034911887889,0.00047074958006426205,0.0006757374582564932,0.0006938665625451765,0.0008041090743516936,0.0007635949615474319,0.0004809461060433605,0.0007720615688272292,0.000828346908647808
book_to_market_vs_5y_median_rank,0.000839315589526583,0.00014758081083812163,0.00045041326062139186,0.000993564123405337,0.000927212283733347,0.0017158654152373378,0.0011139236806592344,0.001694175350218198,0.0010431513035066003,0.00046769306508672625,0.0007101256008476571,0.0012887962480623576,0.0005821014523253868,0.0005730645198623971,0.0006417814353931054,0.00047778296744359214,0.0006018179151845395
lvgi_rank,0.000780838146007891,0.0014499346300283474,0.001175918244668298,0.0008943371828655925,0.0001086318105069608,0.0005980547218559483,0.0009183793528706166,0.0011036542776576412,0.0011734527815720809,0.0013208390169808996,0.0008236200778618901,0.0006138093042688139,0.00012071518318579983,0.0005055846010526345,0.00034969589915310296,0.0004563619827574207,0.0008804212688402077
ocf_consistency_12q_rank,0.0007046341231670457,0.001731472017804486,0.0014845852143646132,0.0009643566154265737,0.0008827442246748767,0.0007867940867488775,0.000722094195081304,0.0006235001180158159,0.0008400134198022498,0.0006319019630242772,0.0005371468958482384,0.00031633904404135174,0.0004078816126619413,0.00024852743290699575,9.624180600741047e-05,0.00036994334574399275,0.0006306039785197297
dsri_rank,0.0006933506853332064,0.0012936602081363338,0.0014163404460448554,0.0009816792754073524,0.0009876103217717268,0.0007255612555124026,0.0005752252376424867,0.00029530653632053866,0.00048475068437773503,0.00029079734510910007,0.000516674479426737,0.0005928863191987337,0.0005177139538136388,0.0005956800577087611,0.0003175117273558687,0.0006324270871648413,0.0008697860303401916
gmi_rank,0.0006238542466690878,0.0010494686076811639,0.0009568833119617647,0.0010114980620896247,0.0008273509547732542,0.001096359932577147,0.0004170803349906604,0.0004950168289261556,0.0005312927435284377,0.00047661848520908043,0.0005223213143488941,0.00042922591726546057,0.0005157705180680707,0.0003512544876914482,0.00044456324131249476,0.00036738437003875317,0.0004895788362429957
asset_turnover_delta_1y_rank,0.0005893448714384005,0.0007133062179288175,0.0008818271747557191,0.0008781537199568632,0.00042486587939680474,0.0005671867429771265,0.0012153593040210723,0.0009337725095665344,0.0002682180060337527,0.00033890196038294153,0.000568778212293411,0.0005433558790621203,0.0004704160399433309,0.0006602592272695116,0.00033818097291030906,0.00036817373221463117,0.000258762364301464
beneish_m_rank,0.0005880937020077819,0.0013346763860313607,0.0009011327641241462,0.0009887985327410743,0.0006251280405404709,0.0005985096459670127,0.00046392315837118827,0.0006239023504777969,0.000638208488580143,0.00037133728404948577,0.0004120717454338456,0.0005483111739025068,0.0005161831331516797,0.00037002732373116355,0.00022698633595338253,0.0004309817591877389,0.0003593211098815132
conservative_score_rank,0.0005109173077604901,0.0006795684724520993,0.0012849705240588695,0.0006642840767884746,0.00028246199225875435,0.00043341134187289493,0.0003494803049925548,0.0004921947646161004,0.0007426865666361995,0.0004468116941191154,0.00043721909804388565,0.00019743798280401323,0.00021483493962488827,0.0006052677007953539,0.0008326107604107126,0.0004036990049754453,0.00010773769971848074
gross_margin_delta_1y_rank,0.0005053485992565618,0.0011450536415917823,0.0007718380866909625,0.0006117497471227746,0.00038930988380034076,0.0004483928086941958,0.0004607919159523925,0.0003543870700134061,0.0002733520158955185,0.00015514548746826,0.0005976614996118294,0.00024886777979923175,0.0003411852389329933,0.0004987407563304783,0.0003902493531262053,0.0006848605101011937,0.0007139917929734232
ocf_consistency_8q_rank,0.0005005901443244534,0.0009153118854149527,0.0005614266370545521,0.000452144757174976,0.00030853920177162223,0.0004455503037911094,0.00042797665579129274,0.0005714127121126727,0.00032772509902820844,0.001228468676542508,0.0005149872220610369,0.00030186776792363987,0.0003509590302494895,0.00042598786908920854,0.0005341961342211626,0.00044915660483170765,0.0001937317521331157
ocf_consistency_4q_rank,0.0003813131055967806,0.0012038589493307452,0.0006556318192552412,0.0005946453439279387,0.0005380095176255297,0.0003549477237892023,0.0006237268037894589,0.00017720530290706458,0.00036154945639704057,0.00032373966910063284,0.00017555845980713497,0.00021871215195835514,0.00022413252189310972,0.0001833360239547219,0.00013874529059464,0.00030371519686670775,2.3495458350965954e-05
sgi_rank,0.0001671242758360131,0.0003147444972479731,4.568892429699199e-05,0.0001889061180301647,0.0001601722432403877,0.0002082600591775851,7.933330193307036e-05,0.00021873896821754485,0.00010060518877180047,7.65918566692893e-05,5.465608614825296e-05,0.0001592212575149589,0.00016164799866888417,5.8826974767759134e-05,0.00014455092890263031,0.00030504878194074076,0.0003969952278481753
