pick,pick_permaticker,analogue,ticker,permaticker,snapshot_date,similarity,sim_forest_nonloser_dd30_3y,sim_factor_mom_12_2_3y,sim_factor_roc_greenblatt_3y,sector,fwd_1y_cagr,fwd_1y_excess_cagr,fwd_1y_max_drawdown_from_entry,delisted_in_window_1y,fwd_3y_cagr,fwd_3y_excess_cagr,fwd_3y_max_drawdown_from_entry,delisted_in_window_3y,label_forest_nonloser_dd30_3y,vol_12m_rank,vol_36m_rank,conservative_score_rank,price_vs_5y_avg_rank,max_ret_21d_rank,dist_5y_high_rank,dist_52w_high_rank
JCI,124117,1,ROST,198685,2015-02-17,0.9391109943389893,0.8734694123268127,0.9891664385795593,0.9546971917152405,Consumer Cyclical,0.128762591495726,0.21197976071635527,0.0681088076914187,false,0.1977597288484918,0.08160437941515752,0.0681088076914187,false,True,0.13210656413073332,0.1343558282208589,0.9433903576982893,0.8631128660743665,0.24582463465553236,0.997950119576358,
JCI,124117,2,ACN,193203,2007-06-13,0.9376556277275085,0.8244897723197937,0.9949495196342468,0.9935275316238403,Technology,-0.0015712354295317477,0.06719947258346382,0.16088719991230327,false,0.004533619951522461,0.0882111286458569,0.30682939306463997,false,False,0.1216499650431135,0.12216849071010435,0.9818370524130773,0.7082869855394883,0.4649339009634775,0.8181294964028777,
JCI,124117,3,EFX,199747,2013-01-16,0.9335039258003235,0.8102040886878967,0.9911893606185913,0.9991182088851929,Industrials,0.22621804358550257,-0.04224322425868232,0.05815559618119037,false,0.25915341525160107,0.1296343357073393,0.05815559618119037,false,True,0.10397553516819572,0.07102357505222322,0.971005738447599,0.8463722397476341,0.39480097481722176,0.9724527049452373,
JCI,124117,4,CLB,197207,2011-11-14,0.9329670071601868,0.8326530456542969,0.9848129749298096,0.9814351201057434,Energy,-0.05925846963383852,-0.21142793270292315,0.10520282473045017,false,0.08742740858622389,-0.10355328056536717,0.10520282473045017,false,True,0.15367965367965367,0.1345654057175859,0.9188872620790629,0.9435604923446412,0.2885176345796871,0.9367624810892587,
JCI,124117,5,GGG,199673,2002-04-23,0.929919958114624,0.8224489688873291,0.9751277565956116,0.9921831488609314,Industrials,0.024739718746027872,0.21374046685764936,0.19898082989565646,false,0.2983190687185764,0.2615570671220715,0.19898082989565646,false,True,0.10479465911389844,0.0761990138951143,0.903850641773629,0.9237611181702668,0.29639226629459836,0.9363073749355337,
JCI,124117,6,SHW,199357,2008-11-10,0.9291548132896423,0.8530611991882324,0.9415732622146606,0.9928299188613892,Basic Materials,0.09884695614338224,-0.09066061007794501,0.21264445041655478,false,0.16788684332858028,0.04115045414710439,0.21264445041655478,false,True,0.11278375149342891,0.12278848692896752,0.9497581945190757,0.9269630484988453,0.5422885572139303,0.9624494511842865,
JCI,124117,7,CHH,196744,2018-01-24,0.9288961291313171,0.8163265585899353,0.9704391956329346,0.9999226331710815,Consumer Cyclical,-0.08258184881735053,-0.00080392740509172,0.1621144903522369,false,0.10450581309502649,-0.01515828891603066,0.3200331391308995,false,False,0.12428078250863062,0.10483870967741936,0.9195727301288092,0.8437062937062937,0.4686813186813187,0.9632274187790075,
JCI,124117,8,AAPL,199059,2020-11-05,0.9288641810417175,0.8489795923233032,0.9449226260185242,0.9926902055740356,Technology,0.24880617006478412,-0.06001499727731319,0.04186711740995963,false,0.14402297466009362,0.06012938840356696,0.04186711740995963,false,True,0.1259684361549498,0.12719849246231155,0.998410680228862,0.9603891591382905,0.4254865369234871,0.8037249283667621,
JCI,124117,9,DPZ,195164,2017-05-19,0.9288577437400818,0.8061224222183228,0.9947972893714905,0.9856534004211426,Consumer Cyclical,0.2652683246055554,0.12052424883972002,0.13435843718155271,false,0.2468685190447848,0.1631510072647111,0.13435843718155271,false,True,0.11683168316831684,0.16014782876501385,0.9791472144413321,0.9704952581664911,0.26245575823577455,0.9831625183016105,
JCI,124117,10,APAGF,199130,2006-02-07,0.9286985993385315,0.8204081654548645,0.99859619140625,0.9670915603637695,Energy,0.35063129461230047,0.18881125466247006,0.029838295687884986,false,0.1597478304957085,0.2641137582898294,0.029838295687884986,false,True,0.11692447679708826,0.11199800448989773,0.9393085787451985,0.9084068500259471,0.37330415754923413,0.9741379310344828,
JCI,124117,11,WDFC,199223,2009-01-14,0.9283406734466553,0.8163265585899353,0.9866731762886047,0.9820223450660706,Basic Materials,0.3153191206747692,-0.05087859692572971,0.12446304044630407,false,0.20799480002873483,0.04114758837134569,0.12446304044630407,false,True,0.11976772320348415,0.12573568753344033,0.941464742717125,0.8082750582750583,0.16116598410021682,0.8872048965316235,
JCI,124117,12,MAR,196724,2020-01-28,0.9280821681022644,0.8244897723197937,0.9933786988258362,0.9663780927658081,Consumer Cyclical,-0.10258710377328173,-0.28015197698200667,0.5800558986410848,false,0.04352830266606933,-0.03603520647532976,0.5800558986410848,false,False,0.13981588032220943,0.13392857142857142,0.9877141933397996,0.7912469607502605,0.23821339950372208,0.8532763532763533,
JCI,124117,13,LNCR,188136,2010-06-07,0.9269514083862305,0.8122448921203613,0.9998487830162048,0.9687604308128357,Healthcare,-0.012282665109640711,-0.2980692936275354,0.27373978201634874,false,0.12217983708789748,-0.06264803854843604,0.33440054495912797,acquisitionby,False,0.1060098013928295,0.03240492769148366,1.0,0.8713864306784661,0.3157894736842105,0.9720985455624814,
JCI,124117,14,ITW,199634,2023-07-06,0.9262914657592773,0.8224489688873291,0.9660570025444031,0.9903683066368103,Industrials,0.0018403150416981262,-0.2496670861234791,0.07710730301514435,false,0.04965099430018616,-0.1551195803239036,0.07710730301514435,false,True,0.12767527675276752,0.04064327485380117,0.9740029542097489,0.7957697642163661,0.3383984563434636,0.9675165909884736,
JCI,124117,15,MSCI,193889,2017-11-07,0.9259815812110901,0.8081632852554321,0.9820312857627869,0.987750232219696,Financial Services,0.20844966057243197,0.13234806185358372,0.013889253551080283,false,0.4389856065425093,0.32027450875886476,0.013889253551080283,false,True,0.15141955835962145,0.0934984520123839,0.997804954531201,0.9527476373818691,0.6936813186813187,0.9426080639302579,
GOOGL,195146,1,CRL,196159,2020-11-09,0.9533190131187439,0.8816326260566711,0.9942330718040466,0.9840912818908691,Healthcare,0.7358915074079873,0.43433176372849536,0.05302200118013989,false,-0.08839008882444988,-0.16830641947073255,0.3065834949001095,false,False,0.17302725968436156,0.1620603015075377,0.8671328671328671,0.9218207088255733,0.2908557717941882,0.8993553008595988,
GOOGL,195146,2,WOOF1,198306,2015-04-29,0.9441618919372559,0.8897958993911743,0.956710696220398,0.9859789609909058,Basic Materials,0.13851500789889393,0.13272126798617245,0.143696682464455,false,0.2079687314730323,0.10654069390975995,0.143696682464455,acquisitionby,True,0.1640197152245345,0.17514646931853223,0.9946990957280948,0.9117355371900826,0.2658626114315679,0.8538228359717076,
GOOGL,195146,3,GNRC,193125,2020-11-24,0.9430835843086243,0.8612244725227356,0.9759377837181091,0.9920886158943176,Industrials,1.1199717634902822,0.8204986136141443,0.040123456790123524,false,-0.21746832804903526,-0.29747895756628084,0.6156004489337823,false,False,0.1951219512195122,0.17493718592964824,0.8916083916083916,0.9843641417651147,0.2516662223407091,0.8538681948424068,
GOOGL,195146,4,FAST,198313,2009-01-12,0.9425175189971924,0.8653061389923096,0.984111487865448,0.97813481092453,Industrials,0.31991209908830043,-0.0014039346241665474,0.18993135011441642,false,0.4168304454713767,0.26259655212194133,0.18993135011441642,false,True,0.17517541737236875,0.16693418940609953,0.9030765042199836,0.8467365967365967,0.25198747289809686,0.872923345963276,
GOOGL,195146,5,EXLS,195060,2022-02-09,0.9367942810058594,0.8999999761581421,0.9885919690132141,0.9217908978462219,Technology,0.36757641505842975,0.4721189696821787,0.0927258193445244,false,0.25063675322066725,0.14086561704901257,0.0927258193445244,false,True,0.16708354177088544,0.16387748658035997,0.9622158181235991,0.893891797556719,0.21585903083700442,0.8061689449702067,
GOOGL,195146,6,CTXS,197912,2009-07-31,0.9324644207954407,0.8081632852554321,0.9935508966445923,0.9956791996955872,Technology,0.30789698523129494,0.19301341338817912,0.04353716587330647,false,0.2984814001955307,0.1636705142739996,0.04353716587330647,false,True,0.17561576354679803,0.15570934256055363,0.9383617193836172,0.8880444314527915,0.3385070214338507,0.9048316251830161,
GOOGL,195146,7,DRI,197289,2002-04-04,0.9313352704048157,0.8795918226242065,0.9831134080886841,0.9313006401062012,Consumer Cyclical,-0.26896667683332165,-0.04290935617244951,0.33971095417966823,false,0.04187357538621672,0.005816349040895563,0.33971095417966823,false,False,0.16852114100748533,0.15598386373823397,0.9764294049008168,0.919440914866582,0.2320111620490333,0.8194945848375451,
GOOGL,195146,8,STRT,197329,2003-02-14,0.929789125919342,0.800000011920929,0.9899805784225464,0.9993868470191956,Consumer Cyclical,0.3424809378254008,-0.03879043320612774,0.07908143271416257,false,-0.039511962515058285,-0.20720947351225572,0.17012827546568432,false,False,0.16332136065920136,0.0787959274015051,0.9988452655889145,0.8619182309076884,0.26931106471816285,0.8581780538302277,
GOOGL,195146,9,AWI,199940,2019-09-16,0.9288654327392578,0.8081632852554321,0.9930545687675476,0.985378623008728,Basic Materials,-0.240973794604462,-0.40524418658644057,0.3041472595471858,false,-0.024467013741999777,-0.14618621528948816,0.37707335053446367,false,False,0.1529243937232525,0.17286304416904988,0.9839073060830383,0.937221269296741,0.2935528120713306,0.906927921623513,
GOOGL,195146,10,MATW,199555,2008-12-09,0.9285373687744141,0.8408163189888,0.9561630487442017,0.9886326193809509,Industrials,-0.1205242433343342,-0.38633297810560163,0.3174141555711282,false,-0.060942712513075925,-0.19754454752813677,0.3174141555711282,false,False,0.16606929510155316,0.18325851597570636,0.869156367544331,0.8859699769053118,0.18976545842217485,0.9433853264009243,
GOOGL,195146,11,HEI,199655,2022-09-15,0.9263575077056885,0.8204081654548645,0.9816429018974304,0.9770214557647705,Industrials,0.09163192486846494,-0.06681188626266898,0.08138537280730718,false,0.27637473478221297,0.07589815413663459,0.08138537280730718,false,True,0.18091639111950875,0.16687737041719342,0.8521711366538953,0.8261469472231804,0.27084708470847085,0.9417071478140181,
GOOGL,195146,12,EHC,198528,2018-11-15,0.9262773990631104,0.8163265585899353,0.9878303408622742,0.9746752977371216,Healthcare,-0.04327538498610173,-0.1828163250191145,0.19481179104196844,false,-0.01657439403556238,-0.22787630120184532,0.29248104742376646,false,False,0.13150371640937678,0.15952080706179067,0.9421909932928777,0.9201507882111035,0.26034858387799564,0.8466827088346511,
GOOGL,195146,13,EL,197192,2020-01-30,0.9253543019294739,0.7979592084884644,0.9894347190856934,0.9886689782142639,Consumer Defensive,0.2818358514173751,0.10731329017767322,0.27135697679519233,false,0.10875645250237076,0.029015868132209466,0.27135697679519233,false,True,0.21432681242807824,0.16358418367346939,0.9576462980924668,0.9027440083362278,0.1833471188309898,0.8173076923076923,
GOOGL,195146,14,RMD,197274,2020-04-16,0.9251465201377869,0.8530611991882324,0.9554060101509094,0.9669723510742188,Healthcare,0.2209558452245728,-0.24064877066522095,0.04491704037346611,false,0.11231965912281483,-0.03506132896744241,0.04491704037346611,false,True,0.16380789022298456,0.16455294863665187,0.9153625039923348,0.9492526937782412,0.5016620498614959,0.9507165326808809,
GOOGL,195146,15,PNR,199435,2004-11-04,0.9250848889350891,0.7897959351539612,0.9927559494972229,0.992702841758728,Industrials,-0.11709610662549197,-0.16170145277072023,0.19471965773474442,false,-0.025098074676574544,-0.1422477434222107,0.3056181040306236,false,False,0.16284300494826812,0.15204540080397258,0.940632603406326,0.880711286737466,0.6069651741293532,0.9928407057018666,
JNJ,199185,1,PEP,199433,2019-12-18,0.9628410935401917,0.9020408391952515,0.997294008731842,0.9891884326934814,Consumer Defensive,0.0929449468653949,-0.07358373621564795,0.23035725537143215,false,0.13504481321021755,0.041781481448460944,0.23035725537143215,false,True,0.01659513590844063,0.006973058637083994,0.9749276759884281,0.7219931271477663,0.06054794520547945,,0.9060820367751061
JNJ,199185,2,IEX,198207,2016-12-16,0.962247371673584,0.918367326259613,0.9980472922325134,0.9703274369239807,Industrials,0.46129735381550696,0.27581112514129913,0.017769076354984925,false,0.2275394591450246,0.09134627416968266,0.017769076354984925,false,True,0.028969359331476322,0.03217821782178218,0.9410473502665412,0.7792479108635098,0.11038961038961038,,0.8223740392826644
JNJ,199185,3,RTN,196736,2008-02-06,0.9589793086051941,0.8938775658607483,0.9900572896003723,0.9930028915405273,Industrials,-0.20402731807280927,0.14271376906954503,0.3157482316065908,false,-0.053184648233485454,-0.06469624827129183,0.4678088864416112,false,False,0.02486253884771695,0.014988167236392323,0.9849624060150376,0.8842044470112619,0.17445054945054944,,0.9780971937029432
JNJ,199185,4,ACN,193203,2020-05-08,0.9570515155792236,0.8877550959587097,0.9951444268226624,0.9882550835609436,Technology,0.554665898047793,0.1095833683022105,0.04544995994421852,false,0.1519674474451469,0.014280615475450675,0.04544995994421852,false,True,0.05345911949685535,0.02663284717818643,0.946981794953689,0.8474104970455335,0.11994459833795014,,0.8622222222222222
JNJ,199185,5,GNI,199670,2003-08-14,0.9564201831817627,0.918367326259613,0.9831201434135437,0.9677730202674866,Basic Materials,0.32197817432809783,0.20381098174458523,0.01400249549424648,false,0.2152496432229971,0.1113015699336557,0.01400249549424648,false,True,0.03252207624380788,0.021602160216021602,0.9997666277712952,0.8630862329803328,0.09883970777825526,,0.9648080438756855
JNJ,199185,6,ITW,199634,2015-02-05,0.9554591178894043,0.8938775658607483,0.9815676212310791,0.9909321665763855,Industrials,-0.10165830197375969,-0.04374461347461622,0.16646445037612234,false,0.23430293586645634,0.10564772491444874,0.16646445037612234,false,True,0.02032408678934359,0.042024539877300614,0.9912908242612752,0.7851266864100033,0.1505741127348643,,1.0
JNJ,199185,7,BMY,199891,2009-08-13,0.9553521275520325,0.8714285492897034,0.9996656179428101,0.9949620962142944,Healthcare,0.23027968514486674,0.12240710960091183,0.008708759001842314,false,0.21669132041783667,0.08739815161219644,0.008708759001842314,false,True,0.029064039408866996,0.028214000532339634,0.9826980264936469,0.7725811166325636,0.079329884207933,,0.9126021292399109
JNJ,199185,8,COL,195845,2007-10-30,0.9522046446800232,0.863265335559845,0.9979360699653625,0.9954124093055725,Industrials,-0.4870659659451848,-0.12642577261295007,0.5665463808108682,false,-0.0493561628730006,0.015373191082042714,0.6126741015299708,false,False,0.029307492318600803,0.04228274967574579,0.9875364624767966,0.8354178510517339,0.06027645592567414,,0.9532967032967034
JNJ,199185,9,MMM,199527,2008-12-04,0.9521243572235107,0.9040816426277161,0.9741542935371399,0.9781370759010315,Industrials,0.35044132439364395,0.0262711438335832,0.28503022481831153,false,0.1340812640816853,-0.020850259724763953,0.28503022481831153,false,True,0.03632019115890084,0.02350145233694217,0.945996775926921,0.7344110854503464,0.17412935323383086,,0.8738886289190454
JNJ,199185,10,HON,198566,2019-06-05,0.9518940448760986,0.8897958993911743,0.9713781476020813,0.9945079684257507,Industrials,-0.1559357144902107,-0.2299929008265107,0.37725099487531855,false,0.06645823285531138,-0.07673711745609224,0.37725099487531855,false,False,0.04204805491990847,0.013350286077558804,0.9826812059012188,0.8393351800554016,0.0438957475994513,,0.9348616158792284
JNJ,199185,11,GD,199689,2016-06-02,0.951771080493927,0.8999999761581421,0.9701970815658569,0.9851163029670715,Industrials,0.4382224889884738,0.27644981557500237,0.050454428114902194,false,0.0835710239174201,-0.043819626840933656,0.050454428114902194,false,True,0.03428414701042238,0.03263910475598383,0.9833542713567839,0.8344166951761889,0.100080064051241,,0.7928881650380022
JNJ,199185,12,HD,198999,2017-11-16,0.95163893699646,0.9040816426277161,0.9879083633422852,0.9629268050193787,Consumer Cyclical,0.0946828747395092,0.021793895282680387,0.0,false,0.21252770012204314,0.09130921087235966,0.034601820292340824,false,True,0.02007456266131345,0.03065015479876161,0.9968642207588586,0.8382919145957298,0.09807692307692308,,0.9771036061820263
JNJ,199185,13,MKC,199553,2015-12-14,0.951505184173584,0.8877550959587097,0.9956262707710266,0.9711341261863708,Consumer Defensive,0.10257136746082662,-0.013935350819813674,0.052207898267514374,false,0.23193081239156177,0.11188356938262523,0.052207898267514374,false,True,0.01837126405264601,0.015283842794759825,0.9580441640378549,0.7468781640229497,0.11778593913955929,,0.9371218100499868
JNJ,199185,14,TTC,198724,2015-11-04,0.9494156241416931,0.8653061389923096,0.988677978515625,0.9942626953125,Industrials,0.2732065822844818,0.2389861363060084,0.1223867595818815,false,0.16061243886190035,0.04531032647770372,0.1223867595818815,false,True,0.02221003564573622,0.05520898315658141,0.9586750788643533,0.8673641579480257,0.11935991605456453,,0.9794790844514601
JNJ,199185,15,BF.B,199890,2009-05-28,0.9493594765663147,0.8836734890937805,0.9822542071342468,0.9821507334709167,Consumer Defensive,0.2958787049863518,0.027279822135787057,0.062108751687737884,false,0.2787591602487218,0.1140356620547629,0.062108751687737884,false,True,0.02779132130667967,0.02215696743192739,0.9355362946912242,0.7932452276064611,0.10272638753651411,,0.7843041676821838
EA,198895,1,V,193960,2023-08-11,0.9628530144691467,0.9122449159622192,0.9780410528182983,0.9982731342315674,Financial Services,0.1024673273049479,-0.1341864420094696,0.04678310233723726,false,0.15488636704137537,-0.050699157188298205,0.04678310233723726,false,True,0.08683886838868389,0.07894736842105263,0.9161004431314623,0.7298890429958391,0.057163531114327065,0.974851554313657,
EA,198895,2,NLSN,192873,2016-08-17,0.9602071642875671,0.9061224460601807,0.9952884316444397,0.9792104959487915,Industrials,-0.19995415271430916,-0.35231414932244554,0.2794124263283394,false,-0.21828734981064313,-0.34384461513175857,0.5681378503621721,false,False,0.07160561828697329,0.08601485148514851,0.9314982796371598,0.755777854432563,0.046811945117029866,0.8572438162544169,
EA,198895,3,INTU,197671,2009-01-15,0.9588775634765625,0.8918367624282837,0.997464656829834,0.987331211566925,Technology,0.29586316954283154,-0.07151042401639973,0.10706740925676972,false,0.30748428523816207,0.1407762105891024,0.10706740925676972,false,True,0.05976288410355674,0.07624398073836276,0.9014429621562755,0.8481934731934732,0.08552156106962178,0.9160594578839988,
EA,198895,4,IDXX,197942,2012-03-02,0.9559957385063171,0.8938775658607483,0.9974198341369629,0.9766896963119507,Healthcare,0.0888340772061702,-0.03750521688498609,0.03782006107587499,false,0.22600442848412094,0.05373740360558088,0.03782006107587499,false,True,0.09046454767726161,0.07463556851311953,0.9452824608104111,0.8214716525934861,0.03225806451612903,0.8997841504779525,
EA,198895,5,JKHY,198546,2009-08-18,0.9558186531066895,0.9020408391952515,0.9869480133056641,0.9784670472145081,Technology,0.1596129389591079,0.021472783375343196,0.02817458076901358,false,0.18641604864486405,0.045293923394750246,0.02817458076901358,false,True,0.0770935960591133,0.0697364918818206,0.9702622330359557,0.8094124524992692,0.10248829761024883,0.8986822840409956,
EA,198895,6,FDS,197079,2011-04-04,0.955512285232544,0.8836734890937805,0.9997372031211853,0.9831261038780212,Financial Services,-0.07038654758433138,-0.1401529773770972,0.2565782094708271,false,0.01608297280349036,-0.12577573131420272,0.2565782094708271,false,True,0.08300079808459697,0.09050154104791258,0.9608399545970489,0.9082760681207052,0.12532433834976647,0.9769975786924939,
EA,198895,7,LH,197469,2007-06-28,0.9553912281990051,0.8959183692932129,0.9898728728294373,0.9803825616836548,Healthcare,-0.07341629531727678,0.01523720035290188,0.13254047633931365,false,-0.0029701819954937037,0.07950365216116217,0.31677814590235664,false,False,0.10277324632952692,0.04224993637057776,0.9839128178515828,0.7472191323692993,0.048173874075733814,0.9096402877697841,
EA,198895,8,CHH,196744,2019-09-24,0.9545032382011414,0.8836734890937805,0.9908993244171143,0.9889368414878845,Consumer Cyclical,0.0891083327238722,-0.07610640163714111,0.3941637993642326,false,0.09117533938248479,-0.025752649385117676,0.3941637993642326,false,False,0.07417974322396577,0.0667302192564347,0.8979723205664628,0.7958833619210978,0.0737997256515775,0.870888733379986,
EA,198895,9,ACN,193203,2016-08-15,0.9542772769927979,0.8897958993911743,0.979159414768219,0.9938763976097107,Technology,0.15843788367385736,0.009284287911291766,0.03345862280127543,false,0.21516308660451866,0.09023442004869997,0.03345862280127543,false,True,0.08895621041035527,0.06157178217821782,0.9005317485142321,0.807519834425664,0.11972020446596718,0.8554770318021201,
EA,198895,10,SNPS,197845,2016-10-11,0.9539982676506042,0.9040816426277161,0.9675670266151428,0.9903459548950195,Technology,0.3571548478380777,0.15614037265946878,0.04582843713278495,false,0.3188488376305598,0.1826034862082615,0.04582843713278495,false,True,0.07270194986072423,0.05724009900990099,0.9529633113828786,0.8304317548746518,0.11336580086580086,0.9637733142037302,
EA,198895,11,MTD,196859,2020-05-07,0.9521777629852295,0.8979591727256775,0.9926369786262512,0.9659371972084045,Healthcare,0.7554410906486675,0.28645260780611337,0.05897043971940941,false,0.2763331533598008,0.1325638309300179,0.05897043971940941,false,True,0.07318467695826186,0.06055802155992391,0.944746087511977,0.8390684741049704,0.14127423822714683,0.8916462775253408,
EA,198895,12,TYL,198047,2009-12-21,0.9520474076271057,0.8775510191917419,0.9974504113197327,0.9811407923698425,Technology,0.10916866746698695,-0.0072366992907086924,0.20745798319327724,false,0.35378316013090694,0.24782220507924313,0.20745798319327724,false,True,0.03691693689199302,0.07461497610196495,0.9975701943844493,0.9541069862613271,0.06259277585353785,0.952730475631239,
EA,198895,13,INFO1,166332,2020-09-16,0.9517094492912292,0.8836734890937805,0.9821762442588806,0.9892786741256714,Industrials,0.5250460679228117,0.18303388058291636,0.03780775973778483,false,0.11328393917037505,0.0017928799996274059,0.03780775973778483,acquisitionby,True,0.09283667621776505,0.04357436059362172,0.9799043062200957,0.8683844011142061,0.13225629791894852,0.9427266338721012,
EA,198895,14,MKC,199553,2020-02-21,0.9515330791473389,0.9081632494926453,0.9573512077331543,0.9890847206115723,Consumer Defensive,0.1259684172353539,-0.0513067247060528,0.2982183477683428,false,-0.00889440218611226,-0.0956205900099002,0.2982183477683428,false,False,0.07566168009205984,0.07940051020408163,0.8865179437439379,0.8346648141715873,0.05789909015715467,0.8839031339031339,
EA,198895,15,FISV,198439,2009-07-22,0.9512379169464111,0.8673469424247742,0.9975600838661194,0.9888067245483398,Technology,-0.03708764550484556,-0.177099905370797,0.06346169841137816,false,0.13871788158229825,-0.005774266760207203,0.06346169841137816,false,True,0.07216748768472907,0.05270162363587969,0.9651257096512571,0.8035662087109032,0.07440256220744025,0.9183016105417277,
CW,199798,1,EL,197192,2020-01-30,0.9506886601448059,0.8999999761581421,0.9746108651161194,0.9774552583694458,Consumer Defensive,0.2818358514173751,0.10731329017767322,0.27135697679519233,false,0.10875645250237076,0.029015868132209466,0.27135697679519233,false,True,0.21432681242807824,0.16358418367346939,0.9576462980924668,0.9027440083362278,0.1833471188309898,0.8173076923076923,
CW,199798,2,HEI,199655,2018-12-12,0.9431771636009216,0.8469387888908386,0.9996799230575562,0.9829127788543701,Industrials,0.539459187424864,0.3387791171532233,0.13964537202002214,false,0.19928033852566696,-0.02733961442814481,0.2580445769552412,false,True,0.2221269296740995,0.14029003783102142,0.8955605237943149,0.9647018505825908,0.380718954248366,0.8604331385355792,
CW,199798,3,FELE,199706,2003-06-23,0.9416106343269348,0.863265335559845,0.9693411588668823,0.9922254681587219,Industrials,0.23815402146045028,0.07219504303922575,0.02791757667837813,false,0.25309316208015975,0.14962809378398334,0.02791757667837813,false,True,0.21885018166274844,0.12782122905027932,0.9597873815576612,0.8594069529652352,0.26933731088855745,0.9093277748827514,
CW,199798,4,PZZA,197638,2012-10-04,0.9410106539726257,0.8734694123268127,0.9523378014564514,0.9972246289253235,Consumer Cyclical,0.34187230818871783,0.159628648763932,0.10468427771776478,false,0.39083465619659696,0.2689140576040143,0.10468427771776478,false,True,0.24528824833702884,0.13902007083825266,0.9940316323485526,0.93134513824169,0.21644204851752022,0.9614782336360789,
CW,199798,5,DRI,197289,2019-06-20,0.9391937851905823,0.8367347121238708,0.9882822632789612,0.9925644993782043,Consumer Cyclical,-0.3238660039141107,-0.38809659314724076,0.7055633890432547,false,0.02670916082496677,-0.09438538248191808,0.7055633890432547,false,False,0.18278032036613273,0.14653528289891926,0.9538165490699166,0.8954293628808865,0.1821673525377229,0.8858253799929303,
CW,199798,6,CSW,157010,2023-05-19,0.9378898739814758,0.8530611991882324,0.983228862285614,0.977379560470581,Industrials,0.7504046285336401,0.5073810383874529,0.037694013303769425,false,0.266308446563994,0.04950790910165792,0.037694013303769425,false,True,0.2060313630880579,0.14342025469981806,0.9528041679436102,0.887040887040887,0.1453900709219858,0.9482336481287164,
CW,199798,7,ROST,198685,2016-02-03,0.9374073147773743,0.8510203957557678,0.9925904870033264,0.9686112403869629,Consumer Cyclical,0.2090139819260366,-0.004975522341012617,0.04676997383779424,false,0.19194118570681828,0.06056410579752214,0.04676997383779424,false,True,0.21462068965517242,0.1653125,0.9437065148640101,0.9289617486338798,0.3122519184969569,0.9686854783207157,
CW,199798,8,HAS,199660,2016-02-23,0.9357118010520935,0.8653061389923096,0.9834073185920715,0.9584218859672546,Consumer Cyclical,0.2629081312325541,0.0343571584369724,0.0,false,0.08896643477241528,-0.05563116438860982,0.0,false,True,0.21682758620689654,0.1575,0.9538266919671095,0.9159836065573771,0.1971421010849431,0.9039917412250517,
CW,199798,9,COO,198901,2003-01-08,0.9355456829071045,0.8326530456542969,0.9904305934906006,0.983553409576416,Healthcare,0.7520736387535589,0.5324601933754078,0.10735586481113324,false,0.23758031378790445,0.10420664280194192,0.10735586481113324,false,True,0.20959222480456371,0.1522797698096503,0.9415704387990762,0.9069169452301363,0.28350730688935283,0.9241718426501035,
CW,199798,10,WTS,198454,2023-03-16,0.9346609711647034,0.8510203957557678,0.9862387776374817,0.9667237997055054,Industrials,0.23894256695357852,-0.0642750844298634,0.053969842958143,false,0.25786558396410797,0.044084030931232476,0.053969842958143,false,True,0.21284101599247413,0.0958904109589041,0.9328499369482977,0.8594782608695652,0.18875316893293387,0.742296918767507,
CW,199798,11,PH,199439,2023-08-17,0.9344198703765869,0.8571428656578064,0.9819090962409973,0.9642077088356018,Industrials,0.3972185109831119,0.1417312237428443,0.07885185041458098,false,0.3774229636281936,0.1607530291044419,0.07885185041458098,false,True,0.1960639606396064,0.14502923976608187,0.9075332348596751,0.9192094313453537,0.3125904486251809,0.9263010827803004,
CW,199798,12,MTD,196859,2023-05-16,0.9342689514160156,0.8693877458572388,0.9917468428611755,0.9416722059249878,Healthcare,-0.05221380410944043,-0.31707177102682005,0.2990188580294124,false,-0.03695288468801072,-0.26053675616436767,0.2990188580294124,false,False,0.24028950542822677,0.12249848392965433,0.9604658289917254,0.8042273042273043,0.19078014184397163,0.7880377754459601,
CW,199798,13,COV,194188,2014-08-22,0.9318329691886902,0.8306122422218323,0.9854253530502319,0.9794613122940063,Healthcare,0.21791433169362118,0.15058579514651105,0.0650901080840477,acquisitionby,0.06792047611128393,-0.02732791288403269,0.0650901080840477,acquisitionby,True,0.26850306065664997,0.10455518190155916,0.9820210787352759,0.8596663395485771,0.2137022397891963,0.8854478854478854,
CW,199798,14,ORLY,197659,2022-09-20,0.9307788014411926,0.8346938490867615,0.9637504816055298,0.9938920736312866,Consumer Cyclical,0.3401952933169501,0.16620901280531486,0.018314861568744956,false,0.3081307728007854,0.10063553690605209,0.018314861568744956,false,True,0.21303731695795938,0.0606826801517067,0.9961685823754789,0.9120386340117281,0.19295929592959296,0.9666897987508675,
CW,199798,15,EVTC,191715,2022-01-25,0.9304313063621521,0.8081632852554321,0.9982612729072571,0.9848691821098328,Technology,-0.19516565540661923,-0.10666350975637373,0.2700985761226725,false,-0.07016805626655764,-0.19635540693864684,0.28959474260679074,false,False,0.2263631815907954,0.1484054310072624,0.8911303234069805,0.7741710296684119,0.1211453744493392,0.7563967753242201,
RPRX,631545,1,TT,193213,2021-05-20,0.9636087417602539,0.936734676361084,0.9902931451797485,0.9637984037399292,Basic Materials,-0.22408079564047756,-0.22051537837806623,0.26913853641784147,false,0.22576778493482275,0.13564582550487336,0.31721210039849135,false,False,0.08731749212711136,0.06059654631083203,0.9930225182366,0.9030345308685037,0.16996142719382834,0.9094488188976378,
RPRX,631545,2,TWX,196101,2013-07-24,0.9622737765312195,0.9081632494926453,0.9792465567588806,0.9994115233421326,Communication Services,0.29789602475409227,0.10566204395858647,0.023817844071288063,false,0.1034176462782832,0.0027544626403286365,0.023817844071288063,false,True,0.08188932364449412,0.08418214499700419,0.9927272727272727,0.8562700964630225,0.16576819407008087,0.9744694960212201,
RPRX,631545,3,PAYX,198804,2019-10-15,0.9588902592658997,0.9020408391952515,0.9907063245773315,0.9839237332344055,Industrials,-0.0263085241398493,-0.1754760787985956,0.39747353048557854,false,0.13463331619221286,0.04421641245671237,0.39747353048557854,false,False,0.061802575107296136,0.03549920760697306,0.9540340726454516,0.8292096219931272,0.16684931506849315,0.9386610585348756,
RPRX,631545,4,ITW,199634,2020-10-15,0.957873523235321,0.8897958993911743,0.9909796118736267,0.9928449392318726,Industrials,0.072851121551601,-0.20201863843853163,0.05456584517901697,false,0.06988143730198582,-0.02135446730279167,0.10231866991897276,false,True,0.07862266857962698,0.05873115577889447,0.9942784488239034,0.8064628214037526,0.11463609704078913,0.9845988538681948,
RPRX,631545,5,BR,194210,2014-05-12,0.9577548503875732,0.9142857193946838,0.9772635698318481,0.9817151427268982,Technology,0.40527255659214845,0.2765658724098339,0.011558466576767512,false,0.2375134974109525,0.13775785414955322,0.011558466576767512,false,True,0.06116121758737317,0.050505050505050504,0.9931867451223289,0.7973856209150327,0.1740976645435244,0.9312311304931231,
RPRX,631545,6,JKHY,198546,2009-08-18,0.9561734199523926,0.8857142925262451,0.9873284697532654,0.995477557182312,Technology,0.1596129389591079,0.021472783375343196,0.02817458076901358,false,0.18641604864486405,0.045293923394750246,0.02817458076901358,false,True,0.0770935960591133,0.0697364918818206,0.9702622330359557,0.8094124524992692,0.10248829761024883,0.8986822840409956,
RPRX,631545,7,SHW,199357,2020-08-20,0.9559354782104492,0.8897958993911743,0.9799580574035645,0.9980524778366089,Basic Materials,0.3422814610127938,0.017350922372461275,0.007722941260133731,false,0.081108482149578,-0.03454551896051061,0.08050538093206272,false,True,0.08796561604584527,0.05967792863909062,0.9518341307814993,0.8983286908077994,0.13116100766703176,0.9947294448348559,
RPRX,631545,8,CSCO,198061,2023-08-10,0.9557387828826904,0.8857142925262451,0.9983095526695251,0.983192503452301,Technology,-0.0917983031904771,-0.3277323747524036,0.1347546503844046,false,0.32860660432534816,0.12379925081363474,0.1347546503844046,false,True,0.0996309963099631,0.06637426900584795,0.9612998522895125,0.6806518723994452,0.2141823444283647,0.846315054139015,
RPRX,631545,9,HPQ,199650,2009-09-01,0.952323853969574,0.8693877458572388,0.9904602766036987,0.9971234798431396,Technology,-0.0683199554586369,-0.17387897664447483,0.1281260149399156,false,-0.23931113825274786,-0.3825605311896082,0.6031990906138357,false,False,0.08448275862068966,0.06121905775885015,0.9667477696674777,0.9032446653025431,0.10840108401084012,0.9317715959004392,
RPRX,631545,10,PM,193811,2022-01-12,0.9516833424568176,0.8734694123268127,0.9919261336326599,0.9896546006202698,Consumer Defensive,0.05167756808176738,0.21884064820286653,0.14771070282881316,false,0.12208234055919842,0.025675802322112196,0.14771070282881316,false,True,0.0865432716358179,0.028102305020524156,0.9759846301633045,0.6537521815008726,0.14845814977973568,0.982124079915878,
RPRX,631545,11,ACN,193203,2008-12-17,0.9515378475189209,0.8836734890937805,0.9778743386268616,0.9930656552314758,Technology,0.3965538235378765,0.14839583715903948,0.11804360965177374,false,0.2558685781143972,0.12741080949244044,0.11804360965177374,false,True,0.0941457586618877,0.08053868497491418,0.9384739387426115,0.8669168591224018,0.09429045249940772,0.9298093587521664,
RPRX,631545,12,MKC,199553,2019-03-06,0.9512822031974792,0.8918367624282837,0.9942540526390076,0.9677556753158569,Consumer Defensive,0.18054534865423033,-0.0014699322612183874,0.00616632030797537,false,0.1496557626110111,-0.03638106036230826,0.1539195312233843,false,True,0.09925201380897583,0.05437201907790143,0.8865979381443299,0.859412780656304,0.17957166392092258,0.8146964856230032,
RPRX,631545,13,GD,199689,2006-12-12,0.9497672915458679,0.8714285492897034,0.9852303862571716,0.9926429986953735,Industrials,0.23330984798758703,0.1784249605476762,0.01719849934662554,false,-0.010500295776621149,0.04893356724625608,0.4892298613160224,false,False,0.06707875457875458,0.02456140350877193,0.9114703618167821,0.6958500669344043,0.2211367673179396,0.865539229276407,
RPRX,631545,14,BF.B,199890,2008-06-04,0.9492964744567871,0.859183669090271,0.9891747832298279,0.9995310306549072,Consumer Defensive,-0.18579750346740642,0.13489626864712245,0.34660194174757286,false,0.10254350165036019,0.09183694392104758,0.34660194174757286,false,False,0.07410926365795724,0.04404824331410592,0.9632196162046909,0.7387672811059908,0.07078625778187687,0.9435177055896986,
RPRX,631545,15,HON,198566,2007-09-18,0.9490141868591309,0.8612244725227356,0.9942669868469238,0.9915512204170227,Industrials,-0.146348144235096,0.013888031916643895,0.22093091506720663,false,-0.07663974708246224,0.00900502210809584,0.5781534307683277,false,False,0.04852767962308598,0.056197074672825253,0.9979024646040902,0.7832345469940728,0.11526339486717695,0.8954882924043404,
AAPL,199059,1,INTU,197671,2012-09-20,0.9622552990913391,0.9244897961616516,0.9743872284889221,0.9878888130187988,Technology,0.11627270271631374,-0.05145865870541089,0.021440246130179808,false,0.15214231766009711,0.027738610004323094,0.021440246130179808,false,True,0.08023159636062861,0.1005603066941905,0.9614810391161541,0.8311887254901961,0.14758064516129032,0.9022485946283573,
AAPL,199059,2,MTD,196859,2020-05-07,0.958961546421051,0.9081632494926453,0.9942089915275574,0.9745123982429504,Healthcare,0.7554410906486675,0.28645260780611337,0.05897043971940941,false,0.2763331533598008,0.1325638309300179,0.05897043971940941,false,True,0.07318467695826186,0.06055802155992391,0.944746087511977,0.8390684741049704,0.14127423822714683,0.8916462775253408,
AAPL,199059,3,V,193960,2023-08-11,0.9560067653656006,0.8836734890937805,0.9911951422691345,0.9931516647338867,Financial Services,0.1024673273049479,-0.1341864420094696,0.04678310233723726,false,0.15488636704137537,-0.050699157188298205,0.04678310233723726,false,True,0.08683886838868389,0.07894736842105263,0.9161004431314623,0.7298890429958391,0.057163531114327065,0.974851554313657,
AAPL,199059,4,IDXX,197942,2021-02-08,0.9544844031333923,0.8816326260566711,0.9984652996063232,0.9833553433418274,Healthcare,0.04299603494778603,-0.12646134393438424,0.058980151686299886,false,0.0268120168869439,-0.06463226885732842,0.3451670162982088,false,False,0.07486323063633746,0.09088060169225948,0.9351557533375715,0.9117852161785216,0.21339761481857397,0.9196685878962536,
AAPL,199059,5,JKHY,198546,2008-03-11,0.9538977742195129,0.8979591727256775,0.9818742275238037,0.9818599820137024,Technology,-0.32882521518885155,0.08707454161999617,0.39335664335664333,false,0.1154560411598704,0.09388769358941351,0.39335664335664333,false,False,0.07291417642840067,0.10044701551406784,0.916219119226638,0.6861103089806526,0.16872710622710624,0.8469565217391304,
AAPL,199059,6,FDS,197079,2011-04-04,0.9493992924690247,0.8693877458572388,0.9871087670326233,0.9917013049125671,Financial Services,-0.07038654758433138,-0.1401529773770972,0.2565782094708271,false,0.01608297280349036,-0.12577573131420272,0.2565782094708271,false,True,0.08300079808459697,0.09050154104791258,0.9608399545970489,0.9082760681207052,0.12532433834976647,0.9769975786924939,
AAPL,199059,7,STRA,197068,2009-08-13,0.9493639469146729,0.863265335559845,0.9878051280975342,0.997021496295929,Consumer Defensive,0.07518111215370338,-0.03269146339025153,0.09809989971508448,false,-0.24758902073598787,-0.3768821895416281,0.6492286031174661,false,False,0.07561576354679803,0.10487090763907372,0.9343065693430657,0.9669687225957322,0.06553338260655334,0.9610541727672035,
AAPL,199059,8,INFO1,166332,2020-09-16,0.9477935433387756,0.8673469424247742,0.995330274105072,0.9807034730911255,Industrials,0.5250460679228117,0.18303388058291636,0.03780775973778483,false,0.11328393917037505,0.0017928799996274059,0.03780775973778483,acquisitionby,True,0.09283667621776505,0.04357436059362172,0.9799043062200957,0.8683844011142061,0.13225629791894852,0.9427266338721012,
AAPL,199059,9,HPQ,199650,2009-09-01,0.9477494359016418,0.8857142925262451,0.9778908491134644,0.9796432256698608,Technology,-0.0683199554586369,-0.17387897664447483,0.1281260149399156,false,-0.23931113825274786,-0.3825605311896082,0.6031990906138357,false,False,0.08448275862068966,0.06121905775885015,0.9667477696674777,0.9032446653025431,0.10840108401084012,0.9317715959004392,
AAPL,199059,10,LDR,198253,2004-10-22,0.9473846554756165,0.863265335559845,0.9989171624183655,0.9799714684486389,Technology,0.05273107560274015,-0.05898732614460056,0.07435008070332083,false,0.06646286445023653,-0.07298266483181415,0.07435008070332083,false,True,0.07422402159244265,0.03807046583116576,0.9849148418491485,0.7525314892566066,0.11918667531905688,0.9038609051393506,
AAPL,199059,11,AME,196855,2007-09-05,0.9471601843833923,0.8673469424247742,0.9973857402801514,0.9767476916313171,Industrials,0.19816575347436394,0.3135600230582235,0.024955549911099717,false,0.036755723457592815,0.11494298543929815,0.3790957581915163,false,False,0.07420494699646643,0.0972542981780857,0.8901415836392239,0.820773355913068,0.14452949122017109,0.912621359223301,
AAPL,199059,12,ACN,193203,2016-08-15,0.9470348954200745,0.8775510191917419,0.9660053849220276,0.9975484013557434,Technology,0.15843788367385736,0.009284287911291766,0.03345862280127543,false,0.21516308660451866,0.09023442004869997,0.03345862280127543,false,True,0.08895621041035527,0.06157178217821782,0.9005317485142321,0.807519834425664,0.11972020446596718,0.8554770318021201,
AAPL,199059,13,TDG,195349,2010-06-16,0.9468590617179871,0.8734694123268127,0.9956438541412354,0.9714637994766235,Industrials,0.5156409461832454,0.32314034692643734,0.06481561822125814,false,0.4487149621803519,0.28762945653475924,0.06481561822125814,false,True,0.08898632963631674,0.11730048205677558,0.9983704508419338,0.9519174041297935,0.1845882649206749,0.9548827545265658,
AAPL,199059,14,PAYX,198804,2019-10-15,0.9466660618782043,0.863265335559845,0.9781368970870972,0.9985960721969604,Industrials,-0.0263085241398493,-0.1754760787985956,0.39747353048557854,false,0.13463331619221286,0.04421641245671237,0.39747353048557854,false,False,0.061802575107296136,0.03549920760697306,0.9540340726454516,0.8292096219931272,0.16684931506849315,0.9386610585348756,
AAPL,199059,15,FISV,198439,2018-12-12,0.9461037516593933,0.8734694123268127,0.9887840151786804,0.9760576486587524,Technology,0.4768406074433895,0.2761605371717488,0.11128284389489951,false,0.08855659247401038,-0.1380633604798014,0.11128284389489951,false,True,0.07375643224699828,0.018600252206809584,0.9891408495688279,0.8728581220013708,0.19389978213507625,0.946029563423857,
ESE,197999,1,GPN,195973,2006-01-12,0.9389423727989197,0.8510203957557678,0.9985556602478027,0.9672510623931885,Industrials,-0.11065580405203035,-0.23130972482361523,0.2693778684344722,false,-0.12866239662287793,-0.030938570883911942,0.3780384157742649,false,False,0.158098271155596,0.15190820653529558,0.8460947503201024,0.9203425012973534,0.6417943107221007,,0.9776446185757087
ESE,197999,2,MANH,196643,2012-05-18,0.9388644695281982,0.8326530456542969,0.997898280620575,0.9860420823097229,Technology,0.5272675250357655,0.25770934882410446,0.10961373390557949,false,0.6663777685781269,0.4669252088362943,0.10961373390557949,false,True,0.193020719738277,0.16808199121522693,0.9848844101956136,0.9090081892629663,0.7598614072494669,,0.7813841201716738
ESE,197999,3,CACI,199881,2020-03-04,0.9266547560691833,0.8306122422218323,0.9760376214981079,0.9733142852783203,Technology,-0.10530699056990578,-0.3676250284322322,0.3534363468634687,false,0.04787495025264277,-0.060351136897546453,0.3534363468634687,false,False,0.1806674338319908,0.16964285714285715,0.8267054639508568,0.9336575199722126,0.5053763440860215,,0.7480136208853575
ESE,197999,4,MSCI,193889,2020-08-04,0.9243209362030029,0.8285714387893677,0.9587907195091248,0.9856007695198059,Financial Services,0.5935683618281984,0.2525334867447484,0.06687204764838772,false,0.13505720382886044,0.008718892785983812,0.06687204764838772,false,True,0.2022922636103152,0.15503631196716136,0.9712918660287081,0.9658774373259053,0.38636363636363635,,0.8454994511525796
ESE,197999,5,WINA,197603,2010-05-26,0.9236326217651367,0.8346938490867615,0.9677177667617798,0.9684862494468689,Consumer Cyclical,0.2964614653732396,0.018732050180741533,0.048227667693439336,false,0.2960551573773773,0.12122771973332269,0.048227667693439336,false,True,0.20763476915140572,0.15773968934118907,0.9942965779467681,0.9389380530973451,0.46764039284814907,,0.9231954790649884
ESE,197999,6,WOOF1,198306,2016-05-17,0.9227845072746277,0.7897959351539612,0.9917809963226318,0.98677659034729,Basic Materials,0.42528735632183934,0.2384271004447791,0.07409133271202228,false,0.13034978619533555,-0.014155516306699756,0.07409133271202228,acquisitionby,True,0.2172243554580362,0.1973888716195213,0.8426507537688442,0.9685254875128293,0.5609821190285562,,0.9679695982627579
ESE,197999,7,TFX,199296,2020-01-03,0.9226126670837402,0.8571428656578064,0.9930495619773865,0.9176455736160278,Healthcare,0.055521041010054395,-0.10800738346136018,0.3979530638488984,false,-0.12649531639137057,-0.20767247401235223,0.49592872265939913,false,False,0.18354430379746836,0.16868622448979592,0.8257355318461042,0.9190691212226467,0.29914529914529914,,0.9687854710556186
ESE,197999,8,PRSU,197832,2017-08-21,0.9222003817558289,0.8020408153533936,0.9682587385177612,0.9963016510009766,Industrials,0.09978561931843477,-0.08869727446713349,0.06221492776579707,false,-0.31477596093434146,-0.4462934675514061,0.7728964293211702,false,False,0.1904626738575078,0.19534883720930232,0.8652037617554859,0.9503695881731784,0.6590038314176245,,0.9258639910813824
ESE,197999,9,GTK,123347,2003-08-25,0.9209337830543518,0.7714285850524902,0.994767963886261,0.9966049790382385,Communication Services,0.02951993805652342,-0.08150400258619905,0.01890243902439026,false,0.2046488771196282,0.09744513886205852,0.01890243902439026,false,True,0.22550075382295928,0.15031503150315031,0.941656942823804,0.9611699445284921,0.36613665663944994,,0.8768281535648994
ESE,197999,10,USPH,197804,2018-08-03,0.9192371964454651,0.7591836452484131,0.9987707734107971,0.9997572302818298,Healthcare,0.11486465465796702,0.040499664174641126,0.1300409811724179,false,0.0052665199784860395,-0.1699047063400374,0.5750727564292927,false,False,0.20736266896750072,0.22093023255813954,0.8783051927365403,0.9559228650137741,0.8342435827416712,,0.9323437053953754
ESE,197999,11,COO,198901,2003-05-13,0.9187481999397278,0.800000011920929,0.9946358799934387,0.9616088271141052,Healthcare,0.7051284385297383,0.5019107585977385,0.012488849241748534,false,0.19105283364883907,0.057311828476236615,0.012488849241748534,false,True,0.23958110707416114,0.1559776536312849,0.7878437716662815,0.9320040899795501,0.46111229490730876,,1.0
ESE,197999,12,PZZA,197638,2006-07-07,0.9175376892089844,0.7836734652519226,0.9738121628761292,0.9951274394989014,Consumer Cyclical,-0.13908580430418993,-0.3545674704518228,0.20153975150545012,false,-0.09865432158145504,-0.016313741699766404,0.6126991386538607,false,False,0.1630409892374628,0.1658291457286432,0.9799072642967542,0.8913907284768212,0.5884436572946646,,0.9095174262734584
ESE,197999,13,SGA,197801,2002-04-29,0.917259693145752,0.8367347121238708,0.9855056405067444,0.9295387268066406,Communication Services,-0.13068355685480082,0.022816685459267405,0.2661640639023515,false,-0.11807221069585105,-0.1651167938557686,0.3626637946508706,false,False,0.17135342909164475,0.1692066337965038,0.8597432905484247,0.8714104193138501,0.3787123779150887,,0.9875102375102375
ESE,197999,14,YDNT,187986,2002-04-23,0.9172328114509583,0.8142856955528259,0.9528338313102722,0.9845789074897766,Healthcare,-0.057062342437877334,0.13193840567374415,0.23021805247693183,false,0.17657245893761297,0.13981045734110809,0.23021805247693183,false,True,0.2332591543597006,0.17503361721201255,0.995565927654609,0.9438373570520966,0.4183775164440901,,1.0
ESE,197999,15,LLY,199575,2023-08-14,0.9169612526893616,0.8163265585899353,0.9468711614608765,0.9876860976219177,Healthcare,0.5733040314168014,0.3506940786438164,0.023811421133916877,false,0.3082838183935852,0.10315026388863413,0.023811421133916877,false,True,0.17638376383763837,0.15555555555555556,0.8980797636632201,0.9913314840499307,0.9011095031355524,,1.0
CAT,199869,1,FRK,122683,2005-08-17,0.952558696269989,0.8877550959587097,0.9961187243461609,0.9738022089004517,Basic Materials,-0.2669836999425299,-0.32827166094516524,0.32602641101911667,false,0.06395893419580334,0.03065644026001335,0.32602641101911667,acquisitionby,False,0.2021587587137396,0.1575492341356674,0.9768137621540763,0.9509729593126106,0.4105629211041078,0.9138374485596708,
CAT,199869,2,TDG,195349,2023-05-25,0.9481022953987122,0.8673469424247742,0.9802474975585938,0.9967124462127686,Industrials,0.7076883766772657,0.43677649110771233,0.016601389766266572,false,0.20711747668238378,-0.016373835216407118,0.016601389766266572,false,True,0.19348612786489747,0.16676773802304426,0.9362549800796812,0.8970893970893971,0.4286052009456265,0.9548793284365162,
CAT,199869,3,WOOF1,198306,2015-02-13,0.9447563290596008,0.8959183692932129,0.9509807229042053,0.9873700141906738,Basic Materials,-0.07532910775231583,0.007124612148841747,0.14353431930223737,false,0.20804507405880557,0.09001779260695253,0.14353431930223737,acquisitionby,True,0.22905795111233176,0.17300613496932515,0.9667185069984447,0.9174070417900625,0.3598643006263048,0.9303040655961735,
CAT,199869,4,NDSN,199483,2016-11-11,0.9434096813201904,0.8816326260566711,0.9731451869010925,0.9754512906074524,Industrials,0.1952271081479262,-0.016082817517154124,0.010603041426324067,false,0.14827996889477046,0.008047265280044291,0.010603041426324067,false,True,0.26323119777158777,0.17945544554455445,0.9680150517403575,0.858983286908078,0.4283008658008658,1.0,
CAT,199869,5,GNRC,193125,2020-08-14,0.940836489200592,0.8469387888908386,0.9832710027694702,0.9922997951507568,Industrials,1.4192512933317043,1.0966952474597065,0.0031365839749072366,false,-0.09017954577475351,-0.20967230055204233,0.48793840889649265,false,False,0.2008595988538682,0.1771392485001579,0.8749601275917065,0.9846796657381616,0.5276560788608982,0.9799718903724526,
CAT,199869,6,IR,123548,2023-05-10,0.9363203644752502,0.8755102157592773,0.9688286185264587,0.9646222591400146,Industrials,0.5580049839404544,0.3108592570219586,0.029618939628217045,false,0.12068503208796133,-0.093709624309251,0.029618939628217045,false,True,0.2255729794933655,0.16616130988477865,0.872203493717438,0.8697158697158697,0.6,0.9489331934242742,
CAT,199869,7,NWL,198326,2016-05-02,0.9343798756599426,0.8755102157592773,0.958827555179596,0.9688020348548889,Consumer Defensive,0.008588909178879556,-0.14904658677366256,0.05172074729596865,false,-0.2994817520809161,-0.4391441289673983,0.6858734841035726,false,False,0.22024136039495337,0.13832763444202673,0.9042085427135679,0.9343140608963394,0.4982652788897785,0.9642112578179292,
CAT,199869,8,RL,196866,2007-06-15,0.9335991740226746,0.8326530456542969,0.9689467549324036,0.9991977214813232,Consumer Cyclical,-0.30976615234670823,-0.22987649476311733,0.45748859078965565,false,-0.0348189657390191,0.05362877692365853,0.6612501728668234,false,False,0.25495222558844094,0.1870705013998473,0.9416190970420343,0.9162958843159066,0.3773246695048174,0.8759712230215827,
CAT,199869,9,AOS,199349,2015-11-10,0.9333152174949646,0.8714285492897034,0.9722082614898682,0.9563087821006775,Industrials,0.22821742784260324,0.1845547052311558,0.19394034046540687,false,0.07517895199406555,-0.041658263869714274,0.19394034046540687,false,True,0.2056484782012613,0.17654398003742983,0.934384858044164,0.9625379682753965,0.5860440713536201,0.9751362397820164,
CAT,199869,10,MAS,199557,2019-11-22,0.9323379993438721,0.8469387888908386,0.9937881231307983,0.956287145614624,Basic Materials,0.2071324650131634,0.0694697772146089,0.4006062075654704,false,0.02442401395372773,-0.06901185096468265,0.4006062075654704,false,False,0.21487839771101575,0.16925515055467513,0.9864995178399228,0.7756013745704468,0.3564383561643836,0.9733613739922888,
CAT,199869,11,ROST,198685,2018-08-17,0.9316726326942444,0.8693877458572388,0.9712013602256775,0.9544288516044617,Consumer Cyclical,0.15259086235302255,0.10164723278486143,0.16525109260328186,false,0.10887652702730377,-0.06854469442310163,0.33474301735207146,false,False,0.2611446649410411,0.1791326209930861,0.9904428161834979,0.8646694214876033,0.4101583833970508,0.955730096394145,
CAT,199869,12,WWE,196277,2023-04-11,0.9315700531005859,0.863265335559845,0.982434093952179,0.9490107893943787,Communication Services,-0.020428422661047607,-0.3030032544267123,0.06033148741106964,delisted,-0.00685637668236283,-0.19305408499718224,0.06033148741106964,delisted,False,0.21592279855247287,0.17586416009702852,0.8712840943916641,0.9372834372834373,0.724822695035461,1.0,
CAT,199869,13,MHK,198097,2002-02-14,0.9289394021034241,0.8081632852554321,0.9933295249938965,0.9853255152702332,Consumer Cyclical,-0.1267087023488641,0.09476608120996055,0.2779649595687331,false,0.14952830051965105,0.11282430915244723,0.2779649595687331,false,True,0.20115514837681736,0.184275737778779,0.8921800947867299,0.9518225847565639,0.3448343462066262,0.9808290155440414,
CAT,199869,14,SBUX,198229,2011-11-09,0.9288496375083923,0.8020408153533936,0.9950689077377319,0.989439070224762,Consumer Cyclical,0.1323066029385731,-0.04830442463034923,0.0454770755885997,false,0.22250666804680885,0.03206003512987454,0.0454770755885997,false,True,0.1829004329004329,0.18307825584753104,0.9174231332357248,0.9501651155809067,0.44550517104216386,0.9630862329803328,
CAT,199869,15,PRFT,196339,2019-11-15,0.9284548759460449,0.8306122422218323,0.9718684554100037,0.9828839898109436,Technology,0.058411132640479035,-0.06492504119702858,0.46288532675708993,false,0.1831224035589505,0.09614836498091872,0.46288532675708993,false,False,0.2492131616595136,0.1819334389857369,0.9408550305368049,0.9450171821305842,0.5117808219178083,0.9649491763056431,
FTI,124182,1,HBI,194504,2013-12-16,0.9232431054115295,0.8183673620223999,0.9916864633560181,0.9596754908561707,Consumer Cyclical,0.672169063473411,0.5042709579059474,0.05178221699960839,false,0.12986346826416773,0.03304509727375682,0.05178221699960839,false,True,0.20297168488926268,0.2481971153846154,0.8886861313868614,0.9284789644012945,0.06961178045515395,,0.74113977884888
FTI,124182,2,ULTA,193952,2023-05-17,0.9229903221130371,0.8142856955528259,0.9850188493728638,0.969666600227356,Consumer Cyclical,-0.19943399524707195,-0.45260683002690405,0.26212917948209147,false,0.018940631506484618,-0.19973268676530886,0.3759896815160233,false,False,0.20651387213510253,0.20952092177077017,0.942690775360098,0.9002079002079002,0.0933806146572104,,0.8070699527010207
FTI,124182,3,SAFM,198352,2002-08-15,0.9229273796081543,0.781632661819458,0.9894719123840332,0.9976774454116821,Consumer Defensive,0.5788264943194519,0.5037611572909249,0.1587708066581306,false,0.5249205177883289,0.40844120482236224,0.1587708066581306,false,True,0.23211348684210525,0.2617509467587436,0.9698949824970828,0.9065112743856093,0.13813387423935092,,0.6022566995768688
FTI,124182,4,LKQ,196544,2022-01-20,0.9204263687133789,0.8163265585899353,0.9867362380027771,0.9582161903381348,Consumer Cyclical,0.05026109460893946,0.16963410636545073,0.2006252810552689,false,-0.09618663036771458,-0.21000848675342332,0.2789138953724919,false,False,0.18284142071035517,0.26113040732554466,0.9356388088376562,0.8080279232111692,0.23502202643171807,,0.7484055421156807
FTI,124182,5,VVV,124386,2022-02-07,0.9194545149803162,0.7612245082855225,0.9990785717964172,0.998060405254364,Energy,0.10131484765053034,0.18952876613124037,0.22176136718019102,false,0.046346687512448304,-0.07186231542815125,0.22176136718019102,false,True,0.18684342171085544,0.24313230186296178,0.9433237271853987,0.7616055846422338,0.15308370044052863,,0.7101385528920167
FTI,124182,6,FSS,199148,2020-01-06,0.9194087982177734,0.7673469185829163,0.991923451423645,0.9989559054374695,Industrials,0.0244234611894516,-0.13693618315162226,0.2617360639295998,false,0.1349087083131162,0.057030022770443445,0.2617360639295998,false,True,0.23935558112773303,0.2602040816326531,0.8616230197219528,0.9103855505383813,0.28287841191067,,0.8249148694665154
FTI,124182,7,MOCO,199522,2010-11-15,0.9190781116485596,0.7897959351539612,0.9730363488197327,0.9944019913673401,Technology,0.23044825467548957,0.1694399395559032,0.07416689872830218,false,0.05563880466001225,-0.10539306755827282,0.07416689872830218,false,True,0.205443601151531,0.20363340563991322,0.9666941921277181,0.8032738095238096,0.1911802192199847,,0.7189507494646681
FTI,124182,8,QCOM,198399,2020-09-23,0.9190054535865784,0.8224489688873291,0.9633706212043762,0.9711969494819641,Technology,0.2962420101656722,-0.10433395562127035,0.0,false,0.023824680352845906,-0.10447404304880115,0.02429104286955197,false,True,0.19570200573065902,0.24534259551626145,0.9773524720893142,0.9143454038997214,0.24123767798466594,,0.7906147091108672
FTI,124182,9,WWE,196277,2022-09-15,0.9185754656791687,0.7918367385864258,0.9805496335029602,0.9833400249481201,Communication Services,0.5683873867619764,0.4099435756308425,0.015388240144899812,delisted,0.14015041058567346,-0.06032617005990493,0.015388240144899812,delisted,True,0.2009919697685404,0.21997471554993678,0.9201787994891443,0.7143842704380821,0.18987898789878987,,0.8461364663352915
FTI,124182,10,FICO,198325,2003-06-19,0.9166515469551086,0.7897959351539612,0.9715632796287537,0.9885955452919006,Technology,-0.023232447073114226,-0.16779328780686198,0.1303897487496669,false,0.008173674215691928,-0.09130063727557491,0.3102897221153561,false,False,0.17332763410985252,0.21251396648044693,0.986826900855096,0.9544989775051125,0.11122949073087578,,0.8485449735449735
FTI,124182,11,PLOW,195159,2020-02-19,0.9158186912536621,0.7877551317214966,0.9844545125961304,0.9752463698387146,Consumer Cyclical,-0.12475029986950226,-0.2851158814591601,0.5058035929297309,false,-0.05804718701369349,-0.13941012444578227,0.5058035929297309,false,False,0.2054085155350978,0.2582908163265306,0.8897510507597801,0.8829454671761028,0.2743314033636614,,0.822360953461975
FTI,124182,12,BYD,197617,2023-08-15,0.9138984084129333,0.863265335559845,0.8852298259735107,0.9932000637054443,Consumer Cyclical,-0.12431348746528348,-0.3609120679284884,0.23907300115874852,false,0.09895553699372206,-0.11089441067448313,0.23907300115874852,false,True,0.18327183271832717,0.28654970760233917,0.9234859675036927,0.8730929264909847,0.09068982151471297,,0.7862481315396114
FTI,124182,13,TFX,199296,2019-09-20,0.9133389592170715,0.7653061151504517,0.9966953992843628,0.9780154228210449,Healthcare,0.10150656178702788,-0.06338944110393818,0.34332926640033834,false,-0.12165712166966802,-0.240708976387779,0.3516325034153108,false,False,0.18858773181169758,0.19415316174134095,0.8381074991953653,0.9207547169811321,0.23347050754458162,,0.7906521130702491
FTI,124182,14,SAM,197214,2020-10-16,0.9132232666015625,0.7673469185829163,0.983556866645813,0.9887659549713135,Consumer Defensive,-0.44986783104099637,-0.725508032264578,0.46794600988551394,false,-0.26897413504674283,-0.36013562090647844,0.6937814203033248,false,False,0.21750358680057388,0.2657035175879397,0.8499682136045772,0.9857539958304378,0.18261796854172221,,0.9031991174848317
FTI,124182,15,BKNG,196456,2023-06-21,0.9126117825508118,0.8244897723197937,0.993115246295929,0.9202303886413574,Industrials,0.45526158356773383,0.21150066913145893,0.010612512915592398,false,0.17031366214147758,-0.04114997130003761,0.010612512915592398,false,True,0.2135102533172497,0.23347483323226198,0.9834508121360711,0.7924462924462925,0.23120567375886525,,0.8765247697286532
