pick,sector,permaticker,ticker,snapshot_date,snapshot_kind,mean_rank,rank_forest_nonloser_dd30_3y,score_forest_nonloser_dd30_3y,rank_factor_mom_12_2_3y,score_factor_mom_12_2_3y,rank_factor_roc_greenblatt_3y,score_factor_roc_greenblatt_3y
1,Basic Materials,124117,JCI,2026-04-23,median,271.3333333333333,220,0.649606566039438,542,0.8380590470622625,52,0.9656992084432717
2,Communication Services,195146,GOOGL,2026-06-12,median,303.6666666666667,302,0.6342699900623773,325,0.9035369774919614,284,0.8792875989445911
3,Healthcare,199185,JNJ,2026-05-21,median,315.3333333333333,29,0.6883176735927169,804,0.7585501315404852,113,0.9412928759894459
4,Communication Services,198895,EA,2026-04-24,median,333.0,52,0.6836576901395018,924,0.7196726103478515,23,0.9785620052770448
5,Industrials,199798,CW,2026-05-08,median,333.6666666666667,304,0.6342192372431111,447,0.8675825781935107,250,0.8905013192612137
6,Healthcare,631545,RPRX,2026-05-19,median,338.3333333333333,86,0.6762831164561555,847,0.7453960830166618,82,0.9525065963060686
7,Technology,199059,AAPL,2026-06-09,median,338.6666666666667,90,0.6753430651957747,884,0.732826658871675,42,0.9699868073878628
8,Technology,197999,ESE,2026-04-09,median,340.6666666666667,402,0.6117878190476458,490,0.8541362174802689,130,0.9346965699208444
9,Industrials,199869,CAT,2026-05-15,median,353.0,404,0.6116289881982686,343,0.8982753580824321,312,0.8697229551451188
,Industrials,199439,PH,2026-04-02,median,353.3333333333333,282,0.6383541758944546,675,0.7983045893013738,103,0.9449208443271768
10,Energy,124182,FTI,2026-05-22,median,360.3333333333333,415,0.6092299600544214,292,0.9131832797427653,374,0.8479551451187335
,Technology,199958,ADI,2026-06-01,median,360.3333333333333,386,0.6156221809645391,493,0.8532592809120141,202,0.908311345646438
,Industrials,198454,WTS,2026-04-10,median,367.3333333333333,154,0.6614531267378831,608,0.8187664425606548,340,0.8598284960422163
,Communication Services,199790,DLX,2026-05-29,median,379.3333333333333,713,0.5597855367494621,348,0.8968137971353406,77,0.9544854881266491
,Consumer Defensive,124159,LAUR,2026-04-21,median,397.6666666666667,329,0.6274786719466608,596,0.8222741888336743,268,0.8842348284960422
,Industrials,196783,CHRW,2026-05-29,median,413.0,533,0.5887852179909074,451,0.8664133294358375,255,0.8888522427440633
,Industrials,199674,GRC,2026-06-02,median,414.0,395,0.6132358906052915,395,0.8827828120432623,452,0.8215699208443272
,Industrials,199977,HWM,2026-04-13,median,414.0,423,0.6072870784805067,485,0.8555977784273604,334,0.8618073878627969
,Industrials,196966,ROK,2026-05-07,median,415.6666666666667,370,0.6174682097492441,750,0.7757965507161648,127,0.9360158311345647
,Industrials,197276,WAB,2026-04-20,median,418.3333333333333,165,0.6591572488401019,943,0.7141186787489038,147,0.9287598944591029
,Industrials,199181,LHX,2026-06-01,median,424.0,93,0.6740276014656567,1038,0.6840105232388191,141,0.9313984168865436
,Industrials,199358,MLI,2026-05-21,median,426.6666666666667,333,0.6269487174235111,587,0.824904998538439,360,0.8529023746701847
,Industrials,199799,CMI,2026-06-12,median,427.0,380,0.6165354531711552,350,0.8962291727565039,551,0.7879287598944591
,Industrials,199203,WWD,2026-05-08,median,428.3333333333333,405,0.6111470428171364,426,0.8734288219818767,454,0.820910290237467
,Industrials,196855,AME,2026-05-01,median,439.6666666666667,126,0.6675573112845105,1110,0.6591639871382636,83,0.9521767810026385
,Industrials,199483,NDSN,2026-06-05,median,442.6666666666667,83,0.6766756691888967,1001,0.6959953230049694,244,0.8924802110817942
,Industrials,194845,RBC,2026-06-09,median,443.0,202,0.6526005915601459,724,0.7839812920198772,403,0.8383905013192612
,Consumer Cyclical,199490,NYT,2026-05-18,median,443.0,213,0.6511438948776133,876,0.7351651563870213,240,0.8937994722955145
,Industrials,119396,NVT,2026-05-21,median,445.3333333333333,730,0.5586641524648437,383,0.8862905583162818,223,0.9007255936675461
,Communication Services,193488,WBD,2026-05-19,median,447.0,869,0.5366160676577746,193,0.9435837474422684,279,0.8809366754617414
,Technology,194189,TEL,2026-04-07,median,447.6666666666667,335,0.6256994597440512,700,0.7909967845659164,308,0.871042216358839
,Industrials,199219,EME,2026-06-23,median,448.6666666666667,626,0.5739692981196077,586,0.8251973107278574,134,0.933377308707124
,Industrials,199643,HUBB,2026-04-01,median,451.6666666666667,321,0.6299819487873771,822,0.7529961999415375,212,0.9043535620052771
,Energy,199371,SLB,2026-06-01,median,457.0,367,0.6188182846292802,595,0.8225665010230927,409,0.8364116094986808
,Basic Materials,199383,RGLD,2026-05-18,median,457.0,618,0.5753130103860311,715,0.7866121017246419,38,0.9719656992084432
,Consumer Cyclical,199797,DAN,2026-06-01,median,460.0,687,0.5628407074781001,356,0.8944752996199942,337,0.8608179419525066
,Consumer Cyclical,196550,EBAY,2026-06-17,median,461.0,422,0.6077848473878313,833,0.749488453668518,128,0.9356860158311345
,Industrials,199574,LECO,2026-04-17,median,461.0,222,0.6490155769007817,874,0.735749780765858,287,0.8782981530343008
,Technology,198922,LRCX,2026-05-08,median,463.6666666666667,1065,0.5063680782162914,136,0.9605378544285297,190,0.9129287598944591
,Industrials,199688,GE,2026-05-06,median,464.0,348,0.622250408773785,964,0.707395498392283,80,0.9531662269129287
,Consumer Cyclical,198685,ROST,2026-05-08,median,464.6666666666667,67,0.6801880138878109,727,0.782812043262204,600,0.7714379947229552
,Healthcare,189782,TEVA,2026-06-25,median,466.0,706,0.5608603426266835,428,0.87284419760304,264,0.8855540897097626
,Industrials,199777,DOV,2026-04-09,median,467.0,163,0.6595120884760353,944,0.7138263665594855,294,0.8756596306068601
,Consumer Cyclical,197818,BKE,2026-05-12,median,467.3333333333333,298,0.6350858436702866,720,0.7851505407775504,384,0.8446569920844327
,Technology,195549,SNX,2026-05-07,median,468.6666666666667,340,0.6249337131052558,568,0.8304589301373867,498,0.8063984168865436
,Industrials,196878,FIX,2026-06-05,median,474.3333333333333,1203,0.48413506469349415,91,0.9736919029523531,129,0.9350263852242744
,Technology,199948,AMAT,2026-05-12,median,476.6666666666667,928,0.5268045587794231,253,0.9248757673194973,249,0.8908311345646438
,Consumer Cyclical,198152,TRS,2026-06-04,median,477.0,469,0.5981035611758357,741,0.7784273604209295,221,0.9013852242744064
,Consumer Cyclical,197087,SEE,2026-04-01,median,480.6666666666667,374,0.6171103970797636,840,0.7474422683425899,228,0.8984168865435356
,Technology,199070,KLAC,2026-05-11,median,480.6666666666667,965,0.5218372304311985,271,0.9190295235311312,206,0.9069920844327177
