date,n_orders,n_bought,n_sold,cash_after,n_cross_section,n_after_min_score,n_after_filters,n_after_investability,n_priced,n_flagged_sell
2005-01-03,10,9,0,232.96273300000001,4773,4773,4773,3802,3723,0
2005-02-01,10,9,0,250.14286100000015,4724,4724,4724,3778,3715,0
2005-03-01,10,9,0,198.23502450000024,4708,4708,4708,3767,3707,0
2005-04-01,10,9,0,242.79565000000036,4751,4751,4751,3784,3714,0
2005-05-02,10,9,0,224.92653350000057,4714,4714,4714,3763,3697,0
2005-06-01,10,9,0,198.5467335000005,4679,4679,4679,3743,3685,0
2005-07-01,10,9,0,258.3354715000005,4729,4729,4729,3771,3701,0
2005-08-01,10,9,0,323.6253965000006,4708,4708,4708,3763,3679,0
2005-09-01,10,9,0,242.58495150000078,4684,4684,4684,3747,3661,0
2005-10-03,12,9,2,394.1636840000013,4750,4750,4750,3787,3683,2
2005-11-01,10,9,0,260.26186950000124,4709,4709,4709,3764,3664,0
2005-12-01,10,9,0,270.0391780000013,4682,4682,4682,3745,3654,0
2006-01-03,11,10,1,170.22461500000122,4742,4742,4742,3785,3681,1
2006-02-01,10,10,0,141.0109310000011,4692,4692,4692,3754,3664,0
2006-03-01,10,10,0,146.17314300000106,4666,4666,4666,3734,3638,0
2006-04-03,13,10,3,127.91459750000087,4709,4709,4709,3747,3646,3
2006-05-01,10,10,0,108.51915750000057,4671,4671,4671,3728,3629,0
2006-06-01,10,10,0,131.26670350000052,4636,4636,4636,3708,3611,0
2006-07-03,14,10,4,163.9895655000006,4696,4696,4696,3750,3642,4
2006-08-01,10,10,0,125.13023950000051,4649,4649,4649,3723,3622,0
2006-09-01,10,10,0,139.56880550000056,4612,4612,4612,3690,3609,0
2006-10-02,14,10,4,129.98767500000042,4643,4643,4643,3709,3622,4
2006-11-01,10,10,0,103.99522600000024,4612,4612,4612,3687,3604,0
2006-12-01,10,10,0,170.56561700000012,4585,4585,4585,3668,3584,0
2007-01-03,12,10,2,143.81427300000044,4658,4658,4658,3711,3602,2
2007-02-01,10,10,0,154.2298075000004,4620,4620,4620,3688,3578,0
2007-03-01,10,10,0,78.01820450000048,4594,4594,4594,3673,3556,0
2007-04-02,14,10,4,235.3554465000002,4647,4647,4647,3705,3572,4
2007-05-01,10,10,0,163.27324600000026,4601,4601,4601,3677,3544,0
2007-06-01,10,10,0,205.4476700000002,4554,4554,4554,3643,3525,0
2007-07-02,16,10,6,171.11860250000086,4633,4633,4633,3705,3562,6
2007-08-01,10,10,0,117.69247050000085,4583,4583,4583,3666,3545,0
2007-09-04,10,10,0,175.40697400000084,4550,4550,4550,3640,3509,0
2007-10-01,14,10,4,250.29889750000166,4600,4600,4600,3680,3535,4
2007-11-01,10,9,0,265.1147795000015,4551,4551,4551,3646,3505,0
2007-12-03,10,9,0,292.9119375000018,4508,4508,4508,3607,3473,0
2008-01-02,13,10,3,182.3873825000012,4584,4584,4584,3668,3514,3
2008-02-01,10,10,0,145.5079620000013,4537,4537,4537,3630,3504,0
2008-03-03,10,10,0,127.42008250000143,4497,4497,4497,3598,3481,0
2008-04-01,11,10,1,221.1681550000012,4540,4540,4540,3622,3498,1
2008-05-01,10,10,0,137.9471045000011,4481,4481,4481,3584,3486,0
2008-06-02,10,10,0,136.4290170000012,4432,4432,4432,3546,3467,0
2008-07-01,13,10,3,163.9338800000013,4461,4461,4461,3566,3476,3
2008-08-01,10,10,0,188.10238200000148,4433,4433,4433,3547,3466,0
2008-09-02,10,10,0,224.52763300000137,4405,4405,4405,3524,3442,0
2008-10-01,14,10,4,114.75512100000145,4419,4419,4419,3520,3428,4
2008-11-03,11,10,1,149.48651100000114,4372,4372,4372,3494,3405,1
2008-12-01,10,10,0,97.3227820000011,4344,4344,4344,3475,3391,0
2009-01-02,12,10,2,168.1665650000012,4358,4358,4358,3476,3382,2
2009-02-02,11,10,1,142.1926900000007,4313,4313,4313,3448,3368,1
2009-03-02,10,10,0,99.30832550000076,4284,4284,4284,3427,3361,0
2009-04-01,11,10,1,100.48581150000078,4289,4289,4289,3408,3334,1
2009-05-01,10,10,0,117.85760800000085,4245,4245,4245,3389,3321,0
2009-06-01,10,10,0,124.378559000001,4205,4205,4205,3363,3315,0
2009-07-01,14,10,4,172.26045300000163,4217,4217,4217,3351,3292,4
2009-08-03,10,9,0,207.0620410000016,4178,4178,4178,3335,3275,0
2009-09-01,10,9,0,193.70466050000147,4153,4153,4153,3322,3265,0
2009-10-01,13,10,3,145.66297750000103,4179,4179,4179,3328,3264,3
2009-11-02,11,10,1,112.09099500000087,4150,4150,4150,3314,3243,1
2009-12-01,10,9,0,197.49908800000102,4127,4127,4127,3301,3226,0
2010-01-04,17,10,7,122.15765599999872,4167,4167,4167,3315,3229,7
2010-02-01,10,10,0,144.79280999999872,4123,4123,4123,3294,3219,0
2010-03-01,10,10,0,111.03327099999888,4106,4106,4106,3284,3208,0
2010-04-01,13,10,3,69.15369749999917,4137,4137,4137,3281,3193,3
2010-05-03,10,10,0,98.86954749999921,4074,4074,4074,3252,3179,0
2010-06-01,10,10,0,75.76918549999912,4044,4044,4044,3233,3167,0
2010-07-01,11,10,1,119.08918349999934,4089,4089,4089,3261,3193,1
2010-08-02,11,10,1,122.57743599999975,4059,4059,4059,3246,3171,1
2010-09-01,11,10,1,142.04233099999976,4035,4035,4035,3228,3158,1
2010-10-01,11,10,1,144.74889949999965,4061,4061,4061,3238,3155,1
2010-11-01,10,10,0,166.97863949999982,4028,4028,4028,3219,3138,0
2010-12-01,10,10,0,156.31264599999986,4006,4006,4006,3205,3121,0
2011-01-03,18,10,8,179.45604749999825,4052,4052,4052,3233,3123,8
2011-02-01,10,9,0,263.66696499999836,4000,4000,4000,3200,3113,0
2011-03-01,10,9,0,304.5226684999983,3981,3981,3981,3184,3097,0
2011-04-01,14,10,4,379.95221099999816,4013,4013,4013,3203,3105,4
2011-05-02,10,9,0,313.6712439999984,3964,3964,3964,3168,3087,0
2011-06-01,10,9,0,356.6784514999983,3932,3932,3932,3146,3073,0
2011-07-01,12,10,2,340.9407324999985,3978,3978,3978,3168,3074,2
2011-08-01,10,9,0,506.7583369999988,3941,3941,3941,3153,3052,0
2011-09-01,10,9,0,425.41784549999875,3910,3910,3910,3128,3044,0
2011-10-03,23,10,13,414.9196824999992,3927,3927,3927,3138,3047,13
2011-11-01,10,9,0,284.42776099999924,3890,3890,3890,3113,3034,0
2011-12-01,11,9,1,435.8770619999997,3859,3859,3859,3088,3023,1
2012-01-03,12,10,2,353.9226954999993,3887,3887,3887,3098,3025,2
2012-02-01,11,9,1,459.71321149999926,3850,3850,3850,3077,3016,1
2012-03-01,10,8,0,474.97565099999946,3833,3833,3833,3066,3004,0
2012-04-02,12,10,2,145.61527299999898,3876,3876,3876,3088,3018,2
2012-05-01,10,9,0,243.83404699999892,3840,3840,3840,3071,3009,0
2012-06-01,10,9,0,246.14029799999898,3816,3816,3816,3053,2996,0
2012-07-02,17,10,7,133.8916659999977,3860,3860,3860,3080,3015,7
2012-08-01,10,9,0,306.4928704999978,3833,3833,3833,3064,3003,0
2012-09-04,10,9,0,323.9710379999979,3808,3808,3808,3046,2989,0
2012-10-01,13,10,3,238.04794099999867,3839,3839,3839,3057,2990,3
2012-11-01,10,9,0,330.4183169999985,3805,3805,3805,3039,2974,0
2012-12-03,10,9,0,307.4985849999986,3784,3784,3784,3027,2968,0
2013-01-02,12,10,2,555.8139729999982,3827,3827,3827,3051,2981,2
2013-02-01,10,9,0,269.8959574999983,3789,3789,3789,3029,2974,0
2013-03-01,10,9,0,288.80210549999833,3770,3770,3770,3014,2962,0
2013-04-01,13,10,3,181.61168899999893,3801,3801,3801,3025,2958,3
2013-05-01,10,10,0,118.0562279999991,3760,3760,3760,3004,2951,0
2013-06-03,10,10,0,92.86657899999894,3742,3742,3742,2993,2939,0
2013-07-01,14,10,4,359.5968339999979,3799,3799,3799,3033,2969,4
2013-08-01,10,9,0,375.52760449999755,3774,3774,3774,3018,2962,0
2013-09-03,10,9,0,371.13448949999776,3754,3754,3754,3002,2949,0
2013-10-01,14,10,4,230.55757649999896,3825,3825,3825,3052,2991,4
2013-11-01,10,10,0,214.82089749999898,3802,3802,3802,3038,2975,0
2013-12-02,10,10,0,165.64258099999887,3778,3778,3778,3023,2962,0
2014-01-02,14,10,4,193.738172999997,3846,3846,3846,3063,2989,4
2014-02-03,10,10,0,224.759576499997,3809,3809,3809,3047,2980,0
2014-03-03,11,10,1,401.8973569999969,3796,3796,3796,3037,2962,1
2014-04-01,14,10,4,357.7742959999953,3872,3872,3872,3089,3012,4
2014-05-01,10,9,0,349.5498179999952,3827,3827,3827,3059,3007,0
2014-06-02,10,9,0,306.1295844999954,3805,3805,3805,3044,2999,0
2014-07-01,14,10,4,515.1170719999948,3884,3884,3884,3101,3052,4
2014-08-01,10,10,0,268.5643544999948,3855,3855,3855,3084,3042,0
2014-09-02,10,7,0,543.9139239999947,3837,3837,3837,3070,3032,0
2014-10-01,15,10,5,264.7042634999914,3892,3892,3892,3101,3060,5
2014-11-03,10,9,0,328.32035049999143,3869,3869,3869,3092,3052,0
2014-12-01,10,9,0,364.6312024999915,3856,3856,3856,3084,3039,0
2015-01-02,13,10,3,351.12745949999305,3928,3928,3928,3133,3073,3
2015-02-02,10,8,0,420.25878249999306,3897,3897,3897,3114,3060,0
2015-03-02,10,8,0,522.907005499993,3888,3888,3888,3111,3044,0
2015-04-01,12,10,2,423.0956419999934,3929,3929,3929,3134,3057,2
2015-05-01,10,10,0,273.0525299999935,3910,3910,3910,3123,3048,0
2015-06-01,10,9,0,392.7482109999937,3877,3877,3877,3102,3036,0
2015-07-01,14,10,4,383.61007549999067,3950,3950,3950,3153,3082,4
2015-08-03,11,9,1,574.7835279999907,3921,3921,3921,3134,3064,1
2015-09-01,10,9,0,395.20540399999084,3892,3892,3892,3114,3050,0
2015-10-01,11,9,1,831.7002794999908,3938,3938,3938,3141,3073,1
2015-11-02,10,9,0,473.4539979999908,3911,3911,3911,3126,3056,0
2015-12-01,10,6,0,732.6702979999909,3890,3890,3890,3112,3048,0
2016-01-04,11,10,1,289.7144579999913,3945,3945,3945,3133,3054,1
2016-02-01,10,9,0,475.4334144999914,3901,3901,3901,3109,3043,0
2016-03-01,10,10,0,262.74079399999135,3869,3869,3869,3092,3027,0
2016-04-01,19,10,9,749.6100119999874,3882,3882,3882,3081,3009,9
2016-05-02,10,8,0,545.9940489999873,3841,3841,3841,3060,2995,0
2016-06-01,11,9,1,559.0748609999873,3809,3809,3809,3046,2977,1
2016-07-01,14,10,4,622.685690499985,3840,3840,3840,3065,2992,4
2016-08-01,10,7,0,665.8654999999851,3812,3812,3812,3047,2972,0
2016-09-01,10,7,0,671.7943859999854,3790,3790,3790,3032,2960,0
2016-10-03,15,10,5,362.4478109999875,3831,3831,3831,3055,2960,5
2016-11-01,10,10,0,270.5103594999875,3799,3799,3799,3037,2945,0
2016-12-01,10,10,0,369.1084564999875,3778,3778,3778,3021,2929,0
2017-01-03,15,10,5,426.37867249998624,3820,3820,3820,3047,2940,5
2017-02-01,10,9,0,414.1472189999863,3776,3776,3776,3022,2929,0
2017-03-01,10,8,0,537.9391869999865,3743,3743,3743,2994,2914,0
2017-04-03,12,10,2,253.12437649998628,3785,3785,3785,3023,2933,2
2017-05-01,10,9,0,420.39097499998616,3746,3746,3746,2995,2913,0
2017-06-01,10,9,0,389.9710839999861,3720,3720,3720,2976,2899,0
2017-07-03,14,10,4,393.9853714999849,3785,3785,3785,3025,2944,4
2017-08-01,11,10,1,440.67170249998526,3763,3763,3763,3007,2930,1
2017-09-01,10,7,0,672.8055444999852,3736,3736,3736,2989,2919,0
2017-10-02,13,10,3,522.1989709999843,3773,3773,3773,3006,2919,3
2017-11-01,10,7,0,725.0336234999844,3733,3733,3733,2982,2907,0
2017-12-01,10,8,0,594.7684929999848,3711,3711,3711,2967,2895,0
2018-01-02,15,10,5,993.2948824999843,3767,3767,3767,3004,2918,5
2018-02-01,10,7,0,854.6966879999844,3728,3728,3728,2983,2915,0
2018-03-01,10,7,0,761.8590969999844,3699,3699,3699,2959,2901,0
2018-04-02,11,10,1,845.3312489999861,3754,3754,3754,2991,2917,1
2018-05-01,10,7,0,795.9642744999861,3722,3722,3722,2974,2905,0
2018-06-01,10,6,0,929.129935999986,3696,3696,3696,2957,2894,0
2018-07-02,20,10,10,457.64524999999594,3764,3764,3764,3012,2934,10
2018-08-01,10,8,0,520.8037409999959,3744,3744,3744,2994,2921,0
2018-09-04,10,7,0,620.6953494999959,3722,3722,3722,2977,2907,0
2018-10-01,12,10,2,648.1392889999951,3774,3774,3774,3013,2936,2
2018-11-01,11,10,1,844.1907014999949,3738,3738,3738,2990,2917,1
2018-12-03,10,7,0,701.0045049999948,3712,3712,3712,2970,2904,0
2019-01-02,13,10,3,376.66530449999755,3759,3759,3759,3003,2923,3
2019-02-01,10,7,0,527.9682249999978,3732,3732,3732,2984,2907,0
2019-03-01,10,7,0,634.1005999999977,3716,3716,3716,2972,2895,0
2019-04-01,11,10,1,422.0881949999985,3754,3754,3754,2995,2905,1
2019-05-01,10,7,0,621.1888239999982,3721,3721,3721,2973,2892,0
2019-06-03,10,9,0,538.092207499998,3688,3688,3688,2951,2885,0
2019-07-01,12,10,2,628.2820944999978,3749,3749,3749,2995,2927,2
2019-08-01,10,7,0,770.0166424999979,3724,3724,3724,2977,2917,0
2019-09-03,10,7,0,909.5866409999979,3695,3695,3695,2956,2903,0
2019-10-01,11,10,1,779.8853930000009,3731,3731,3731,2976,2915,1
2019-11-01,10,8,0,641.3443980000006,3710,3710,3710,2964,2902,0
2019-12-02,10,8,0,618.5129740000009,3689,3689,3689,2951,2889,0
2020-01-02,13,10,3,1343.3993805000005,3733,3733,3733,2980,2905,3
2020-02-03,10,7,0,1180.5947590000007,3702,3702,3702,2960,2892,0
2020-03-02,10,7,0,1066.0554770000008,3685,3685,3685,2948,2883,0
2020-04-01,12,10,2,745.8777600000017,3718,3718,3718,2962,2887,2
2020-05-01,11,9,1,987.7802480000018,3684,3684,3684,2940,2877,1
2020-06-01,10,7,0,855.569331000002,3653,3653,3653,2923,2870,0
2020-07-01,16,10,6,847.1751734999953,3705,3705,3705,2964,2907,6
2020-08-03,10,6,0,1030.7265699999953,3680,3680,3680,2942,2899,0
2020-09-01,10,7,0,999.0031324999952,3661,3661,3661,2928,2895,0
2020-10-01,17,10,7,781.7782769999994,3792,3792,3792,3023,2979,7
2020-11-02,10,8,0,577.3384404999995,3769,3769,3769,3013,2961,0
2020-12-01,10,7,0,690.1531219999996,3753,3753,3753,3002,2953,0
2021-01-04,10,7,0,720.9878744999999,3933,3933,3933,3133,3080,0
2021-02-01,10,7,0,699.7449909999999,3909,3909,3909,3126,3069,0
2021-03-01,10,8,0,543.092828,3891,3891,3891,3114,3060,0
2021-04-01,15,10,5,834.0089055000053,4231,4231,4231,3369,3313,5
2021-05-03,10,7,0,864.6750700000052,4195,4195,4195,3351,3300,0
2021-06-01,10,7,0,884.574683000005,4177,4177,4177,3341,3291,0
2021-07-01,19,10,9,1180.0746314999997,4318,4318,4318,3440,3382,9
2021-08-02,10,7,0,842.9620599999995,4295,4295,4295,3428,3368,0
2021-09-01,10,5,0,1231.5606184999995,4273,4273,4273,3416,3362,0
2021-10-01,12,10,2,560.3943445000004,4444,4444,4444,3550,3487,2
2021-11-01,10,5,0,922.2556490000006,4415,4415,4415,3528,3473,0
2021-12-01,10,7,0,821.1281445000004,4398,4398,4398,3518,3460,0
2022-01-03,16,10,6,1407.5791430000054,4632,4632,4632,3693,3617,6
2022-02-01,10,7,0,994.6009680000054,4601,4601,4601,3675,3614,0
2022-03-01,11,10,1,810.5632665000044,4580,4580,4580,3664,3606,1
2022-04-01,13,10,3,1013.2205755000114,4651,4651,4651,3719,3649,3
2022-05-02,10,5,0,1277.0118320000113,4623,4623,4623,3697,3637,0
2022-06-01,10,6,0,1093.7789610000111,4595,4595,4595,3676,3623,0
2022-07-01,16,10,6,2546.3223515000145,4632,4632,4632,3700,3636,6
2022-08-01,10,9,0,949.5051915000147,4616,4616,4616,3689,3617,0
2022-09-01,10,7,0,863.5686700000149,4593,4593,4593,3674,3596,0
2022-10-03,18,10,8,706.05725850002,4624,4624,4624,3692,3596,8
2022-11-01,10,4,0,1202.09253400002,4596,4596,4596,3671,3565,0
2022-12-01,10,5,0,1233.9167375000195,4578,4578,4578,3661,3544,0
2023-01-03,14,10,4,1156.3865755000174,4593,4593,4593,3673,3508,4
2023-02-01,10,7,0,836.2592450000175,4558,4558,4558,3650,3486,0
2023-03-01,10,6,0,915.8289750000174,4521,4521,4521,3617,3463,0
2023-04-03,15,10,5,1214.3160895000137,4544,4544,4544,3593,3410,5
2023-05-01,10,7,0,899.3688260000139,4500,4500,4500,3562,3394,0
2023-06-01,10,6,0,1040.8264080000138,4371,4371,4371,3494,3382,0
2023-07-03,15,10,5,748.8100200000131,4388,4388,4388,3479,3342,5
2023-08-01,10,6,0,935.481298000013,4331,4331,4331,3442,3321,0
2023-09-01,10,6,0,1007.9181500000129,4259,4259,4259,3405,3299,0
2023-10-02,12,10,2,1183.364394500015,4285,4285,4285,3398,3281,2
2023-11-01,10,6,0,1127.077284000015,4230,4230,4230,3369,3257,0
2023-12-01,10,6,0,1090.909345000015,4175,4175,4175,3340,3233,0
2024-01-02,13,10,3,1391.8579090000176,4205,4205,4205,3332,3208,3
2024-02-01,10,3,0,1797.9173675000175,4153,4153,4153,3307,3197,0
2024-03-01,10,5,0,1680.3685890000177,4105,4105,4105,3279,3182,0
2024-04-01,11,10,1,1328.8001825000183,4123,4123,4123,3249,3135,1
2024-05-01,10,5,0,1421.5508850000185,4047,4047,4047,3209,3124,0
2024-06-03,10,4,0,1620.328387000019,3988,3988,3988,3188,3107,0
2024-07-01,14,10,4,1105.0201790000192,4020,4020,4020,3189,3102,4
2024-08-01,11,10,1,1720.522769500019,3981,3981,3981,3170,3090,1
2024-09-03,10,4,0,1828.6430780000192,3928,3928,3928,3141,3073,0
2024-10-01,11,10,1,1627.6642310000204,3964,3964,3964,3136,3059,1
2024-11-01,10,6,0,1502.277114000021,3914,3914,3914,3118,3042,0
2024-12-02,10,6,0,1354.040302000021,3876,3876,3876,3099,3023,0
2025-01-02,16,10,6,1193.0476165000273,3919,3919,3919,3096,3017,6
2025-02-03,11,10,1,1097.3450430000266,3864,3864,3864,3076,3000,1
2025-03-03,10,6,0,1085.4316990000266,3826,3826,3826,3057,2982,0
2025-04-01,16,10,6,1071.2651205000202,3872,3872,3872,3051,2970,6
2025-05-01,10,8,0,685.4426590000201,3815,3815,3815,3030,2952,0
2025-06-02,10,6,0,845.38972850002,3764,3764,3764,3009,2938,0
2025-07-01,15,10,5,1854.8713635000113,3822,3822,3822,3034,2947,5
2025-08-01,10,7,0,1389.9480145000116,3798,3798,3798,3021,2927,0
2025-09-02,10,6,0,1137.4294895000114,3747,3747,3747,2994,2912,0
2025-10-01,20,10,10,917.2607795000367,3805,3805,3805,3030,2938,10
2025-11-03,10,7,0,935.1935325000368,3760,3760,3760,3003,2923,0
2025-12-01,10,7,0,961.151275000037,3727,3727,3727,2981,2911,0
2026-01-02,13,10,3,1046.346860000037,3798,3798,3798,3027,2939,3
2026-02-02,10,4,0,1440.586092000037,3760,3760,3760,3006,2921,0
2026-03-02,10,7,0,1046.8550470000368,3735,3735,3735,2988,2909,0
2026-04-01,15,10,5,816.8583920000283,3828,3828,3828,3053,2962,5
2026-05-01,10,5,0,1044.2537070000285,3793,3793,3793,3029,2947,0
2026-06-01,10,6,0,1008.3456745000285,3762,3762,3762,3009,2924,0
2026-07-01,18,10,8,2388.4976870000355,3858,3858,3858,3081,2989,8
2026-08-03,10,7,0,1442.0308140000352,3825,3825,3825,3057,2971,0
