run,candidate,status,label,eval_label,horizon_years,feature_set,param_set,set_params,seed,grid_params,sampled_params,config_hash,n_test,effective_n,base_rate,pr_auc,roc_auc,brier,base_rate_brier,precision_at_20,conf_at_20,recall_at_20,precision_at_50,conf_at_50,recall_at_50,all_mean_label_3y_beat_spy,all_mean_fwd_3y_excess_cagr,all_median_fwd_3y_excess_cagr,all_mean_fwd_3y_cagr,all_median_fwd_3y_cagr,all_mean_fwd_3y_max_drawdown_from_entry,all_median_fwd_3y_max_drawdown_from_entry,n_stocks_at_20,pick_mean_label_3y_beat_spy_at_20,pick_mean_fwd_3y_excess_cagr_at_20,pick_median_fwd_3y_excess_cagr_at_20,pick_mean_fwd_3y_cagr_at_20,pick_median_fwd_3y_cagr_at_20,pick_mean_fwd_3y_max_drawdown_from_entry_at_20,pick_median_fwd_3y_max_drawdown_from_entry_at_20,n_stocks_at_50,pick_mean_label_3y_beat_spy_at_50,pick_mean_fwd_3y_excess_cagr_at_50,pick_median_fwd_3y_excess_cagr_at_50,pick_mean_fwd_3y_cagr_at_50,pick_median_fwd_3y_cagr_at_50,pick_mean_fwd_3y_max_drawdown_from_entry_at_50,pick_median_fwd_3y_max_drawdown_from_entry_at_50
forest_label_rungs_dd_entry_3y__label_3y_cagr_ge_0p08_and_3y_max_drawdown_from_entry_lt_0p3__s23,forest_label_rungs_dd_entry_3y__label_3y_cagr_ge_0p08_and_3y_max_drawdown_from_entry_lt_0p3,completed,fwd_3y_cagr >= 0.08 & fwd_3y_max_drawdown_from_entry < 0.3,,3,0,0,"{""criterion"": ""entropy"", ""max_depth"": 4, ""max_features"": 0.205191, ""max_samples"": 0.663781, ""min_samples_leaf"": 72, ""n_estimators"": 490}",23,{},{},9b0eb89e415b88c6,256351,8215.438550146824,0.27155074518839317,0.35422572315899364,0.6453783470874677,0.19092517536044618,0.1978109379760215,0.56875,0.559207666235737,0.0025087184859470413,0.55875,0.5539762473223735,0.006161522874825975,0.3630178934351729,-0.10562821905207564,-0.0730290445174051,-0.013262331798357452,0.017413271900700078,0.4413241721025813,0.4032790266034234,14.0,0.496875,-0.015777664585035437,-0.001126855564766549,0.0767485642108445,0.11621273026117007,0.21749768540629452,0.09706145899892188,29.5,0.48125,-0.014435158065134988,-0.006058474876822095,0.07869873834532032,0.11254783310396932,0.20870214413929053,0.09945880739260121
forest_label_rungs_dd_entry_3y__label_3y_cagr_ge_0p08_and_3y_max_drawdown_from_entry_lt_0p3__s1776,forest_label_rungs_dd_entry_3y__label_3y_cagr_ge_0p08_and_3y_max_drawdown_from_entry_lt_0p3,completed,fwd_3y_cagr >= 0.08 & fwd_3y_max_drawdown_from_entry < 0.3,,3,0,0,"{""criterion"": ""entropy"", ""max_depth"": 4, ""max_features"": 0.205191, ""max_samples"": 0.663781, ""min_samples_leaf"": 72, ""n_estimators"": 490}",1776,{},{},7a6eadff0c48fae3,256351,8215.438550146824,0.27155074518839317,0.3551734453290991,0.645589463312041,0.19081338442492707,0.1978109379760215,0.56875,0.5597267800788897,0.0025087184859470413,0.56625,0.5541471271913847,0.006244227879857196,0.3630178934351729,-0.10562821905207564,-0.0730290445174051,-0.013262331798357452,0.017413271900700078,0.4413241721025813,0.4032790266034234,13.9375,0.471875,-0.011469792886974098,-0.0055685317311223725,0.08059203075217129,0.11578633968036545,0.21666201719320263,0.09947899404110105,29.1875,0.50125,-0.0069398376720753085,0.0007614090076566438,0.0854846969480532,0.11255507715461421,0.1989930093320065,0.09665827134574784
forest_label_rungs_dd_entry_3y__label_3y_cagr_ge_0p08_and_3y_max_drawdown_from_entry_lt_0p3__s232,forest_label_rungs_dd_entry_3y__label_3y_cagr_ge_0p08_and_3y_max_drawdown_from_entry_lt_0p3,completed,fwd_3y_cagr >= 0.08 & fwd_3y_max_drawdown_from_entry < 0.3,,3,0,0,"{""criterion"": ""entropy"", ""max_depth"": 4, ""max_features"": 0.205191, ""max_samples"": 0.663781, ""min_samples_leaf"": 72, ""n_estimators"": 490}",232,{},{},4a40f0ac05401ab1,256351,8215.438550146824,0.27155074518839317,0.3544417585212061,0.6451318266683483,0.19094607073173656,0.1978109379760215,0.5625,0.5599555525368719,0.0024811501509366344,0.55,0.5546221154260402,0.00606503370228955,0.3630178934351729,-0.10562821905207564,-0.0730290445174051,-0.013262331798357452,0.017413271900700078,0.4413241721025813,0.4032790266034234,13.5,0.475,-0.010134425630022143,-0.004779077327276893,0.0799278270911094,0.11060697761132454,0.20772566658576616,0.10893920652891498,28.5625,0.47625,-0.010908293026578603,-0.005729975027202738,0.08171105605975512,0.10808546187189216,0.19891530399301297,0.099446043371057
forest_label_rungs_dd_entry_3y__label_3y_cagr_ge_0p08_and_3y_max_drawdown_from_entry_lt_0p2__s232,forest_label_rungs_dd_entry_3y__label_3y_cagr_ge_0p08_and_3y_max_drawdown_from_entry_lt_0p2,completed,fwd_3y_cagr >= 0.08 & fwd_3y_max_drawdown_from_entry < 0.2,,3,0,0,"{""criterion"": ""entropy"", ""max_depth"": 4, ""max_features"": 0.205191, ""max_samples"": 0.663781, ""min_samples_leaf"": 72, ""n_estimators"": 490}",232,{},{},54f14233e548c4ee,256351,8215.438550146824,0.2217905031272295,0.30969745194918613,0.6540891370172828,0.1662958804331935,0.17259947584979993,0.546875,0.5212118271532176,0.002962486457204767,0.5275,0.514070847426804,0.007143824485373781,0.3630178934351729,-0.10562821905207564,-0.0730290445174051,-0.013262331798357452,0.017413271900700078,0.4413241721025813,0.4032790266034234,13.25,0.49375,-0.008745736865337531,-0.0019111437955733335,0.08334491874256014,0.11312776258774515,0.20934345847856256,0.10487019514134155,28.875,0.47,-0.012772288360835651,-0.007448651179300769,0.08054920554798688,0.10935273957054714,0.1940268064234859,0.09567445385402307
forest_label_rungs_dd_entry_3y__label_3y_cagr_ge_0p08_and_3y_max_drawdown_from_entry_lt_0p2__s23,forest_label_rungs_dd_entry_3y__label_3y_cagr_ge_0p08_and_3y_max_drawdown_from_entry_lt_0p2,completed,fwd_3y_cagr >= 0.08 & fwd_3y_max_drawdown_from_entry < 0.2,,3,0,0,"{""criterion"": ""entropy"", ""max_depth"": 4, ""max_features"": 0.205191, ""max_samples"": 0.663781, ""min_samples_leaf"": 72, ""n_estimators"": 490}",23,{},{},5008b01529a7781a,256351,8215.438550146824,0.2217905031272295,0.309621803302249,0.6544709137063438,0.16623152759574752,0.17259947584979993,0.540625,0.5216071938640401,0.002928629469122427,0.53875,0.5145379262814397,0.007296180931744312,0.3630178934351729,-0.10562821905207564,-0.0730290445174051,-0.013262331798357452,0.017413271900700078,0.4413241721025813,0.4032790266034234,13.375,0.5,-0.007127112474556216,0.0002400479133772837,0.08520928078178489,0.11651142606734533,0.20756401731893154,0.0945127767336939,28.5625,0.4875,-0.01044166989834429,-0.0041153996267732085,0.08245785031115585,0.11285389636687115,0.19757988931788803,0.09526441492529913
forest_label_rungs_dd_entry_3y__label_3y_cagr_ge_0p08_and_3y_max_drawdown_from_entry_lt_0p2__s1776,forest_label_rungs_dd_entry_3y__label_3y_cagr_ge_0p08_and_3y_max_drawdown_from_entry_lt_0p2,completed,fwd_3y_cagr >= 0.08 & fwd_3y_max_drawdown_from_entry < 0.2,,3,0,0,"{""criterion"": ""entropy"", ""max_depth"": 4, ""max_features"": 0.205191, ""max_samples"": 0.663781, ""min_samples_leaf"": 72, ""n_estimators"": 490}",1776,{},{},5e131c549c0f48a8,256351,8215.438550146824,0.2217905031272295,0.3098969790946976,0.6541823988257437,0.16623374790231463,0.17259947584979993,0.534375,0.5210002325684885,0.0028947724810400866,0.53375,0.5137040209627645,0.007228466955579631,0.3630178934351729,-0.10562821905207564,-0.0730290445174051,-0.013262331798357452,0.017413271900700078,0.4413241721025813,0.4032790266034234,13.625,0.490625,-0.010798632534375385,-0.0024288075019823774,0.08233122405363025,0.11578633968036545,0.2086161956022913,0.09731779884558084,29.0625,0.4875,-0.008550198146027598,-0.004405868979448335,0.08528248793718442,0.11312776258774515,0.19228634620935509,0.09029784244807176
forest_label_rungs_dd_entry_3y__label_3y_cagr_ge_0p1_and_3y_max_drawdown_from_entry_lt_0p2__s23,forest_label_rungs_dd_entry_3y__label_3y_cagr_ge_0p1_and_3y_max_drawdown_from_entry_lt_0p2,completed,fwd_3y_cagr >= 0.1 & fwd_3y_max_drawdown_from_entry < 0.2,,3,0,0,"{""criterion"": ""entropy"", ""max_depth"": 4, ""max_features"": 0.205191, ""max_samples"": 0.663781, ""min_samples_leaf"": 72, ""n_estimators"": 490}",23,{},{},9961f41b1037b9a0,256351,8215.438550146824,0.20336673434523447,0.2744620012901413,0.6416394819934494,0.15819901734598707,0.1620087057069893,0.51875,0.47760891352793433,0.0030494525681534278,0.4725,0.47050618561484775,0.006943934161216842,0.3630178934351729,-0.10562821905207564,-0.0730290445174051,-0.013262331798357452,0.017413271900700078,0.4413241721025813,0.4032790266034234,14.375,0.51875,-0.0038443543759066716,0.0060080410796509165,0.08994154033279148,0.11839470377210304,0.20261943143601302,0.10014172213125005,31.5,0.47875,-0.015083865030244299,-0.005544611611223327,0.07856358094434668,0.10926544887140188,0.2063645837538424,0.10956182600833186
forest_label_rungs_dd_entry_3y__label_3y_cagr_ge_0p1_and_3y_max_drawdown_from_entry_lt_0p3__s1776,forest_label_rungs_dd_entry_3y__label_3y_cagr_ge_0p1_and_3y_max_drawdown_from_entry_lt_0p3,completed,fwd_3y_cagr >= 0.1 & fwd_3y_max_drawdown_from_entry < 0.3,,3,0,0,"{""criterion"": ""entropy"", ""max_depth"": 4, ""max_features"": 0.205191, ""max_samples"": 0.663781, ""min_samples_leaf"": 72, ""n_estimators"": 490}",1776,{},{},53cd6e15b6568eff,256351,8215.438550146824,0.2476668097571528,0.312608611341217,0.6301311764798948,0.18275703155242237,0.18632796110186706,0.515625,0.5103378538630652,0.0024834810879152307,0.4975,0.5052480655906118,0.005990457412062193,0.3630178934351729,-0.10562821905207564,-0.0730290445174051,-0.013262331798357452,0.017413271900700078,0.4413241721025813,0.4032790266034234,14.5,0.48125,-0.019608718109033946,-0.004405868979448335,0.07369537647534344,0.11335086602479583,0.21981265062066596,0.10941838636441853,32.625,0.4675,-0.019394205973781678,-0.009242771369183278,0.07454055357200208,0.10533502787479809,0.21844596432465505,0.1134589850447949
forest_label_rungs_dd_entry_3y__label_3y_cagr_ge_0p1_and_3y_max_drawdown_from_entry_lt_0p3__s23,forest_label_rungs_dd_entry_3y__label_3y_cagr_ge_0p1_and_3y_max_drawdown_from_entry_lt_0p3,completed,fwd_3y_cagr >= 0.1 & fwd_3y_max_drawdown_from_entry < 0.3,,3,0,0,"{""criterion"": ""entropy"", ""max_depth"": 4, ""max_features"": 0.205191, ""max_samples"": 0.663781, ""min_samples_leaf"": 72, ""n_estimators"": 490}",23,{},{},a3562dca3563a1b7,256351,8215.438550146824,0.2476668097571528,0.31218316624849163,0.6303910967144892,0.18276328462907052,0.18632796110186706,0.50625,0.5104304031520666,0.002438326886316772,0.50625,0.5055856782476,0.006095817215791929,0.3630178934351729,-0.10562821905207564,-0.0730290445174051,-0.013262331798357452,0.017413271900700078,0.4413241721025813,0.4032790266034234,15.0,0.46875,-0.017728940283109777,-0.007593955971829158,0.07565442424301297,0.11032038740549965,0.22662748324560317,0.11973111326328306,32.0,0.49125,-0.014331715656515922,-0.0024288075019823774,0.07909060290731844,0.10986359918776101,0.21753863724880737,0.11445607240113032
forest_label_rungs_dd_entry_3y__label_3y_cagr_ge_0p1_and_3y_max_drawdown_from_entry_lt_0p3__s232,forest_label_rungs_dd_entry_3y__label_3y_cagr_ge_0p1_and_3y_max_drawdown_from_entry_lt_0p3,completed,fwd_3y_cagr >= 0.1 & fwd_3y_max_drawdown_from_entry < 0.3,,3,0,0,"{""criterion"": ""entropy"", ""max_depth"": 4, ""max_features"": 0.205191, ""max_samples"": 0.663781, ""min_samples_leaf"": 72, ""n_estimators"": 490}",232,{},{},ad7d8d9da9c1c407,256351,8215.438550146824,0.2476668097571528,0.3123812293186557,0.6301578178227847,0.18279051920954106,0.18632796110186706,0.503125,0.5106083367266802,0.002423275485783952,0.495,0.5056823164344462,0.005960354610996553,0.3630178934351729,-0.10562821905207564,-0.0730290445174051,-0.013262331798357452,0.017413271900700078,0.4413241721025813,0.4032790266034234,14.6875,0.46875,-0.013274381724522727,-0.006497736026181089,0.07968410079439162,0.10967331671392377,0.21850853813434531,0.12087139043096135,32.625,0.4675,-0.016679787719406595,-0.009242771369183278,0.07693257749388739,0.10695254951878119,0.21789847461237102,0.11627524777773773
forest_label_rungs_dd_entry_3y__label_3y_cagr_ge_0p08_and_3y_max_drawdown_from_entry_lt_0p15__s23,forest_label_rungs_dd_entry_3y__label_3y_cagr_ge_0p08_and_3y_max_drawdown_from_entry_lt_0p15,completed,fwd_3y_cagr >= 0.08 & fwd_3y_max_drawdown_from_entry < 0.15,,3,0,0,"{""criterion"": ""entropy"", ""max_depth"": 4, ""max_features"": 0.205191, ""max_samples"": 0.663781, ""min_samples_leaf"": 72, ""n_estimators"": 490}",23,{},{},2d88fa6239aa07bc,256351,8215.438550146824,0.18621737607356878,0.27015764705123346,0.6554941813601366,0.14663454853084432,0.15154046492184384,0.49375,0.47936973801325644,0.0031931448434752733,0.48625,0.4712370743487796,0.007861603443746085,0.3630178934351729,-0.10562821905207564,-0.0730290445174051,-0.013262331798357452,0.017413271900700078,0.4413241721025813,0.4032790266034234,14.5,0.48125,-0.018858069870632484,-0.0047216548272583925,0.07700343289367369,0.11009531283783058,0.21058560472279036,0.11434466346147543,31.4375,0.44875,-0.01691028162578353,-0.012763666748581315,0.07734864331675693,0.10838699393470574,0.20548141631559766,0.10487019514134155
forest_label_rungs_dd_entry_3y__label_3y_cagr_ge_0p1_and_3y_max_drawdown_from_entry_lt_0p2__s232,forest_label_rungs_dd_entry_3y__label_3y_cagr_ge_0p1_and_3y_max_drawdown_from_entry_lt_0p2,completed,fwd_3y_cagr >= 0.1 & fwd_3y_max_drawdown_from_entry < 0.2,,3,0,0,"{""criterion"": ""entropy"", ""max_depth"": 4, ""max_features"": 0.205191, ""max_samples"": 0.663781, ""min_samples_leaf"": 72, ""n_estimators"": 490}",232,{},{},b9ace9db698c107a,256351,8215.438550146824,0.20336673434523447,0.27407917129872156,0.6412953603102372,0.15828129491106988,0.1620087057069893,0.490625,0.47686054995941946,0.0028841208024101696,0.485,0.47020442202851626,0.007127636123153795,0.3630178934351729,-0.10562821905207564,-0.0730290445174051,-0.013262331798357452,0.017413271900700078,0.4413241721025813,0.4032790266034234,14.0625,0.496875,-0.01226289313063989,-0.0017102649188782681,0.08047772599630229,0.1136356986446243,0.21556349581573375,0.10833911220208509,31.4375,0.48125,-0.015341336537517973,-0.005496624895583502,0.07889780065665479,0.11075116956616105,0.20418204713482324,0.10487019514134155
forest_label_rungs_dd_entry_3y__label_3y_cagr_ge_0p1_and_3y_max_drawdown_from_entry_lt_0p2__s1776,forest_label_rungs_dd_entry_3y__label_3y_cagr_ge_0p1_and_3y_max_drawdown_from_entry_lt_0p2,completed,fwd_3y_cagr >= 0.1 & fwd_3y_max_drawdown_from_entry < 0.2,,3,0,0,"{""criterion"": ""entropy"", ""max_depth"": 4, ""max_features"": 0.205191, ""max_samples"": 0.663781, ""min_samples_leaf"": 72, ""n_estimators"": 490}",1776,{},{},ab3f1e6ed7efa275,256351,8215.438550146824,0.20336673434523447,0.27484340225638715,0.6416747966755754,0.15818278338500769,0.1620087057069893,0.490625,0.47678679404927776,0.0028841208024101696,0.48,0.46971644277310615,0.0070541553383790135,0.3630178934351729,-0.10562821905207564,-0.0730290445174051,-0.013262331798357452,0.017413271900700078,0.4413241721025813,0.4032790266034234,14.1875,0.478125,-0.011483306555735488,-0.0061681812477124565,0.08167837295323595,0.11165536254577912,0.2139084680682258,0.11074560092454638,32.0,0.47,-0.014562607321862932,-0.00761192068372285,0.07917760909569878,0.11023317419529433,0.2051331264938913,0.10717704091853542
forest_label_rungs_dd_entry_3y__label_3y_cagr_ge_0p08_and_3y_max_drawdown_from_entry_lt_0p15__s232,forest_label_rungs_dd_entry_3y__label_3y_cagr_ge_0p08_and_3y_max_drawdown_from_entry_lt_0p15,completed,fwd_3y_cagr >= 0.08 & fwd_3y_max_drawdown_from_entry < 0.15,,3,0,0,"{""criterion"": ""entropy"", ""max_depth"": 4, ""max_features"": 0.205191, ""max_samples"": 0.663781, ""min_samples_leaf"": 72, ""n_estimators"": 490}",232,{},{},bcb6a312071b4af7,256351,8215.438550146824,0.18621737607356878,0.2706908514541132,0.6552129823936046,0.14664445435929463,0.15154046492184384,0.484375,0.47845035308168204,0.003132515511004224,0.485,0.4705411119071156,0.007841393666255735,0.3630178934351729,-0.10562821905207564,-0.0730290445174051,-0.013262331798357452,0.017413271900700078,0.4413241721025813,0.4032790266034234,14.5,0.471875,-0.015215391378032943,-0.006497736026181089,0.07861483455925763,0.10547491855084734,0.2096381208460001,0.12004287578733724,31.9375,0.4525,-0.018361461086391778,-0.012177019149711032,0.07665621794857358,0.10566195956252755,0.20540105434796072,0.10819124337681357
forest_label_rungs_dd_entry_3y__label_3y_cagr_ge_0p08_and_3y_max_drawdown_from_entry_lt_0p15__s1776,forest_label_rungs_dd_entry_3y__label_3y_cagr_ge_0p08_and_3y_max_drawdown_from_entry_lt_0p15,completed,fwd_3y_cagr >= 0.08 & fwd_3y_max_drawdown_from_entry < 0.15,,3,0,0,"{""criterion"": ""entropy"", ""max_depth"": 4, ""max_features"": 0.205191, ""max_samples"": 0.663781, ""min_samples_leaf"": 72, ""n_estimators"": 490}",1776,{},{},d16fef62943d47c0,256351,8215.438550146824,0.18621737607356878,0.27067595365324487,0.6550713976052995,0.14662060488114642,0.15154046492184384,0.478125,0.48026654755909426,0.0030920959560235242,0.47625,0.4718545843411349,0.007699925223823286,0.3630178934351729,-0.10562821905207564,-0.0730290445174051,-0.013262331798357452,0.017413271900700078,0.4413241721025813,0.4032790266034234,15.0,0.45,-0.01946229263171862,-0.010814978316938895,0.07318717078992105,0.10370412981051136,0.21575183108062373,0.11388688611220515,31.0,0.44875,-0.018038567599508032,-0.01367731821792939,0.0758798415566301,0.10370412981051136,0.2076564747219728,0.11170712434150654
forest_label_rungs_dd_entry_3y__label_3y_cagr_ge_0p1_and_3y_max_drawdown_from_entry_lt_0p15__s232,forest_label_rungs_dd_entry_3y__label_3y_cagr_ge_0p1_and_3y_max_drawdown_from_entry_lt_0p15,completed,fwd_3y_cagr >= 0.1 & fwd_3y_max_drawdown_from_entry < 0.15,,3,0,0,"{""criterion"": ""entropy"", ""max_depth"": 4, ""max_features"": 0.205191, ""max_samples"": 0.663781, ""min_samples_leaf"": 72, ""n_estimators"": 490}",232,{},{},7fac2eff578d493b,256351,8215.438550146824,0.1714872859196314,0.24066797948655286,0.6439481112805795,0.13915493706252455,0.14207939668754999,0.459375,0.44105894058093503,0.0032083460648653366,0.4475,0.4334334704412558,0.00781352306953599,0.3630178934351729,-0.10562821905207564,-0.0730290445174051,-0.013262331798357452,0.017413271900700078,0.4413241721025813,0.4032790266034234,15.4375,0.48125,-0.016594598915190155,-0.006657728836330867,0.07737476571001438,0.10850736068915945,0.21475705870544584,0.11973111326328306,33.6875,0.475,-0.01436649898691686,-0.006569579652194069,0.08106385939206079,0.11051622615986889,0.20388488569814517,0.11316660595511224
forest_label_rungs_dd_entry_3y__label_3y_cagr_ge_0p1_and_3y_max_drawdown_from_entry_lt_0p15__s1776,forest_label_rungs_dd_entry_3y__label_3y_cagr_ge_0p1_and_3y_max_drawdown_from_entry_lt_0p15,completed,fwd_3y_cagr >= 0.1 & fwd_3y_max_drawdown_from_entry < 0.15,,3,0,0,"{""criterion"": ""entropy"", ""max_depth"": 4, ""max_features"": 0.205191, ""max_samples"": 0.663781, ""min_samples_leaf"": 72, ""n_estimators"": 490}",1776,{},{},cbb71e14488d7029,256351,8215.438550146824,0.1714872859196314,0.24099305233891866,0.6438129021369104,0.13912410700458702,0.14207939668754999,0.453125,0.4423587205286335,0.003164695097996421,0.445,0.4344792604622547,0.007769872102667074,0.3630178934351729,-0.10562821905207564,-0.0730290445174051,-0.013262331798357452,0.017413271900700078,0.4413241721025813,0.4032790266034234,15.25,0.48125,-0.016535167403987684,-0.005325745815124461,0.07765412306811607,0.11028831932342842,0.2181548029859667,0.11554407059632038,33.125,0.46875,-0.01733894580821081,-0.009242771369183278,0.07720069265399804,0.10926544887140188,0.20871565311537463,0.10813066634382473
forest_label_rungs_dd_entry_3y__label_3y_cagr_ge_0p1_and_3y_max_drawdown_from_entry_lt_0p15__s23,forest_label_rungs_dd_entry_3y__label_3y_cagr_ge_0p1_and_3y_max_drawdown_from_entry_lt_0p15,completed,fwd_3y_cagr >= 0.1 & fwd_3y_max_drawdown_from_entry < 0.15,,3,0,0,"{""criterion"": ""entropy"", ""max_depth"": 4, ""max_features"": 0.205191, ""max_samples"": 0.663781, ""min_samples_leaf"": 72, ""n_estimators"": 490}",23,{},{},bc347b03c6ac280b,256351,8215.438550146824,0.1714872859196314,0.24014405893546553,0.6440854986498512,0.13917272250574472,0.14207939668754999,0.440625,0.4421206532452283,0.0030773931642585884,0.4425,0.43420363259830724,0.007726221135798158,0.3630178934351729,-0.10562821905207564,-0.0730290445174051,-0.013262331798357452,0.017413271900700078,0.4413241721025813,0.4032790266034234,15.3125,0.4625,-0.021891149302534725,-0.013034184087072131,0.07306671126421008,0.10376769543321207,0.21840754029441722,0.11751741290183193,33.5,0.4575,-0.01981796375055385,-0.011219322772845708,0.07534071101181743,0.10752893870363645,0.21475703684107028,0.11249184833889803
forest_label_rungs_dd_entry_3y__label_3y_cagr_ge_0p15_and_3y_max_drawdown_from_entry_lt_0p15__s232,forest_label_rungs_dd_entry_3y__label_3y_cagr_ge_0p15_and_3y_max_drawdown_from_entry_lt_0p15,completed,fwd_3y_cagr >= 0.15 & fwd_3y_max_drawdown_from_entry < 0.15,,3,0,0,"{""criterion"": ""entropy"", ""max_depth"": 4, ""max_features"": 0.205191, ""max_samples"": 0.663781, ""min_samples_leaf"": 72, ""n_estimators"": 490}",232,{},{},3fb4c3d4c917ae29,256351,8215.438550146824,0.13166345245244906,0.16149767513535734,0.6033956539942733,0.11574904537698152,0.11432818774075076,0.26875,0.3382173234331586,0.0024210348516412366,0.23,0.3328866086716728,0.005179888519790552,0.3630178934351729,-0.10562821905207564,-0.0730290445174051,-0.013262331798357452,0.017413271900700078,0.4413241721025813,0.4032790266034234,16.0,0.475,-0.021429226941750694,-0.008418163335609186,0.07274296036941286,0.10659130552842377,0.24082375673391124,0.12853608902034447,37.0,0.4625,-0.02399312954167765,-0.011084663262877492,0.07243173670662906,0.10370412981051136,0.24242698166569757,0.14326096724476112
forest_label_rungs_dd_entry_3y__label_3y_cagr_ge_0p15_and_3y_max_drawdown_from_entry_lt_0p2__s232,forest_label_rungs_dd_entry_3y__label_3y_cagr_ge_0p15_and_3y_max_drawdown_from_entry_lt_0p2,completed,fwd_3y_cagr >= 0.15 & fwd_3y_max_drawdown_from_entry < 0.2,,3,0,0,"{""criterion"": ""entropy"", ""max_depth"": 4, ""max_features"": 0.205191, ""max_samples"": 0.663781, ""min_samples_leaf"": 72, ""n_estimators"": 490}",232,{},{},5b643b2aa1bd0442,256351,8215.438550146824,0.15576201028349923,0.18589801478080442,0.5994938501345302,0.13293948671723677,0.13150020643594232,0.26875,0.3645531601971389,0.002044989775051125,0.25,0.3596763222662478,0.004755790174537499,0.3630178934351729,-0.10562821905207564,-0.0730290445174051,-0.013262331798357452,0.017413271900700078,0.4413241721025813,0.4032790266034234,15.6875,0.49375,-0.019837058637838727,-0.0019185589175365614,0.0742181422887261,0.10753623902727327,0.2495348700355266,0.1455408051746857,37.5625,0.4575,-0.0294620066750928,-0.0119803204549912,0.06639724272152855,0.09872615021025621,0.25951451344599946,0.15363165437808884
forest_label_rungs_dd_entry_3y__label_3y_cagr_ge_0p15_and_3y_max_drawdown_from_entry_lt_0p2__s23,forest_label_rungs_dd_entry_3y__label_3y_cagr_ge_0p15_and_3y_max_drawdown_from_entry_lt_0p2,completed,fwd_3y_cagr >= 0.15 & fwd_3y_max_drawdown_from_entry < 0.2,,3,0,0,"{""criterion"": ""entropy"", ""max_depth"": 4, ""max_features"": 0.205191, ""max_samples"": 0.663781, ""min_samples_leaf"": 72, ""n_estimators"": 490}",23,{},{},ea60454075348a47,256351,8215.438550146824,0.15576201028349923,0.1859460190317604,0.5999696484764365,0.13292860211508736,0.13150020643594232,0.25,0.36495367948858515,0.0019023160698149997,0.24125,0.36009386861333703,0.004589337518428687,0.3630178934351729,-0.10562821905207564,-0.0730290445174051,-0.013262331798357452,0.017413271900700078,0.4413241721025813,0.4032790266034234,15.75,0.471875,-0.016760015488871627,-0.004405868979448335,0.07883208720203691,0.10361738982091084,0.24736978323663045,0.14682647535221555,37.0625,0.4625,-0.022129898516408338,-0.008805206510687613,0.07397667299217434,0.1029797798395693,0.24699888348459376,0.14409252601245526
forest_label_rungs_dd_entry_3y__label_3y_cagr_ge_0p15_and_3y_max_drawdown_from_entry_lt_0p3__s23,forest_label_rungs_dd_entry_3y__label_3y_cagr_ge_0p15_and_3y_max_drawdown_from_entry_lt_0p3,completed,fwd_3y_cagr >= 0.15 & fwd_3y_max_drawdown_from_entry < 0.3,,3,0,0,"{""criterion"": ""entropy"", ""max_depth"": 4, ""max_features"": 0.205191, ""max_samples"": 0.663781, ""min_samples_leaf"": 72, ""n_estimators"": 490}",23,{},{},140749e662ac687e,256351,8215.438550146824,0.18856762692887344,0.21330710095766828,0.5869378442401953,0.1554361989385424,0.15300987700328667,0.25,0.3923083823911086,0.0015699511352709147,0.27875,0.3885699631359549,0.0043762387895676744,0.3630178934351729,-0.10562821905207564,-0.0730290445174051,-0.013262331798357452,0.017413271900700078,0.4413241721025813,0.4032790266034234,15.8125,0.46875,-0.025195039552485577,-0.006058474876822095,0.0701948440969249,0.10150091985499377,0.2690036953198297,0.15170225623780553,36.1875,0.4625,-0.02846266160799236,-0.010242517185268696,0.06736440350086664,0.09435378272916262,0.27370449615286674,0.1730167644784784
forest_label_rungs_dd_entry_3y__label_3y_cagr_ge_0p15_and_3y_max_drawdown_from_entry_lt_0p2__s1776,forest_label_rungs_dd_entry_3y__label_3y_cagr_ge_0p15_and_3y_max_drawdown_from_entry_lt_0p2,completed,fwd_3y_cagr >= 0.15 & fwd_3y_max_drawdown_from_entry < 0.2,,3,0,0,"{""criterion"": ""entropy"", ""max_depth"": 4, ""max_features"": 0.205191, ""max_samples"": 0.663781, ""min_samples_leaf"": 72, ""n_estimators"": 490}",1776,{},{},2acfda3c0654ec0c,256351,8215.438550146824,0.15576201028349923,0.18598982338313788,0.5996295802936559,0.13292401503270754,0.13150020643594232,0.240625,0.36465531540472684,0.0018309792171969372,0.235,0.35996542613685567,0.004470442764065249,0.3630178934351729,-0.10562821905207564,-0.0730290445174051,-0.013262331798357452,0.017413271900700078,0.4413241721025813,0.4032790266034234,15.125,0.45,-0.020659614602276964,-0.010020490528384718,0.07372925648797635,0.10090902921479283,0.24369787250065594,0.13572790705049542,37.5,0.45625,-0.02831159389519527,-0.010849842119562192,0.0676542373467947,0.09815650396280051,0.2592057584351992,0.15107117787883323
forest_label_rungs_dd_entry_3y__label_3y_cagr_ge_0p15_and_3y_max_drawdown_from_entry_lt_0p15__s23,forest_label_rungs_dd_entry_3y__label_3y_cagr_ge_0p15_and_3y_max_drawdown_from_entry_lt_0p15,completed,fwd_3y_cagr >= 0.15 & fwd_3y_max_drawdown_from_entry < 0.15,,3,0,0,"{""criterion"": ""entropy"", ""max_depth"": 4, ""max_features"": 0.205191, ""max_samples"": 0.663781, ""min_samples_leaf"": 72, ""n_estimators"": 490}",23,{},{},21a4deceaced5fff,256351,8215.438550146824,0.13166345245244906,0.16124078326359564,0.6038240774432618,0.11576648738684144,0.11432818774075076,0.2375,0.3405234993664939,0.0021395191712178367,0.23125,0.33539102350706784,0.005208040087832893,0.3630178934351729,-0.10562821905207564,-0.0730290445174051,-0.013262331798357452,0.017413271900700078,0.4413241721025813,0.4032790266034234,16.0625,0.446875,-0.022035324018493608,-0.009789735315073433,0.07464866826757068,0.10393183111794246,0.23436099700659194,0.14421480890010657,37.0625,0.44375,-0.023236017134931192,-0.012177019149711032,0.07303848260581654,0.09983742603152446,0.23843468829699663,0.13573212641477034
forest_label_rungs_dd_entry_3y__label_3y_cagr_ge_0p15_and_3y_max_drawdown_from_entry_lt_0p3__s232,forest_label_rungs_dd_entry_3y__label_3y_cagr_ge_0p15_and_3y_max_drawdown_from_entry_lt_0p3,completed,fwd_3y_cagr >= 0.15 & fwd_3y_max_drawdown_from_entry < 0.3,,3,0,0,"{""criterion"": ""entropy"", ""max_depth"": 4, ""max_features"": 0.205191, ""max_samples"": 0.663781, ""min_samples_leaf"": 72, ""n_estimators"": 490}",232,{},{},52e33b58fb729517,256351,8215.438550146824,0.18856762692887344,0.21317229197105408,0.5862574306261324,0.15546122863512912,0.15300987700328667,0.2375,0.39105713775049766,0.001491453578507369,0.27125,0.3875327305875387,0.0042584924544223565,0.3630178934351729,-0.10562821905207564,-0.0730290445174051,-0.013262331798357452,0.017413271900700078,0.4413241721025813,0.4032790266034234,16.3125,0.434375,-0.038515606106633196,-0.015463016445654287,0.05864215157250663,0.0902080556087208,0.28276273372331084,0.1730167644784784,36.8125,0.455,-0.03259380239100179,-0.014234812553342135,0.06442188675311229,0.09171228255147967,0.2826767977049716,0.1848523781938003
forest_label_rungs_dd_entry_3y__label_3y_cagr_ge_0p15_and_3y_max_drawdown_from_entry_lt_0p15__s1776,forest_label_rungs_dd_entry_3y__label_3y_cagr_ge_0p15_and_3y_max_drawdown_from_entry_lt_0p15,completed,fwd_3y_cagr >= 0.15 & fwd_3y_max_drawdown_from_entry < 0.15,,3,0,0,"{""criterion"": ""entropy"", ""max_depth"": 4, ""max_features"": 0.205191, ""max_samples"": 0.663781, ""min_samples_leaf"": 72, ""n_estimators"": 490}",1776,{},{},f00e4ce7c9ea685b,256351,8215.438550146824,0.13166345245244906,0.16198702501379872,0.6039518461883506,0.11568441462602133,0.11432818774075076,0.225,0.33894910621634067,0.002026912899048477,0.23625,0.3339634849115607,0.005320646360002252,0.3630178934351729,-0.10562821905207564,-0.0730290445174051,-0.013262331798357452,0.017413271900700078,0.4413241721025813,0.4032790266034234,16.3125,0.425,-0.026800285974873394,-0.01469877743777892,0.06918977446424587,0.101233820198107,0.23950707364083387,0.13576596438320276,37.1875,0.465,-0.02212299580347448,-0.00823230011962428,0.07346564142125772,0.10370412981051136,0.23476442218193858,0.13068886976416066
forest_label_rungs_dd_entry_3y__label_3y_cagr_ge_0p15_and_3y_max_drawdown_from_entry_lt_0p3__s1776,forest_label_rungs_dd_entry_3y__label_3y_cagr_ge_0p15_and_3y_max_drawdown_from_entry_lt_0p3,completed,fwd_3y_cagr >= 0.15 & fwd_3y_max_drawdown_from_entry < 0.3,,3,0,0,"{""criterion"": ""entropy"", ""max_depth"": 4, ""max_features"": 0.205191, ""max_samples"": 0.663781, ""min_samples_leaf"": 72, ""n_estimators"": 490}",1776,{},{},bae17172db05d3e0,256351,8215.438550146824,0.18856762692887344,0.2132050877527283,0.586235793342547,0.15545777419509885,0.15300987700328667,0.2125,0.3916722420627279,0.0013344584649802775,0.26125,0.38800686077071284,0.004101497340895264,0.3630178934351729,-0.10562821905207564,-0.0730290445174051,-0.013262331798357452,0.017413271900700078,0.4413241721025813,0.4032790266034234,15.875,0.384375,-0.04869264334921571,-0.024255364048774708,0.047255857204271924,0.08376424609580291,0.3045571891279918,0.2003724750162924,37.75,0.445,-0.035082002534486616,-0.012315872562619956,0.06032480354609475,0.09171228255147967,0.28302140265995185,0.18817710411780703
