run,status,label,eval_label,horizon_years,feature_set,seed,grid_params,sampled_params,config_hash,n_test,effective_n,base_rate,pr_auc,roc_auc,brier,base_rate_brier,precision_at_20,conf_at_20,recall_at_20
forest_random_search_3y-2seeds__label_3y_beat_spy__r30__s23,completed,label_3y_beat_spy,,3,0,23,{},"{""criterion"": ""gini"", ""max_depth"": 3, ""max_features"": 0.914775, ""max_samples"": 0.441152, ""min_samples_leaf"": 248, ""n_estimators"": 126}",8179beb03d295321,256351,8215.438550146824,0.3535010191664152,0.4609484519650986,0.6183438732797373,0.2415443603397946,0.22853804861472096,0.6,0.6885416828037484,0.0020631850419084463
forest_random_search_3y-2seeds__label_3y_beat_spy__r48__s23,completed,label_3y_beat_spy,,3,0,23,{},"{""criterion"": ""entropy"", ""max_depth"": 4, ""max_features"": 0.205191, ""max_samples"": 0.663781, ""min_samples_leaf"": 72, ""n_estimators"": 490}",1e0965727ac2409a,256351,8215.438550146824,0.3535010191664152,0.4665685481424896,0.6247066023133556,0.23921466527042237,0.22853804861472096,0.596875,0.6833238349509853,0.0020524392864818396
forest_random_search_3y-2seeds__label_3y_beat_spy__r8__s232,completed,label_3y_beat_spy,,3,0,232,{},"{""criterion"": ""gini"", ""max_depth"": 4, ""max_features"": 0.504349, ""max_samples"": 0.313455, ""min_samples_leaf"": 173, ""n_estimators"": 477}",0f09585adcf4a610,256351,8215.438550146824,0.3535010191664152,0.46467969435806544,0.6229540771735363,0.2398156592647426,0.22853804861472096,0.5875,0.7086349953121792,0.00202020202020202
forest_random_search_3y-2seeds__label_3y_beat_spy__r44__s23,completed,label_3y_beat_spy,,3,0,23,{},"{""criterion"": ""gini"", ""max_depth"": 5, ""max_features"": 0.363775, ""max_samples"": 0.588702, ""min_samples_leaf"": 457, ""n_estimators"": 300}",7a53dee7d1abe797,256351,8215.438550146824,0.3535010191664152,0.4653101072208024,0.6234024895611474,0.23832897885933155,0.22853804861472096,0.584375,0.7222003715054596,0.0020094562647754136
forest_random_search_3y-2seeds__label_3y_beat_spy__r19__s23,completed,label_3y_beat_spy,,3,0,23,{},"{""criterion"": ""gini"", ""max_depth"": 13, ""max_features"": 0.492596, ""max_samples"": 0.280636, ""min_samples_leaf"": 100, ""n_estimators"": 389}",9a61508e1cd54a15,256351,8215.438550146824,0.3535010191664152,0.46465839977763734,0.625859219426704,0.23687798541359287,0.22853804861472096,0.584375,0.7640818372591374,0.0020094562647754136
forest_random_search_3y-2seeds__label_3y_beat_spy__r49__s23,completed,label_3y_beat_spy,,3,0,23,{},"{""criterion"": ""gini"", ""max_depth"": 4, ""max_features"": 0.663435, ""max_samples"": 0.677812, ""min_samples_leaf"": 50, ""n_estimators"": 295}",e64fd52b1be19478,256351,8215.438550146824,0.3535010191664152,0.4626227678994238,0.6224128284105676,0.23944514618830343,0.22853804861472096,0.584375,0.713017663708881,0.0020094562647754136
forest_random_search_3y-2seeds__label_3y_beat_spy__r46__s23,completed,label_3y_beat_spy,,3,0,23,{},"{""criterion"": ""gini"", ""max_depth"": 12, ""max_features"": 0.203558, ""max_samples"": 0.453165, ""min_samples_leaf"": 187, ""n_estimators"": 407}",819625fb51ca5bc2,256351,8215.438550146824,0.3535010191664152,0.46687422832981257,0.6263770305505996,0.23627321530812745,0.22853804861472096,0.58125,0.7426681228952379,0.0019987105093488074
forest_random_search_3y-2seeds__label_3y_beat_spy__r32__s23,completed,label_3y_beat_spy,,3,0,23,{},"{""criterion"": ""entropy"", ""max_depth"": 9, ""max_features"": 0.326929, ""max_samples"": 0.365784, ""min_samples_leaf"": 107, ""n_estimators"": 440}",a2bfbd64aadeb895,256351,8215.438550146824,0.3535010191664152,0.46596309790102375,0.6267913073647868,0.23658526096417345,0.22853804861472096,0.58125,0.7591394907926124,0.0019987105093488074
forest_random_search_3y-2seeds__label_3y_beat_spy__r21__s232,completed,label_3y_beat_spy,,3,0,232,{},"{""criterion"": ""gini"", ""max_depth"": 12, ""max_features"": 0.407541, ""max_samples"": 0.243825, ""min_samples_leaf"": 29, ""n_estimators"": 352}",da6c3ffb19e61a63,256351,8215.438550146824,0.3535010191664152,0.46513841510222764,0.6280192782303411,0.2356602974559241,0.22853804861472096,0.58125,0.7796985435406951,0.0019987105093488074
forest_random_search_3y-2seeds__label_3y_beat_spy__r30__s232,completed,label_3y_beat_spy,,3,0,232,{},"{""criterion"": ""gini"", ""max_depth"": 3, ""max_features"": 0.914775, ""max_samples"": 0.441152, ""min_samples_leaf"": 248, ""n_estimators"": 126}",f8cf002ce65f3584,256351,8215.438550146824,0.3535010191664152,0.46174197610062523,0.6190497404919837,0.2414382776192403,0.22853804861472096,0.578125,0.6884645277063786,0.0019879647539222008
forest_random_search_3y-2seeds__label_3y_beat_spy__r29__s23,completed,label_3y_beat_spy,,3,0,23,{},"{""criterion"": ""gini"", ""max_depth"": 7, ""max_features"": 0.593902, ""max_samples"": 0.373435, ""min_samples_leaf"": 134, ""n_estimators"": 470}",aa96e37e8ae24b1a,256351,8215.438550146824,0.3535010191664152,0.4642274261713445,0.6251445122410024,0.23716456005792216,0.22853804861472096,0.578125,0.7623094544870123,0.0019879647539222008
forest_random_search_3y-2seeds__label_3y_beat_spy__r28__s23,completed,label_3y_beat_spy,,3,0,23,{},"{""criterion"": ""gini"", ""max_depth"": 7, ""max_features"": 0.222846, ""max_samples"": 0.251701, ""min_samples_leaf"": 133, ""n_estimators"": 418}",20aeb4f21145106e,256351,8215.438550146824,0.3535010191664152,0.46713767352070523,0.6257370578920092,0.23721287215237333,0.22853804861472096,0.578125,0.7336944410865281,0.0019879647539222008
forest_random_search_3y-2seeds__label_3y_beat_spy__r24__s232,completed,label_3y_beat_spy,,3,0,232,{},"{""criterion"": ""gini"", ""max_depth"": 4, ""max_features"": 0.867212, ""max_samples"": 0.427888, ""min_samples_leaf"": 38, ""n_estimators"": 389}",455506340eab0d30,256351,8215.438550146824,0.3535010191664152,0.46296574357561543,0.6227703806598894,0.239239687632571,0.22853804861472096,0.575,0.7188335101373252,0.001977218998495594
forest_random_search_3y-2seeds__label_3y_beat_spy__r6__s232,completed,label_3y_beat_spy,,3,0,232,{},"{""criterion"": ""gini"", ""max_depth"": 3, ""max_features"": 0.231146, ""max_samples"": 0.541524, ""min_samples_leaf"": 220, ""n_estimators"": 247}",3158970d501833b2,256351,8215.438550146824,0.3535010191664152,0.4669708501159442,0.6227323185723176,0.23940418638992972,0.22853804861472096,0.575,0.6548554182228382,0.001977218998495594
forest_random_search_3y-2seeds__label_3y_beat_spy__r13__s23,completed,label_3y_beat_spy,,3,0,23,{},"{""criterion"": ""gini"", ""max_depth"": 6, ""max_features"": 0.668143, ""max_samples"": 0.435548, ""min_samples_leaf"": 123, ""n_estimators"": 145}",95acf39e0a560b6d,256351,8215.438550146824,0.3535010191664152,0.4635744468772921,0.6244351355323057,0.23745502851442585,0.22853804861472096,0.571875,0.7570565422170463,0.001966473243068988
forest_random_search_3y-2seeds__label_3y_beat_spy__r27__s232,completed,label_3y_beat_spy,,3,0,232,{},"{""criterion"": ""entropy"", ""max_depth"": 11, ""max_features"": 0.453436, ""max_samples"": 0.220807, ""min_samples_leaf"": 98, ""n_estimators"": 133}",bcdf57bc01b2ee56,256351,8215.438550146824,0.3535010191664152,0.4649271648771662,0.6259485407744454,0.23740304306198376,0.22853804861472096,0.571875,0.7592783394197956,0.001966473243068988
forest_random_search_3y-2seeds__label_3y_beat_spy__r13__s232,completed,label_3y_beat_spy,,3,0,232,{},"{""criterion"": ""gini"", ""max_depth"": 6, ""max_features"": 0.668143, ""max_samples"": 0.435548, ""min_samples_leaf"": 123, ""n_estimators"": 145}",d90c22f906167cc8,256351,8215.438550146824,0.3535010191664152,0.46389604709502463,0.6250741904679658,0.2373046925107857,0.22853804861472096,0.571875,0.7569069616640698,0.001966473243068988
forest_random_search_3y-2seeds__label_3y_beat_spy__r6__s23,completed,label_3y_beat_spy,,3,0,23,{},"{""criterion"": ""gini"", ""max_depth"": 3, ""max_features"": 0.231146, ""max_samples"": 0.541524, ""min_samples_leaf"": 220, ""n_estimators"": 247}",d48667cd34c1d0c1,256351,8215.438550146824,0.3535010191664152,0.4659016388848939,0.6220929957241395,0.2401395927501794,0.22853804861472096,0.56875,0.653746026343248,0.0019557274876423813
forest_random_search_3y-2seeds__label_3y_beat_spy__r48__s232,completed,label_3y_beat_spy,,3,0,232,{},"{""criterion"": ""entropy"", ""max_depth"": 4, ""max_features"": 0.205191, ""max_samples"": 0.663781, ""min_samples_leaf"": 72, ""n_estimators"": 490}",a4175a5f738e0a22,256351,8215.438550146824,0.3535010191664152,0.4665987459724292,0.6245416830716977,0.23901328069159844,0.22853804861472096,0.56875,0.684310314313893,0.0019557274876423813
forest_random_search_3y-2seeds__label_3y_beat_spy__r17__s23,completed,label_3y_beat_spy,,3,0,23,{},"{""criterion"": ""gini"", ""max_depth"": 9, ""max_features"": 0.573477, ""max_samples"": 0.591949, ""min_samples_leaf"": 170, ""n_estimators"": 365}",37022f2857d7b12d,256351,8215.438550146824,0.3535010191664152,0.46393099376378977,0.6256306595385585,0.2364073816639669,0.22853804861472096,0.56875,0.7730295479654562,0.0019557274876423813
forest_random_search_3y-2seeds__label_3y_beat_spy__r46__s232,completed,label_3y_beat_spy,,3,0,232,{},"{""criterion"": ""gini"", ""max_depth"": 12, ""max_features"": 0.203558, ""max_samples"": 0.453165, ""min_samples_leaf"": 187, ""n_estimators"": 407}",befa9bf5b8d32a3d,256351,8215.438550146824,0.3535010191664152,0.4672788415761139,0.6262652798603059,0.2362937847516368,0.22853804861472096,0.56875,0.7444300154134925,0.0019557274876423813
forest_random_search_3y-2seeds__label_3y_beat_spy__r18__s232,completed,label_3y_beat_spy,,3,0,232,{},"{""criterion"": ""gini"", ""max_depth"": 8, ""max_features"": 0.791917, ""max_samples"": 0.283486, ""min_samples_leaf"": 22, ""n_estimators"": 142}",3002fec9eb781143,256351,8215.438550146824,0.3535010191664152,0.46377512377309726,0.6264224112431696,0.2362628707709829,0.22853804861472096,0.565625,0.7779171462494833,0.0019449817322157747
forest_random_search_3y-2seeds__label_3y_beat_spy__r12__s232,completed,label_3y_beat_spy,,3,0,232,{},"{""criterion"": ""gini"", ""max_depth"": 12, ""max_features"": 0.76362, ""max_samples"": 0.429458, ""min_samples_leaf"": 125, ""n_estimators"": 114}",cb7dd53cfb7286a2,256351,8215.438550146824,0.3535010191664152,0.46338703619442667,0.6253833823142967,0.2364965310438885,0.22853804861472096,0.565625,0.7779734843084716,0.0019449817322157747
forest_random_search_3y-2seeds__label_3y_beat_spy__r25__s23,completed,label_3y_beat_spy,,3,0,23,{},"{""criterion"": ""gini"", ""max_depth"": 14, ""max_features"": 0.250257, ""max_samples"": 0.628307, ""min_samples_leaf"": 230, ""n_estimators"": 332}",bad94b4837f37382,256351,8215.438550146824,0.3535010191664152,0.4659611370218077,0.6259922670530236,0.23638343200201134,0.22853804861472096,0.565625,0.7533394644536785,0.0019449817322157747
forest_random_search_3y-2seeds__label_3y_beat_spy__r41__s23,completed,label_3y_beat_spy,,3,0,23,{},"{""criterion"": ""entropy"", ""max_depth"": 7, ""max_features"": 0.417609, ""max_samples"": 0.247233, ""min_samples_leaf"": 221, ""n_estimators"": 365}",330519431da7eb43,256351,8215.438550146824,0.3535010191664152,0.4656972080486468,0.6246600889110697,0.2381704955827076,0.22853804861472096,0.565625,0.7361121249890432,0.0019449817322157747
forest_random_search_3y-2seeds__label_3y_beat_spy__r21__s23,completed,label_3y_beat_spy,,3,0,23,{},"{""criterion"": ""gini"", ""max_depth"": 12, ""max_features"": 0.407541, ""max_samples"": 0.243825, ""min_samples_leaf"": 29, ""n_estimators"": 352}",28c4f9398b7d8d57,256351,8215.438550146824,0.3535010191664152,0.46499662713165113,0.6279542964272149,0.23569031009279773,0.22853804861472096,0.565625,0.7803691909265238,0.0019449817322157747
forest_random_search_3y-2seeds__label_3y_beat_spy__r10__s23,completed,label_3y_beat_spy,,3,0,23,{},"{""criterion"": ""gini"", ""max_depth"": 14, ""max_features"": 0.429357, ""max_samples"": 0.344164, ""min_samples_leaf"": 180, ""n_estimators"": 355}",1adf175426b532f7,256351,8215.438550146824,0.3535010191664152,0.46466372153279056,0.6250363022032301,0.23719887348089502,0.22853804861472096,0.5625,0.7549210362514103,0.0019342359767891683
forest_random_search_3y-2seeds__label_3y_beat_spy__r8__s23,completed,label_3y_beat_spy,,3,0,23,{},"{""criterion"": ""gini"", ""max_depth"": 4, ""max_features"": 0.504349, ""max_samples"": 0.313455, ""min_samples_leaf"": 173, ""n_estimators"": 477}",84ec555c589d170e,256351,8215.438550146824,0.3535010191664152,0.4648436040317751,0.62301075045134,0.23975510733763558,0.22853804861472096,0.5625,0.7086242513613646,0.0019342359767891683
forest_random_search_3y-2seeds__label_3y_beat_spy__r41__s232,completed,label_3y_beat_spy,,3,0,232,{},"{""criterion"": ""entropy"", ""max_depth"": 7, ""max_features"": 0.417609, ""max_samples"": 0.247233, ""min_samples_leaf"": 221, ""n_estimators"": 365}",ce1a5b11037c4976,256351,8215.438550146824,0.3535010191664152,0.4662607048019577,0.6248562117810845,0.23814539583653968,0.22853804861472096,0.5625,0.7359869990401451,0.0019342359767891683
forest_random_search_3y-2seeds__label_3y_beat_spy__r26__s23,completed,label_3y_beat_spy,,3,0,23,{},"{""criterion"": ""gini"", ""max_depth"": 13, ""max_features"": 0.467279, ""max_samples"": 0.513654, ""min_samples_leaf"": 131, ""n_estimators"": 137}",d18bc34c89c3cc76,256351,8215.438550146824,0.3535010191664152,0.4649017426911237,0.6264134484467538,0.23622570658259043,0.22853804861472096,0.5625,0.775114334437686,0.0019342359767891683
forest_random_search_3y-2seeds__label_3y_beat_spy__r24__s23,completed,label_3y_beat_spy,,3,0,23,{},"{""criterion"": ""gini"", ""max_depth"": 4, ""max_features"": 0.867212, ""max_samples"": 0.427888, ""min_samples_leaf"": 38, ""n_estimators"": 389}",df521ae3f37108a3,256351,8215.438550146824,0.3535010191664152,0.46246742652877143,0.6224141119860943,0.23919446520096405,0.22853804861472096,0.559375,0.7186744965355152,0.0019234902213625619
forest_random_search_3y-2seeds__label_3y_beat_spy__r9__s23,completed,label_3y_beat_spy,,3,0,23,{},"{""criterion"": ""gini"", ""max_depth"": 5, ""max_features"": 0.695225, ""max_samples"": 0.356183, ""min_samples_leaf"": 291, ""n_estimators"": 433}",e12bba2adef366e7,256351,8215.438550146824,0.3535010191664152,0.4630422989936988,0.6224203330458877,0.23898529819467326,0.22853804861472096,0.559375,0.7368804749308507,0.0019234902213625619
forest_random_search_3y-2seeds__label_3y_beat_spy__r12__s23,completed,label_3y_beat_spy,,3,0,23,{},"{""criterion"": ""gini"", ""max_depth"": 12, ""max_features"": 0.76362, ""max_samples"": 0.429458, ""min_samples_leaf"": 125, ""n_estimators"": 114}",eafbcec209b2b5c2,256351,8215.438550146824,0.3535010191664152,0.46290036796849454,0.6246865640316397,0.23653689032588493,0.22853804861472096,0.559375,0.7799738646735485,0.0019234902213625619
forest_random_search_3y-2seeds__label_3y_beat_spy__r14__s23,completed,label_3y_beat_spy,,3,0,23,{},"{""criterion"": ""gini"", ""max_depth"": 13, ""max_features"": 0.639511, ""max_samples"": 0.47679, ""min_samples_leaf"": 121, ""n_estimators"": 418}",103241456f8d54dd,256351,8215.438550146824,0.3535010191664152,0.46404887093451075,0.6261781072782906,0.2362468293307051,0.22853804861472096,0.559375,0.7779827664837972,0.0019234902213625619
forest_random_search_3y-2seeds__label_3y_beat_spy__r11__s232,completed,label_3y_beat_spy,,3,0,232,{},"{""criterion"": ""gini"", ""max_depth"": 14, ""max_features"": 0.106258, ""max_samples"": 0.593462, ""min_samples_leaf"": 170, ""n_estimators"": 180}",6268c9b38bf44e91,256351,8215.438550146824,0.3535010191664152,0.4664904118432895,0.6264868374540679,0.23577980255596184,0.22853804861472096,0.55625,0.7353979067991318,0.0019127444659359553
forest_random_search_3y-2seeds__label_3y_beat_spy__r17__s232,completed,label_3y_beat_spy,,3,0,232,{},"{""criterion"": ""gini"", ""max_depth"": 9, ""max_features"": 0.573477, ""max_samples"": 0.591949, ""min_samples_leaf"": 170, ""n_estimators"": 365}",6eedf69f605be71d,256351,8215.438550146824,0.3535010191664152,0.46359498350993517,0.6256275198054546,0.2364642879068538,0.22853804861472096,0.553125,0.7735734749396233,0.0019019987105093489
forest_random_search_3y-2seeds__label_3y_beat_spy__r32__s232,completed,label_3y_beat_spy,,3,0,232,{},"{""criterion"": ""entropy"", ""max_depth"": 9, ""max_features"": 0.326929, ""max_samples"": 0.365784, ""min_samples_leaf"": 107, ""n_estimators"": 440}",28bc2c096527c9ed,256351,8215.438550146824,0.3535010191664152,0.46542715038072613,0.6269383004426795,0.23669923035174953,0.22853804861472096,0.553125,0.7607185509493819,0.0019019987105093489
forest_random_search_3y-2seeds__label_3y_beat_spy__r18__s23,completed,label_3y_beat_spy,,3,0,23,{},"{""criterion"": ""gini"", ""max_depth"": 8, ""max_features"": 0.791917, ""max_samples"": 0.283486, ""min_samples_leaf"": 22, ""n_estimators"": 142}",27324bbc406544a4,256351,8215.438550146824,0.3535010191664152,0.46372439439571633,0.6261355990279289,0.23605932394079285,0.22853804861472096,0.553125,0.7763482569173158,0.0019019987105093489
forest_random_search_3y-2seeds__label_3y_beat_spy__r38__s23,completed,label_3y_beat_spy,,3,0,23,{},"{""criterion"": ""entropy"", ""max_depth"": 10, ""max_features"": 0.31757, ""max_samples"": 0.668022, ""min_samples_leaf"": 34, ""n_estimators"": 313}",d84944069b7154eb,256351,8215.438550146824,0.3535010191664152,0.4635858186850783,0.6290109521602929,0.23555163989043335,0.22853804861472096,0.553125,0.7830235607564031,0.0019019987105093489
forest_random_search_3y-2seeds__label_3y_beat_spy__r36__s232,completed,label_3y_beat_spy,,3,0,232,{},"{""criterion"": ""entropy"", ""max_depth"": 6, ""max_features"": 0.131801, ""max_samples"": 0.477426, ""min_samples_leaf"": 66, ""n_estimators"": 224}",3164388f71fc9d4e,256351,8215.438550146824,0.3535010191664152,0.4669167548510248,0.6271151143498574,0.23727718521013708,0.22853804861472096,0.553125,0.7164667870999484,0.0019019987105093489
forest_random_search_3y-2seeds__label_3y_beat_spy__r43__s23,completed,label_3y_beat_spy,,3,0,23,{},"{""criterion"": ""entropy"", ""max_depth"": 15, ""max_features"": 0.252378, ""max_samples"": 0.499691, ""min_samples_leaf"": 334, ""n_estimators"": 161}",5e99c437130be8a0,256351,8215.438550146824,0.3535010191664152,0.46697799915628246,0.6254043396448024,0.2372360512561393,0.22853804861472096,0.55,0.7387341034888927,0.0018912529550827422
forest_random_search_3y-2seeds__label_3y_beat_spy__r10__s232,completed,label_3y_beat_spy,,3,0,232,{},"{""criterion"": ""gini"", ""max_depth"": 14, ""max_features"": 0.429357, ""max_samples"": 0.344164, ""min_samples_leaf"": 180, ""n_estimators"": 355}",e596acc7d5e45d99,256351,8215.438550146824,0.3535010191664152,0.46503347451471233,0.6252739789514952,0.23722521455066015,0.22853804861472096,0.55,0.7546873518554231,0.0018912529550827422
forest_random_search_3y-2seeds__label_3y_beat_spy__r43__s232,completed,label_3y_beat_spy,,3,0,232,{},"{""criterion"": ""entropy"", ""max_depth"": 15, ""max_features"": 0.252378, ""max_samples"": 0.499691, ""min_samples_leaf"": 334, ""n_estimators"": 161}",31dbd3bfa3f6c107,256351,8215.438550146824,0.3535010191664152,0.4669999296893761,0.6253594957523321,0.23698867424420014,0.22853804861472096,0.55,0.7357772963443928,0.0018912529550827422
forest_random_search_3y-2seeds__label_3y_beat_spy__r1__s23,completed,label_3y_beat_spy,,3,0,23,{},"{""criterion"": ""gini"", ""max_depth"": 10, ""max_features"": 0.746969, ""max_samples"": 0.593032, ""min_samples_leaf"": 30, ""n_estimators"": 491}",bfff54c9cfbf264c,256351,8215.438550146824,0.3535010191664152,0.46296603607958087,0.6283187374045427,0.23505739919417595,0.22853804861472096,0.546875,0.7940356322289855,0.0018805071996561358
forest_random_search_3y-2seeds__label_3y_beat_spy__r27__s23,completed,label_3y_beat_spy,,3,0,23,{},"{""criterion"": ""entropy"", ""max_depth"": 11, ""max_features"": 0.453436, ""max_samples"": 0.220807, ""min_samples_leaf"": 98, ""n_estimators"": 133}",1ac4e47d50a5a22e,256351,8215.438550146824,0.3535010191664152,0.46490081217052376,0.6255996609489478,0.23743530072558036,0.22853804861472096,0.546875,0.758359214471964,0.0018805071996561358
forest_random_search_3y-2seeds__label_3y_beat_spy__r49__s232,completed,label_3y_beat_spy,,3,0,232,{},"{""criterion"": ""gini"", ""max_depth"": 4, ""max_features"": 0.663435, ""max_samples"": 0.677812, ""min_samples_leaf"": 50, ""n_estimators"": 295}",41ed90b73c583f29,256351,8215.438550146824,0.3535010191664152,0.4627403862952707,0.6226441416139179,0.23946860925899618,0.22853804861472096,0.546875,0.7122268582060777,0.0018805071996561358
forest_random_search_3y-2seeds__label_3y_beat_spy__r16__s23,completed,label_3y_beat_spy,,3,0,23,{},"{""criterion"": ""entropy"", ""max_depth"": 14, ""max_features"": 0.298849, ""max_samples"": 0.229151, ""min_samples_leaf"": 49, ""n_estimators"": 467}",feb47d2bf6eb3ced,256351,8215.438550146824,0.3535010191664152,0.4656590294936279,0.6279798675900549,0.23648927756791407,0.22853804861472096,0.546875,0.7617419127299309,0.0018805071996561358
forest_random_search_3y-2seeds__label_3y_beat_spy__r16__s232,completed,label_3y_beat_spy,,3,0,232,{},"{""criterion"": ""entropy"", ""max_depth"": 14, ""max_features"": 0.298849, ""max_samples"": 0.229151, ""min_samples_leaf"": 49, ""n_estimators"": 467}",26cf51fd7abbe659,256351,8215.438550146824,0.3535010191664152,0.4661751125664614,0.6279063863308543,0.2363227960779366,0.22853804861472096,0.546875,0.7607156263484607,0.0018805071996561358
forest_random_search_3y-2seeds__label_3y_beat_spy__r44__s232,completed,label_3y_beat_spy,,3,0,232,{},"{""criterion"": ""gini"", ""max_depth"": 5, ""max_features"": 0.363775, ""max_samples"": 0.588702, ""min_samples_leaf"": 457, ""n_estimators"": 300}",43025a454ab89fb3,256351,8215.438550146824,0.3535010191664152,0.4658791813277786,0.623507473699277,0.23824143699707667,0.22853804861472096,0.546875,0.7226277855746099,0.0018805071996561358
forest_random_search_3y-2seeds__label_3y_beat_spy__r34__s232,completed,label_3y_beat_spy,,3,0,232,{},"{""criterion"": ""gini"", ""max_depth"": 10, ""max_features"": 0.192289, ""max_samples"": 0.53612, ""min_samples_leaf"": 49, ""n_estimators"": 197}",6df183eef31e5ed7,256351,8215.438550146824,0.3535010191664152,0.4647542409555139,0.6282374690405114,0.23556130445465207,0.22853804861472096,0.546875,0.7675827840390694,0.0018805071996561358
forest_random_search_3y-2seeds__label_3y_beat_spy__r34__s23,completed,label_3y_beat_spy,,3,0,23,{},"{""criterion"": ""gini"", ""max_depth"": 10, ""max_features"": 0.192289, ""max_samples"": 0.53612, ""min_samples_leaf"": 49, ""n_estimators"": 197}",5eb991803d9ddebb,256351,8215.438550146824,0.3535010191664152,0.46530874994774796,0.628398994781729,0.23551201984224493,0.22853804861472096,0.54375,0.7671326062765972,0.0018697614442295294
forest_random_search_3y-2seeds__label_3y_beat_spy__r29__s232,completed,label_3y_beat_spy,,3,0,232,{},"{""criterion"": ""gini"", ""max_depth"": 7, ""max_features"": 0.593902, ""max_samples"": 0.373435, ""min_samples_leaf"": 134, ""n_estimators"": 470}",19541e7a5cbd46d0,256351,8215.438550146824,0.3535010191664152,0.4642097067915712,0.625390511528702,0.23716131151688732,0.22853804861472096,0.54375,0.7620360946935281,0.0018697614442295294
forest_random_search_3y-2seeds__label_3y_beat_spy__r22__s23,completed,label_3y_beat_spy,,3,0,23,{},"{""criterion"": ""gini"", ""max_depth"": 16, ""max_features"": 0.872294, ""max_samples"": 0.549854, ""min_samples_leaf"": 47, ""n_estimators"": 406}",80c0ba9045596288,256351,8215.438550146824,0.3535010191664152,0.46297595809352954,0.6276705157873922,0.23505914024130753,0.22853804861472096,0.54375,0.7966495361833792,0.0018697614442295294
forest_random_search_3y-2seeds__label_3y_beat_spy__r9__s232,completed,label_3y_beat_spy,,3,0,232,{},"{""criterion"": ""gini"", ""max_depth"": 5, ""max_features"": 0.695225, ""max_samples"": 0.356183, ""min_samples_leaf"": 291, ""n_estimators"": 433}",ce4c7ab5a3ba05a8,256351,8215.438550146824,0.3535010191664152,0.46390755569672204,0.622990858722849,0.23891065223514535,0.22853804861472096,0.54375,0.7377502603466108,0.0018697614442295294
forest_random_search_3y-2seeds__label_3y_beat_spy__r28__s232,completed,label_3y_beat_spy,,3,0,232,{},"{""criterion"": ""gini"", ""max_depth"": 7, ""max_features"": 0.222846, ""max_samples"": 0.251701, ""min_samples_leaf"": 133, ""n_estimators"": 418}",b7866a2f3f468d1d,256351,8215.438550146824,0.3535010191664152,0.46701976784436616,0.6258493821595079,0.23715489713670027,0.22853804861472096,0.54375,0.7331500599116034,0.0018697614442295294
forest_random_search_3y-2seeds__label_3y_beat_spy__r39__s23,completed,label_3y_beat_spy,,3,0,23,{},"{""criterion"": ""gini"", ""max_depth"": 7, ""max_features"": 0.943519, ""max_samples"": 0.645839, ""min_samples_leaf"": 223, ""n_estimators"": 274}",21e33b3da35ceb81,256351,8215.438550146824,0.3535010191664152,0.4623224734335156,0.6235641731030528,0.23704079927616142,0.22853804861472096,0.54375,0.7746833331796232,0.0018697614442295294
forest_random_search_3y-2seeds__label_3y_beat_spy__r11__s23,completed,label_3y_beat_spy,,3,0,23,{},"{""criterion"": ""gini"", ""max_depth"": 14, ""max_features"": 0.106258, ""max_samples"": 0.593462, ""min_samples_leaf"": 170, ""n_estimators"": 180}",91c3c80b141bab34,256351,8215.438550146824,0.3535010191664152,0.46777171357799197,0.6265682845732972,0.2360378088463782,0.22853804861472096,0.540625,0.7360909001086913,0.0018590156888029228
forest_random_search_3y-2seeds__label_3y_beat_spy__r45__s23,completed,label_3y_beat_spy,,3,0,23,{},"{""criterion"": ""entropy"", ""max_depth"": 9, ""max_features"": 0.111846, ""max_samples"": 0.314828, ""min_samples_leaf"": 31, ""n_estimators"": 157}",919ea28bcc9b3e3e,256351,8215.438550146824,0.3535010191664152,0.46529819055083765,0.6276896935450236,0.23663142994724862,0.22853804861472096,0.540625,0.7441748070762592,0.0018590156888029228
forest_random_search_3y-2seeds__label_3y_beat_spy__r19__s232,completed,label_3y_beat_spy,,3,0,232,{},"{""criterion"": ""gini"", ""max_depth"": 13, ""max_features"": 0.492596, ""max_samples"": 0.280636, ""min_samples_leaf"": 100, ""n_estimators"": 389}",589f68d9f399cd7d,256351,8215.438550146824,0.3535010191664152,0.46536668990645935,0.6263666549235808,0.23683546700334768,0.22853804861472096,0.540625,0.7652745262862789,0.0018590156888029228
forest_random_search_3y-2seeds__label_3y_beat_spy__r22__s232,completed,label_3y_beat_spy,,3,0,232,{},"{""criterion"": ""gini"", ""max_depth"": 16, ""max_features"": 0.872294, ""max_samples"": 0.549854, ""min_samples_leaf"": 47, ""n_estimators"": 406}",fead832e22c46d5d,256351,8215.438550146824,0.3535010191664152,0.46304099111820196,0.6277251537301216,0.23507818346231932,0.22853804861472096,0.540625,0.7968954582202163,0.0018590156888029228
forest_random_search_3y-2seeds__label_3y_beat_spy__r4__s232,completed,label_3y_beat_spy,,3,0,232,{},"{""criterion"": ""entropy"", ""max_depth"": 14, ""max_features"": 0.636915, ""max_samples"": 0.579044, ""min_samples_leaf"": 63, ""n_estimators"": 127}",91266b50e1224594,256351,8215.438550146824,0.3535010191664152,0.463074931253754,0.6277533900071379,0.2356449026552189,0.22853804861472096,0.540625,0.7921688418550886,0.0018590156888029228
forest_random_search_3y-2seeds__label_3y_beat_spy__r14__s232,completed,label_3y_beat_spy,,3,0,232,{},"{""criterion"": ""gini"", ""max_depth"": 13, ""max_features"": 0.639511, ""max_samples"": 0.47679, ""min_samples_leaf"": 121, ""n_estimators"": 418}",1a36f745907d9618,256351,8215.438550146824,0.3535010191664152,0.46380360670021126,0.6259516920398839,0.23629460410872657,0.22853804861472096,0.540625,0.7790011899536854,0.0018590156888029228
forest_random_search_3y-2seeds__label_3y_beat_spy__r26__s232,completed,label_3y_beat_spy,,3,0,232,{},"{""criterion"": ""gini"", ""max_depth"": 13, ""max_features"": 0.467279, ""max_samples"": 0.513654, ""min_samples_leaf"": 131, ""n_estimators"": 137}",ee4b30680113f08d,256351,8215.438550146824,0.3535010191664152,0.4642542869430889,0.6262363601290796,0.23622515192529536,0.22853804861472096,0.5375,0.7746849754447264,0.0018482699333763164
forest_random_search_3y-2seeds__label_3y_beat_spy__r31__s23,completed,label_3y_beat_spy,,3,0,23,{},"{""criterion"": ""gini"", ""max_depth"": 6, ""max_features"": 0.517101, ""max_samples"": 0.668913, ""min_samples_leaf"": 126, ""n_estimators"": 295}",e03430406370ddc1,256351,8215.438550146824,0.3535010191664152,0.4641522380097317,0.6253000770902382,0.23709703381392713,0.22853804861472096,0.5375,0.7524669699240254,0.0018482699333763164
forest_random_search_3y-2seeds__label_3y_beat_spy__r5__s232,completed,label_3y_beat_spy,,3,0,232,{},"{""criterion"": ""entropy"", ""max_depth"": 9, ""max_features"": 0.761626, ""max_samples"": 0.297319, ""min_samples_leaf"": 90, ""n_estimators"": 458}",c7e64f85b0314540,256351,8215.438550146824,0.3535010191664152,0.46356868410156526,0.6262530958464085,0.23688444850225132,0.22853804861472096,0.5375,0.7701913353263359,0.0018482699333763164
forest_random_search_3y-2seeds__label_3y_beat_spy__r1__s232,completed,label_3y_beat_spy,,3,0,232,{},"{""criterion"": ""gini"", ""max_depth"": 10, ""max_features"": 0.746969, ""max_samples"": 0.593032, ""min_samples_leaf"": 30, ""n_estimators"": 491}",bb99e43b4c5ac586,256351,8215.438550146824,0.3535010191664152,0.4630356777102874,0.6282538981613415,0.23492537496696392,0.22853804861472096,0.5375,0.7927358925241867,0.0018482699333763164
forest_random_search_3y-2seeds__label_3y_beat_spy__r36__s23,completed,label_3y_beat_spy,,3,0,23,{},"{""criterion"": ""entropy"", ""max_depth"": 6, ""max_features"": 0.131801, ""max_samples"": 0.477426, ""min_samples_leaf"": 66, ""n_estimators"": 224}",97789ade81c1e55e,256351,8215.438550146824,0.3535010191664152,0.4668356621142774,0.6266255177307692,0.23729100951173684,0.22853804861472096,0.5375,0.7172254747504823,0.0018482699333763164
forest_random_search_3y-2seeds__label_3y_beat_spy__r15__s232,completed,label_3y_beat_spy,,3,0,232,{},"{""criterion"": ""gini"", ""max_depth"": 11, ""max_features"": 0.47121, ""max_samples"": 0.307292, ""min_samples_leaf"": 74, ""n_estimators"": 112}",cb583056df73c5cf,256351,8215.438550146824,0.3535010191664152,0.4631849863780907,0.6258027256088858,0.23654074119694626,0.22853804861472096,0.5375,0.7746517213017823,0.0018482699333763164
forest_random_search_3y-2seeds__label_3y_beat_spy__r42__s23,completed,label_3y_beat_spy,,3,0,23,{},"{""criterion"": ""gini"", ""max_depth"": 6, ""max_features"": 0.896291, ""max_samples"": 0.320485, ""min_samples_leaf"": 30, ""n_estimators"": 127}",e9eea784365c6ff2,256351,8215.438550146824,0.3535010191664152,0.46327339292033415,0.625203537130765,0.2370866759260458,0.22853804861472096,0.5375,0.7592304543303497,0.0018482699333763164
forest_random_search_3y-2seeds__label_3y_beat_spy__r35__s23,completed,label_3y_beat_spy,,3,0,23,{},"{""criterion"": ""entropy"", ""max_depth"": 13, ""max_features"": 0.75335, ""max_samples"": 0.25387, ""min_samples_leaf"": 382, ""n_estimators"": 391}",3e69e7229ca66b07,256351,8215.438550146824,0.3535010191664152,0.4624195987157911,0.6218482873048665,0.23943306415594565,0.22853804861472096,0.534375,0.727144877765899,0.0018375241779497098
forest_random_search_3y-2seeds__label_3y_beat_spy__r3__s23,completed,label_3y_beat_spy,,3,0,23,{},"{""criterion"": ""entropy"", ""max_depth"": 10, ""max_features"": 0.293153, ""max_samples"": 0.477292, ""min_samples_leaf"": 25, ""n_estimators"": 277}",cae7f8c18d39732b,256351,8215.438550146824,0.3535010191664152,0.46398634668871314,0.6290346906403351,0.23592757430609534,0.22853804861472096,0.534375,0.7769186903897637,0.0018375241779497098
forest_random_search_3y-2seeds__label_3y_beat_spy__r38__s232,completed,label_3y_beat_spy,,3,0,232,{},"{""criterion"": ""entropy"", ""max_depth"": 10, ""max_features"": 0.31757, ""max_samples"": 0.668022, ""min_samples_leaf"": 34, ""n_estimators"": 313}",90d6e91b14324af7,256351,8215.438550146824,0.3535010191664152,0.46354502067561126,0.6291723930379883,0.23541461383599732,0.22853804861472096,0.534375,0.7821202043132943,0.0018375241779497098
forest_random_search_3y-2seeds__label_3y_beat_spy__r25__s232,completed,label_3y_beat_spy,,3,0,232,{},"{""criterion"": ""gini"", ""max_depth"": 14, ""max_features"": 0.250257, ""max_samples"": 0.628307, ""min_samples_leaf"": 230, ""n_estimators"": 332}",185e349b8c364678,256351,8215.438550146824,0.3535010191664152,0.4666454908721762,0.6261072229337216,0.23626963406799328,0.22853804861472096,0.534375,0.7542240728512375,0.0018375241779497098
forest_random_search_3y-2seeds__label_3y_beat_spy__r5__s23,completed,label_3y_beat_spy,,3,0,23,{},"{""criterion"": ""entropy"", ""max_depth"": 9, ""max_features"": 0.761626, ""max_samples"": 0.297319, ""min_samples_leaf"": 90, ""n_estimators"": 458}",92a55c3689ef2e21,256351,8215.438550146824,0.3535010191664152,0.46384944091820646,0.6261357120121458,0.23691972346867043,0.22853804861472096,0.53125,0.7708334596370967,0.0018267784225231033
forest_random_search_3y-2seeds__label_3y_beat_spy__r35__s232,completed,label_3y_beat_spy,,3,0,232,{},"{""criterion"": ""entropy"", ""max_depth"": 13, ""max_features"": 0.75335, ""max_samples"": 0.25387, ""min_samples_leaf"": 382, ""n_estimators"": 391}",1295427bd0a948cb,256351,8215.438550146824,0.3535010191664152,0.46227837653894865,0.6219717216313363,0.2396172910938718,0.22853804861472096,0.53125,0.7263200888554114,0.0018267784225231033
forest_random_search_3y-2seeds__label_3y_beat_spy__r23__s232,completed,label_3y_beat_spy,,3,0,232,{},"{""criterion"": ""entropy"", ""max_depth"": 6, ""max_features"": 0.709357, ""max_samples"": 0.424681, ""min_samples_leaf"": 48, ""n_estimators"": 412}",bbdc33058703803c,256351,8215.438550146824,0.3535010191664152,0.46340994585370804,0.6260813111285553,0.23717554361578003,0.22853804861472096,0.53125,0.7598911147598544,0.0018267784225231033
forest_random_search_3y-2seeds__label_3y_beat_spy__r0__s23,completed,label_3y_beat_spy,,3,0,23,{},"{""criterion"": ""gini"", ""max_depth"": 13, ""max_features"": 0.473047, ""max_samples"": 0.629299, ""min_samples_leaf"": 189, ""n_estimators"": 180}",636a7a95e7d96ea9,256351,8215.438550146824,0.3535010191664152,0.46452665489047906,0.6254391255431397,0.23634207646011043,0.22853804861472096,0.528125,0.7709435330215161,0.001816032667096497
forest_random_search_3y-2seeds__label_3y_beat_spy__r15__s23,completed,label_3y_beat_spy,,3,0,23,{},"{""criterion"": ""gini"", ""max_depth"": 11, ""max_features"": 0.47121, ""max_samples"": 0.307292, ""min_samples_leaf"": 74, ""n_estimators"": 112}",b09ba8c4153a51e3,256351,8215.438550146824,0.3535010191664152,0.4651121417895826,0.627160629348096,0.23623196523551124,0.22853804861472096,0.528125,0.7752448418382551,0.001816032667096497
forest_random_search_3y-2seeds__label_3y_beat_spy__r39__s232,completed,label_3y_beat_spy,,3,0,232,{},"{""criterion"": ""gini"", ""max_depth"": 7, ""max_features"": 0.943519, ""max_samples"": 0.645839, ""min_samples_leaf"": 223, ""n_estimators"": 274}",ef97b3e811bff5f6,256351,8215.438550146824,0.3535010191664152,0.4629297549820971,0.6240714566989656,0.23698070138266203,0.22853804861472096,0.525,0.7747758144818648,0.0018052869116698903
forest_random_search_3y-2seeds__label_3y_beat_spy__r23__s23,completed,label_3y_beat_spy,,3,0,23,{},"{""criterion"": ""entropy"", ""max_depth"": 6, ""max_features"": 0.709357, ""max_samples"": 0.424681, ""min_samples_leaf"": 48, ""n_estimators"": 412}",c2b99a17ad70f34f,256351,8215.438550146824,0.3535010191664152,0.4635306467154089,0.626199352731817,0.2371615504654589,0.22853804861472096,0.525,0.7590985134246705,0.0018052869116698903
forest_random_search_3y-2seeds__label_3y_beat_spy__r7__s23,completed,label_3y_beat_spy,,3,0,23,{},"{""criterion"": ""entropy"", ""max_depth"": 8, ""max_features"": 0.414891, ""max_samples"": 0.434778, ""min_samples_leaf"": 37, ""n_estimators"": 230}",a407b1bf0c8da2fb,256351,8215.438550146824,0.3535010191664152,0.4637830346551263,0.62791868313182,0.23635116440263226,0.22853804861472096,0.525,0.7702517996433518,0.0018052869116698903
forest_random_search_3y-2seeds__label_3y_beat_spy__r0__s232,completed,label_3y_beat_spy,,3,0,232,{},"{""criterion"": ""gini"", ""max_depth"": 13, ""max_features"": 0.473047, ""max_samples"": 0.629299, ""min_samples_leaf"": 189, ""n_estimators"": 180}",b066157edc3bf52d,256351,8215.438550146824,0.3535010191664152,0.4647517193261254,0.6260709149233321,0.23620038262009907,0.22853804861472096,0.521875,0.7722113975858261,0.001794541156243284
forest_random_search_3y-2seeds__label_3y_beat_spy__r3__s232,completed,label_3y_beat_spy,,3,0,232,{},"{""criterion"": ""entropy"", ""max_depth"": 10, ""max_features"": 0.293153, ""max_samples"": 0.477292, ""min_samples_leaf"": 25, ""n_estimators"": 277}",add5891f0a6a9e21,256351,8215.438550146824,0.3535010191664152,0.46416107775103255,0.6293538239279667,0.2355959414890472,0.22853804861472096,0.51875,0.77831217957358,0.0017837954008166775
forest_random_search_3y-2seeds__label_3y_beat_spy__r47__s232,completed,label_3y_beat_spy,,3,0,232,{},"{""criterion"": ""entropy"", ""max_depth"": 8, ""max_features"": 0.783506, ""max_samples"": 0.557704, ""min_samples_leaf"": 216, ""n_estimators"": 180}",bfd8b1f33c18976f,256351,8215.438550146824,0.3535010191664152,0.4621643349261514,0.6242891499949825,0.23705036950070504,0.22853804861472096,0.51875,0.7722406745269846,0.0017837954008166775
forest_random_search_3y-2seeds__label_3y_beat_spy__r37__s232,completed,label_3y_beat_spy,,3,0,232,{},"{""criterion"": ""entropy"", ""max_depth"": 9, ""max_features"": 0.369568, ""max_samples"": 0.67645, ""min_samples_leaf"": 51, ""n_estimators"": 424}",eb8d0098b7fd55f3,256351,8215.438550146824,0.3535010191664152,0.4641642544016139,0.6287860874924702,0.23561244045944754,0.22853804861472096,0.51875,0.779880749237831,0.0017837954008166775
forest_random_search_3y-2seeds__label_3y_beat_spy__r45__s232,completed,label_3y_beat_spy,,3,0,232,{},"{""criterion"": ""entropy"", ""max_depth"": 9, ""max_features"": 0.111846, ""max_samples"": 0.314828, ""min_samples_leaf"": 31, ""n_estimators"": 157}",247075f50436b80c,256351,8215.438550146824,0.3535010191664152,0.46685814754577476,0.6279978713266172,0.23620932147944548,0.22853804861472096,0.51875,0.7450276938453368,0.0017837954008166775
forest_random_search_3y-2seeds__label_3y_beat_spy__r20__s232,completed,label_3y_beat_spy,,3,0,232,{},"{""criterion"": ""entropy"", ""max_depth"": 5, ""max_features"": 0.691872, ""max_samples"": 0.423078, ""min_samples_leaf"": 68, ""n_estimators"": 195}",32c6ef2c74e2cf58,256351,8215.438550146824,0.3535010191664152,0.46337785141036303,0.6247853571534743,0.2381144534933081,0.22853804861472096,0.515625,0.7414963454350884,0.0017730496453900709
forest_random_search_3y-2seeds__label_3y_beat_spy__r2__s232,completed,label_3y_beat_spy,,3,0,232,{},"{""criterion"": ""entropy"", ""max_depth"": 9, ""max_features"": 0.415178, ""max_samples"": 0.663382, ""min_samples_leaf"": 159, ""n_estimators"": 261}",7a5268c8d56b9d67,256351,8215.438550146824,0.3535010191664152,0.4644583540116674,0.6267305934464302,0.23615049322850407,0.22853804861472096,0.515625,0.771524202415134,0.0017730496453900709
forest_random_search_3y-2seeds__label_3y_beat_spy__r40__s23,completed,label_3y_beat_spy,,3,0,23,{},"{""criterion"": ""entropy"", ""max_depth"": 15, ""max_features"": 0.85943, ""max_samples"": 0.459429, ""min_samples_leaf"": 55, ""n_estimators"": 108}",fdd79bb2cda76e08,256351,8215.438550146824,0.3535010191664152,0.46294469712825503,0.6268688937733321,0.2359085607643505,0.22853804861472096,0.515625,0.7916128778179274,0.0017730496453900709
forest_random_search_3y-2seeds__label_3y_beat_spy__r37__s23,completed,label_3y_beat_spy,,3,0,23,{},"{""criterion"": ""entropy"", ""max_depth"": 9, ""max_features"": 0.369568, ""max_samples"": 0.67645, ""min_samples_leaf"": 51, ""n_estimators"": 424}",82977ce74146017e,256351,8215.438550146824,0.3535010191664152,0.46356967831556284,0.6284246814916987,0.2357568203744574,0.22853804861472096,0.515625,0.7786196380925263,0.0017730496453900709
forest_random_search_3y-2seeds__label_3y_beat_spy__r33__s232,completed,label_3y_beat_spy,,3,0,232,{},"{""criterion"": ""gini"", ""max_depth"": 6, ""max_features"": 0.802348, ""max_samples"": 0.64808, ""min_samples_leaf"": 31, ""n_estimators"": 108}",842ea43d691fefc8,256351,8215.438550146824,0.3535010191664152,0.4623354724561239,0.6252283587066392,0.2369507986477836,0.22853804861472096,0.515625,0.7607995618640081,0.0017730496453900709
forest_random_search_3y-2seeds__label_3y_beat_spy__r31__s232,completed,label_3y_beat_spy,,3,0,232,{},"{""criterion"": ""gini"", ""max_depth"": 6, ""max_features"": 0.517101, ""max_samples"": 0.668913, ""min_samples_leaf"": 126, ""n_estimators"": 295}",715dee0c89db2477,256351,8215.438550146824,0.3535010191664152,0.46375955670977365,0.6254426449113125,0.23711116898956297,0.22853804861472096,0.5125,0.752267084504701,0.0017623038899634645
forest_random_search_3y-2seeds__label_3y_beat_spy__r42__s232,completed,label_3y_beat_spy,,3,0,232,{},"{""criterion"": ""gini"", ""max_depth"": 6, ""max_features"": 0.896291, ""max_samples"": 0.320485, ""min_samples_leaf"": 30, ""n_estimators"": 127}",002fd6437ac60998,256351,8215.438550146824,0.3535010191664152,0.46346341819362735,0.625446175155243,0.23694052585722014,0.22853804861472096,0.5125,0.7583388914632903,0.0017623038899634645
forest_random_search_3y-2seeds__label_3y_beat_spy__r47__s23,completed,label_3y_beat_spy,,3,0,23,{},"{""criterion"": ""entropy"", ""max_depth"": 8, ""max_features"": 0.783506, ""max_samples"": 0.557704, ""min_samples_leaf"": 216, ""n_estimators"": 180}",f010013a4827a156,256351,8215.438550146824,0.3535010191664152,0.46283995002614153,0.6245186032030821,0.23712936537120471,0.22853804861472096,0.509375,0.7735231836190206,0.0017515581345368578
forest_random_search_3y-2seeds__label_3y_beat_spy__r2__s23,completed,label_3y_beat_spy,,3,0,23,{},"{""criterion"": ""entropy"", ""max_depth"": 9, ""max_features"": 0.415178, ""max_samples"": 0.663382, ""min_samples_leaf"": 159, ""n_estimators"": 261}",ceb8880e774aa761,256351,8215.438550146824,0.3535010191664152,0.46383639348427996,0.626044130071338,0.23620414718727326,0.22853804861472096,0.509375,0.7711690059159608,0.0017515581345368578
forest_random_search_3y-2seeds__label_3y_beat_spy__r20__s23,completed,label_3y_beat_spy,,3,0,23,{},"{""criterion"": ""entropy"", ""max_depth"": 5, ""max_features"": 0.691872, ""max_samples"": 0.423078, ""min_samples_leaf"": 68, ""n_estimators"": 195}",fcb1bacfa220f087,256351,8215.438550146824,0.3535010191664152,0.4632593437916036,0.6242268732603024,0.23808484604564747,0.22853804861472096,0.509375,0.7438899764018745,0.0017515581345368578
forest_random_search_3y-2seeds__label_3y_beat_spy__r4__s23,completed,label_3y_beat_spy,,3,0,23,{},"{""criterion"": ""entropy"", ""max_depth"": 14, ""max_features"": 0.636915, ""max_samples"": 0.579044, ""min_samples_leaf"": 63, ""n_estimators"": 127}",954d3be503780c2b,256351,8215.438550146824,0.3535010191664152,0.4627797374999298,0.6275348741131417,0.23575780610772876,0.22853804861472096,0.50625,0.7941366115229641,0.0017408123791102514
forest_random_search_3y-2seeds__label_3y_beat_spy__r40__s232,completed,label_3y_beat_spy,,3,0,232,{},"{""criterion"": ""entropy"", ""max_depth"": 15, ""max_features"": 0.85943, ""max_samples"": 0.459429, ""min_samples_leaf"": 55, ""n_estimators"": 108}",c713f61d7f65ff6c,256351,8215.438550146824,0.3535010191664152,0.46184505641246065,0.6264308004611816,0.23601228910648372,0.22853804861472096,0.503125,0.7927756554062343,0.001730066623683645
forest_random_search_3y-2seeds__label_3y_beat_spy__r7__s232,completed,label_3y_beat_spy,,3,0,232,{},"{""criterion"": ""entropy"", ""max_depth"": 8, ""max_features"": 0.414891, ""max_samples"": 0.434778, ""min_samples_leaf"": 37, ""n_estimators"": 230}",4b668538e9649d00,256351,8215.438550146824,0.3535010191664152,0.4640445629508443,0.6280559815855218,0.23613588400327662,0.22853804861472096,0.5,0.7701258586894775,0.0017193208682570384
forest_random_search_3y-2seeds__label_3y_beat_spy__r33__s23,completed,label_3y_beat_spy,,3,0,23,{},"{""criterion"": ""gini"", ""max_depth"": 6, ""max_features"": 0.802348, ""max_samples"": 0.64808, ""min_samples_leaf"": 31, ""n_estimators"": 108}",c01400efb9a59e6b,256351,8215.438550146824,0.3535010191664152,0.46243232454133765,0.6255606710624017,0.236842475645215,0.22853804861472096,0.490625,0.7614958510612041,0.001687083601977219
