run,candidate,status,label,eval_label,horizon_years,feature_set,param_set,set_params,seed,grid_params,sampled_params,config_hash,n_test,effective_n,base_rate,pr_auc,roc_auc,brier,base_rate_brier,precision_at_20,conf_at_20,recall_at_20,precision_at_50,conf_at_50,recall_at_50,recall_at_prec_0.75,n_at_prec_0.75,recall_at_prec_0.9,n_at_prec_0.9,all_mean_label_3y_beat_spy,all_mean_fwd_3y_excess_cagr,all_median_fwd_3y_excess_cagr,all_mean_fwd_3y_cagr,all_median_fwd_3y_cagr,all_mean_fwd_3y_max_drawdown_from_entry,all_median_fwd_3y_max_drawdown_from_entry,all_mean_label_3y_cagr_lt_0p0,all_mean_label_3y_cagr_lt_m0p1,all_mean_label_3y_max_drawdown_from_entry_ge_0p4,all_mean_label_3y_cagr_ge_0p15,all_mean_label_3y_cagr_ge_0p25,all_mean_label_3y_excess_cagr_ge_0p05,n_stocks_at_20,pick_mean_label_3y_beat_spy_at_20,pick_mean_fwd_3y_excess_cagr_at_20,pick_median_fwd_3y_excess_cagr_at_20,pick_mean_fwd_3y_cagr_at_20,pick_median_fwd_3y_cagr_at_20,pick_mean_fwd_3y_max_drawdown_from_entry_at_20,pick_median_fwd_3y_max_drawdown_from_entry_at_20,pick_mean_label_3y_cagr_lt_0p0_at_20,pick_mean_label_3y_cagr_lt_m0p1_at_20,pick_mean_label_3y_max_drawdown_from_entry_ge_0p4_at_20,pick_mean_label_3y_cagr_ge_0p15_at_20,pick_mean_label_3y_cagr_ge_0p25_at_20,pick_mean_label_3y_excess_cagr_ge_0p05_at_20,n_stocks_at_50,pick_mean_label_3y_beat_spy_at_50,pick_mean_fwd_3y_excess_cagr_at_50,pick_median_fwd_3y_excess_cagr_at_50,pick_mean_fwd_3y_cagr_at_50,pick_median_fwd_3y_cagr_at_50,pick_mean_fwd_3y_max_drawdown_from_entry_at_50,pick_median_fwd_3y_max_drawdown_from_entry_at_50,pick_mean_label_3y_cagr_lt_0p0_at_50,pick_mean_label_3y_cagr_lt_m0p1_at_50,pick_mean_label_3y_max_drawdown_from_entry_ge_0p4_at_50,pick_mean_label_3y_cagr_ge_0p15_at_50,pick_mean_label_3y_cagr_ge_0p25_at_50,pick_mean_label_3y_excess_cagr_ge_0p05_at_50,screen_n,screen_precision,screen_n_stocks,screen_top_group_share,screen_mean_label_3y_beat_spy,screen_mean_fwd_3y_excess_cagr,screen_median_fwd_3y_excess_cagr,screen_mean_fwd_3y_cagr,screen_median_fwd_3y_cagr,screen_mean_fwd_3y_max_drawdown_from_entry,screen_median_fwd_3y_max_drawdown_from_entry,screen_mean_label_3y_cagr_lt_0p0,screen_mean_label_3y_cagr_lt_m0p1,screen_mean_label_3y_max_drawdown_from_entry_ge_0p4,screen_mean_label_3y_cagr_ge_0p15,screen_mean_label_3y_cagr_ge_0p25,screen_mean_label_3y_excess_cagr_ge_0p05,screen_peer_precision,screen_peer_mean_label_3y_beat_spy,screen_peer_mean_fwd_3y_excess_cagr,screen_peer_mean_fwd_3y_cagr,screen_peer_mean_fwd_3y_max_drawdown_from_entry,screen_peer_mean_label_3y_cagr_lt_0p0,screen_peer_mean_label_3y_cagr_lt_m0p1,screen_peer_mean_label_3y_max_drawdown_from_entry_ge_0p4,screen_peer_mean_label_3y_cagr_ge_0p15,screen_peer_mean_label_3y_cagr_ge_0p25,screen_peer_mean_label_3y_excess_cagr_ge_0p05
baseline_factors_largecap_3y__label_3y_cagr_ge_0p0_and_3y_max_drawdown_from_entry_lt_0p3__set0,baseline_factors_largecap_3y__label_3y_cagr_ge_0p0_and_3y_max_drawdown_from_entry_lt_0p3__set0,completed,fwd_3y_cagr >= 0.0 & fwd_3y_max_drawdown_from_entry < 0.3,,3,0,0,"{""higher_is_better"": false, ""rank_column"": ""vol_36m_rank""}",7,{},{},b00a90572762eb79,50673,1514.2603442050354,0.562584914589338,0.6754986117824204,0.6260378019630571,,,0.859375,-0.0012689132618815217,0.009823182711198428,0.8275,-0.00261428486807975,0.023647079835684943,0.5923914984818718,21475,0.2387926415431327,7423,0.4582519290351864,-0.024321469972246403,-0.014345227836084273,0.06808287084329984,0.0780025992947817,0.2918296201704292,0.2175956729840527,0.30274505160539145,0.15104690861010794,0.3037317703708089,0.31352002052375033,0.12894440826475637,0.3184930831014544,8.4375,0.54375,0.0057659902026547475,0.006862833847253391,0.0994676290397489,0.1024259498043365,0.12344562476573259,0.06769566103589308,0.075,0.01875,0.053125,0.259375,0.009375,0.275,18.625,0.50375,0.002916463562247387,0.0007289391439762039,0.09843226225985607,0.1050874908185605,0.13668954280489085,0.07456069120964492,0.1025,0.0225,0.08,0.2675,0.02125,0.28,640,0.771875,88,0.2,0.459375,-0.0160959528459882,-0.009860241959767868,0.08056407164608244,0.09818002857672925,0.169791121787004,0.08890860416097446,0.15,0.0578125,0.128125,0.246875,0.0171875,0.228125,0.5955711504825024,0.4602648055607509,-0.02017661434293135,0.07703230841222755,0.26365166812878327,0.2734493291203333,0.1260734108766016,0.25781410300383867,0.31810865703862384,0.12082612300942475,0.3077254859383981
baseline_factors_largecap_3y__label_3y_cagr_ge_0p0_and_3y_max_drawdown_from_entry_lt_0p3__set1,baseline_factors_largecap_3y__label_3y_cagr_ge_0p0_and_3y_max_drawdown_from_entry_lt_0p3__set1,completed,fwd_3y_cagr >= 0.0 & fwd_3y_max_drawdown_from_entry < 0.3,,3,0,1,"{""higher_is_better"": true, ""rank_column"": ""conservative_score_rank""}",7,{},{},f3a974c4de99463c,50673,1514.2603442050354,0.562584914589338,0.631653731102587,0.5957250781946624,,,0.6625,0.9989487125949896,0.007572780853723879,0.65875,0.9972027286999823,0.018824790141096625,0.5380960885872477,19456,0.14173959635649222,4405,0.4582519290351864,-0.024321469972246403,-0.014345227836084273,0.06808287084329984,0.0780025992947817,0.2918296201704292,0.2175956729840527,0.30274505160539145,0.15104690861010794,0.3037317703708089,0.31352002052375033,0.12894440826475637,0.3184930831014544,14.5625,0.565625,0.016628988006065628,0.03475496872914258,0.11304470966137967,0.1285268219047493,0.22914415762656803,0.14063819904374486,0.209375,0.0875,0.24375,0.425,0.175,0.425,34.125,0.54375,0.008445154305326134,0.016872009390624165,0.10503949413480303,0.11730474539909463,0.22612073556349274,0.1417495680135687,0.22,0.09875,0.2225,0.39375,0.15,0.39375,640,0.65,247,0.165625,0.5359375,0.0067085353503600256,0.013806873661230845,0.10374092970347637,0.11528849367653227,0.2305998781603916,0.1541595853966775,0.2234375,0.1,0.23125,0.3921875,0.1625,0.3984375,0.5790843060130569,0.45737025105728274,-0.022866164977746878,0.07435904227891992,0.2747344544402307,0.28458845095563234,0.1362990645274437,0.27527436132060024,0.3180979261516256,0.12893216336784108,0.3114988379728512
baseline_factors_largecap_3y__label_3y_cagr_ge_0p0_and_3y_max_drawdown_from_entry_lt_0p3__set2,baseline_factors_largecap_3y__label_3y_cagr_ge_0p0_and_3y_max_drawdown_from_entry_lt_0p3__set2,completed,fwd_3y_cagr >= 0.0 & fwd_3y_max_drawdown_from_entry < 0.3,,3,0,2,"{""higher_is_better"": true, ""rank_column"": ""roc_greenblatt_rank""}",7,{},{},f73c7a2355e770da,50673,1514.2603442050354,0.562584914589338,0.6118836626052013,0.5609563530874057,,,0.65,0.99779388332161,0.007429898196106448,0.65125,0.994474726067504,0.018610466154670477,0.4216110019646365,15223,0.008965886765493838,272,0.4582519290351864,-0.024321469972246403,-0.014345227836084273,0.06808287084329984,0.0780025992947817,0.2918296201704292,0.2175956729840527,0.30274505160539145,0.15104690861010794,0.3037317703708089,0.31352002052375033,0.12894440826475637,0.3184930831014544,12.0,0.575,0.020674736570531028,0.01692308204759685,0.11448318203120497,0.11357644506807718,0.22258515969786513,0.13620847735508423,0.221875,0.09375,0.221875,0.40625,0.203125,0.415625,24.9375,0.5525,0.005135922737771343,0.015917710796230777,0.10127492295393602,0.1063979593953579,0.23132056043358065,0.15282936268933062,0.21375,0.0975,0.23125,0.38,0.165,0.40375,640,0.659375,121,0.1703125,0.5578125,0.010294206398903641,0.017106245626844485,0.10633622486515412,0.11229858147787553,0.2265545916227377,0.1430213730420613,0.2078125,0.096875,0.221875,0.3953125,0.1703125,0.4109375,0.568006481518991,0.4576080643540424,-0.02394261464233003,0.07334914960547603,0.2821581771766863,0.28962632217295736,0.14168925493342774,0.2859828449797595,0.32186990210752026,0.1316951378443075,0.3146768044755831
baseline_factors_largecap_3y__label_3y_beat_spy__set2,baseline_factors_largecap_3y__label_3y_beat_spy__set2,completed,label_3y_beat_spy,,3,0,2,"{""higher_is_better"": true, ""rank_column"": ""roc_greenblatt_rank""}",7,{},{},c869e1e4298711ea,50673,1514.2603442050354,0.45305943228629386,0.49206145192873163,0.550941435710497,,,0.575,0.99779388332161,0.007923862021446106,0.5525,0.994474726067504,0.019034494638473794,0.006287412256147453,188,0.0018517721028379485,45,0.4582519290351864,-0.024321469972246403,-0.014345227836084273,0.06808287084329984,0.0780025992947817,0.2918296201704292,0.2175956729840527,0.30274505160539145,0.15104690861010794,0.3037317703708089,0.31352002052375033,0.12894440826475637,0.3184930831014544,12.0,0.575,0.020674736570531028,0.01692308204759685,0.11448318203120497,0.11357644506807718,0.22258515969786513,0.13620847735508423,0.221875,0.09375,0.221875,0.40625,0.203125,0.415625,24.9375,0.5525,0.005135922737771343,0.015917710796230777,0.10127492295393602,0.1063979593953579,0.23132056043358065,0.15282936268933062,0.21375,0.0975,0.23125,0.38,0.165,0.40375,640,0.5578125,121,0.1703125,0.5578125,0.010294206398903641,0.017106245626844485,0.10633622486515412,0.11229858147787553,0.2265545916227377,0.1430213730420613,0.2078125,0.096875,0.221875,0.3953125,0.1703125,0.4109375,0.4576080643540424,0.4576080643540424,-0.02394261464233003,0.07334914960547603,0.2821581771766863,0.28962632217295736,0.14168925493342774,0.2859828449797595,0.32186990210752026,0.1316951378443075,0.3146768044755831
baseline_factors_largecap_3y__label_3y_beat_spy__set1,baseline_factors_largecap_3y__label_3y_beat_spy__set1,completed,label_3y_beat_spy,,3,0,1,"{""higher_is_better"": true, ""rank_column"": ""conservative_score_rank""}",7,{},{},9b279fa402ff593c,50673,1514.2603442050354,0.45305943228629386,0.49592452023477146,0.5519683908056533,,,0.565625,0.9989487125949896,0.007794668618922527,0.54375,0.9972027286999823,0.01873304336591878,0.008612893501571853,261,0.00176564316782223,42,0.4582519290351864,-0.024321469972246403,-0.014345227836084273,0.06808287084329984,0.0780025992947817,0.2918296201704292,0.2175956729840527,0.30274505160539145,0.15104690861010794,0.3037317703708089,0.31352002052375033,0.12894440826475637,0.3184930831014544,14.5625,0.565625,0.016628988006065628,0.03475496872914258,0.11304470966137967,0.1285268219047493,0.22914415762656803,0.14063819904374486,0.209375,0.0875,0.24375,0.425,0.175,0.425,34.125,0.54375,0.008445154305326134,0.016872009390624165,0.10503949413480303,0.11730474539909463,0.22612073556349274,0.1417495680135687,0.22,0.09875,0.2225,0.39375,0.15,0.39375,640,0.5359375,247,0.165625,0.5359375,0.0067085353503600256,0.013806873661230845,0.10374092970347637,0.11528849367653227,0.2305998781603916,0.1541595853966775,0.2234375,0.1,0.23125,0.3921875,0.1625,0.3984375,0.45737025105728274,0.45737025105728274,-0.022866164977746878,0.07435904227891992,0.2747344544402307,0.28458845095563234,0.1362990645274437,0.27527436132060024,0.3180979261516256,0.12893216336784108,0.3114988379728512
baseline_factors_largecap_3y__label_3y_beat_spy__set0,baseline_factors_largecap_3y__label_3y_beat_spy__set0,completed,label_3y_beat_spy,,3,0,0,"{""higher_is_better"": false, ""rank_column"": ""vol_36m_rank""}",7,{},{},3a70630e52e8d658,50673,1514.2603442050354,0.45305943228629386,0.4905316532105668,0.5516417569029858,,,0.54375,-0.0012689132618815217,0.007493217346367512,0.50375,-0.00261428486807975,0.017354980405667284,0.04663881831101158,1440,0.004564833555833082,117,0.4582519290351864,-0.024321469972246403,-0.014345227836084273,0.06808287084329984,0.0780025992947817,0.2918296201704292,0.2175956729840527,0.30274505160539145,0.15104690861010794,0.3037317703708089,0.31352002052375033,0.12894440826475637,0.3184930831014544,8.4375,0.54375,0.0057659902026547475,0.006862833847253391,0.0994676290397489,0.1024259498043365,0.12344562476573259,0.06769566103589308,0.075,0.01875,0.053125,0.259375,0.009375,0.275,18.625,0.50375,0.002916463562247387,0.0007289391439762039,0.09843226225985607,0.1050874908185605,0.13668954280489085,0.07456069120964492,0.1025,0.0225,0.08,0.2675,0.02125,0.28,640,0.459375,88,0.2,0.459375,-0.0160959528459882,-0.009860241959767868,0.08056407164608244,0.09818002857672925,0.169791121787004,0.08890860416097446,0.15,0.0578125,0.128125,0.246875,0.0171875,0.228125,0.4602648055607509,0.4602648055607509,-0.02017661434293135,0.07703230841222755,0.26365166812878327,0.2734493291203333,0.1260734108766016,0.25781410300383867,0.31810865703862384,0.12082612300942475,0.3077254859383981
baseline_factors_largecap_3y__label_3y_excess_cagr_gt_0p0_and_3y_max_drawdown_from_entry_lt_0p3__set0,baseline_factors_largecap_3y__label_3y_excess_cagr_gt_0p0_and_3y_max_drawdown_from_entry_lt_0p3__set0,completed,fwd_3y_excess_cagr > 0.0 & fwd_3y_max_drawdown_from_entry < 0.3,,3,0,0,"{""higher_is_better"": false, ""rank_column"": ""vol_36m_rank""}",7,{},{},e2f172cf7b530d52,50673,1514.2603442050354,0.347865030713241,0.4018036362788466,0.5714320902896454,,,0.5,-0.0012689132618815217,0.00903750564844103,0.47,-0.00261428486807975,0.021238138273836422,0.00824672390420244,191,0.0028807049254405783,56,0.4582519290351864,-0.024321469972246403,-0.014345227836084273,0.06808287084329984,0.0780025992947817,0.2918296201704292,0.2175956729840527,0.30274505160539145,0.15104690861010794,0.3037317703708089,0.31352002052375033,0.12894440826475637,0.3184930831014544,8.4375,0.54375,0.0057659902026547475,0.006862833847253391,0.0994676290397489,0.1024259498043365,0.12344562476573259,0.06769566103589308,0.075,0.01875,0.053125,0.259375,0.009375,0.275,18.625,0.50375,0.002916463562247387,0.0007289391439762039,0.09843226225985607,0.1050874908185605,0.13668954280489085,0.07456069120964492,0.1025,0.0225,0.08,0.2675,0.02125,0.28,640,0.40625,88,0.2,0.459375,-0.0160959528459882,-0.009860241959767868,0.08056407164608244,0.09818002857672925,0.169791121787004,0.08890860416097446,0.15,0.0578125,0.128125,0.246875,0.0171875,0.228125,0.36415643152794785,0.4602648055607509,-0.02017661434293135,0.07703230841222755,0.26365166812878327,0.2734493291203333,0.1260734108766016,0.25781410300383867,0.31810865703862384,0.12082612300942475,0.3077254859383981
baseline_factors_largecap_3y__label_3y_excess_cagr_gt_0p0_and_3y_max_drawdown_from_entry_lt_0p3__set1,baseline_factors_largecap_3y__label_3y_excess_cagr_gt_0p0_and_3y_max_drawdown_from_entry_lt_0p3__set1,completed,fwd_3y_excess_cagr > 0.0 & fwd_3y_max_drawdown_from_entry < 0.3,,3,0,1,"{""higher_is_better"": true, ""rank_column"": ""conservative_score_rank""}",7,{},{},5dbb36fbf02dc423,50673,1514.2603442050354,0.347865030713241,0.39427063814835406,0.5619505241824314,,,0.478125,0.9989487125949896,0.008642114776321735,0.45875,0.9972027286999823,0.020729778581111614,0.008359692724807953,192,0.0019769543605964754,36,0.4582519290351864,-0.024321469972246403,-0.014345227836084273,0.06808287084329984,0.0780025992947817,0.2918296201704292,0.2175956729840527,0.30274505160539145,0.15104690861010794,0.3037317703708089,0.31352002052375033,0.12894440826475637,0.3184930831014544,14.5625,0.565625,0.016628988006065628,0.03475496872914258,0.11304470966137967,0.1285268219047493,0.22914415762656803,0.14063819904374486,0.209375,0.0875,0.24375,0.425,0.175,0.425,34.125,0.54375,0.008445154305326134,0.016872009390624165,0.10503949413480303,0.11730474539909463,0.22612073556349274,0.1417495680135687,0.22,0.09875,0.2225,0.39375,0.15,0.39375,640,0.4484375,247,0.165625,0.5359375,0.0067085353503600256,0.013806873661230845,0.10374092970347637,0.11528849367653227,0.2305998781603916,0.1541595853966775,0.2234375,0.1,0.23125,0.3921875,0.1625,0.3984375,0.3583847383594631,0.45737025105728274,-0.022866164977746878,0.07435904227891992,0.2747344544402307,0.28458845095563234,0.1362990645274437,0.27527436132060024,0.3180979261516256,0.12893216336784108,0.3114988379728512
baseline_factors_largecap_3y__label_3y_cagr_ge_0p0_and_3y_max_drawdown_from_entry_lt_0p3__set5,baseline_factors_largecap_3y__label_3y_cagr_ge_0p0_and_3y_max_drawdown_from_entry_lt_0p3__set5,completed,fwd_3y_cagr >= 0.0 & fwd_3y_max_drawdown_from_entry < 0.3,,3,0,5,"{""higher_is_better"": true, ""rank_column"": ""earnings_yield_rank""}",7,{},{},78c418e9cf6786de,50673,1514.2603442050354,0.562584914589338,0.5516349703262098,0.5203997023295868,,,0.465625,0.9832820737009115,0.00532237899624933,0.43625,0.9737428400440175,0.012466511877120914,0.4151098410430434,14857,0.0014288265761743168,42,0.4582519290351864,-0.024321469972246403,-0.014345227836084273,0.06808287084329984,0.0780025992947817,0.2918296201704292,0.2175956729840527,0.30274505160539145,0.15104690861010794,0.3037317703708089,0.31352002052375033,0.12894440826475637,0.3184930831014544,12.375,0.40625,-0.053323895655360234,-0.03939564905447013,0.04421315018900181,0.06063575952918521,0.35740825222915223,0.27627821999869984,0.353125,0.175,0.371875,0.296875,0.1375,0.271875,27.4375,0.3825,-0.06461755254690411,-0.05494969699714758,0.03427211773244043,0.048212561634474294,0.37158828928360826,0.3100900880295036,0.38625,0.21875,0.405,0.29125,0.14625,0.2725,640,0.43125,200,0.1671875,0.3796875,-0.06827825760665991,-0.05708140203658718,0.029938616876260916,0.041819665355187774,0.3659848840166881,0.30549614669057595,0.390625,0.2078125,0.39375,0.2765625,0.1328125,0.271875,0.5543106808953453,0.45306562895490377,-0.02672810630914794,0.07053871410369358,0.2912112410394141,0.29725143096802825,0.1482189356741394,0.3032940925285786,0.32117557978809497,0.1328847116893193,0.3144964748832161
baseline_factors_largecap_3y__label_3y_beat_spy__set3,baseline_factors_largecap_3y__label_3y_beat_spy__set3,completed,label_3y_beat_spy,,3,0,3,"{""higher_is_better"": true, ""rank_column"": ""gp_to_assets_rank""}",7,{},{},0bc7f3473b7894cc,50673,1514.2603442050354,0.45305943228629386,0.4843192867941283,0.5481891150156485,,,0.4625,0.990475439572316,0.006373541191163171,0.48625,0.9845435835614278,0.016752077860557255,0.0027130614529951337,78,0.0015503208302829335,38,0.4582519290351864,-0.024321469972246403,-0.014345227836084273,0.06808287084329984,0.0780025992947817,0.2918296201704292,0.2175956729840527,0.30274505160539145,0.15104690861010794,0.3037317703708089,0.31352002052375033,0.12894440826475637,0.3184930831014544,8.375,0.4625,-0.038187886703677586,-0.018370196239524406,0.05920783264052345,0.07663758954730016,0.3543991046550111,0.34270527775560666,0.33125,0.203125,0.421875,0.325,0.1625,0.31875,19.6875,0.48625,-0.023802676499176806,-0.005907851367059014,0.07314912818570375,0.08319815958859811,0.33527738244084854,0.28879500365092775,0.3375,0.20625,0.39875,0.36,0.20625,0.34875,640,0.509375,94,0.2,0.509375,-0.015532427024987628,0.0015413712807371693,0.08146531883248424,0.08644201346885139,0.342920218002687,0.2890579723209107,0.3296875,0.2,0.4015625,0.3921875,0.215625,0.371875,0.4520733128447264,0.4520733128447264,-0.02725475961719829,0.07006321282114789,0.29501043603124194,0.30148039934141446,0.15318428788465904,0.308756141370606,0.32236659990823574,0.1367209209397559,0.31655517060691285
baseline_factors_largecap_3y__label_3y_excess_cagr_gt_0p0_and_3y_max_drawdown_from_entry_lt_0p3__set2,baseline_factors_largecap_3y__label_3y_excess_cagr_gt_0p0_and_3y_max_drawdown_from_entry_lt_0p3__set2,completed,fwd_3y_excess_cagr > 0.0 & fwd_3y_max_drawdown_from_entry < 0.3,,3,0,2,"{""higher_is_better"": true, ""rank_column"": ""roc_greenblatt_rank""}",7,{},{},11a74166083fbdc0,50673,1514.2603442050354,0.347865030713241,0.3933005887358658,0.5585859780722391,,,0.45625,0.99779388332161,0.00824672390420244,0.4475,0.994474726067504,0.020221418888386807,0.0038974243108901943,88,0.001016719385449616,18,0.4582519290351864,-0.024321469972246403,-0.014345227836084273,0.06808287084329984,0.0780025992947817,0.2918296201704292,0.2175956729840527,0.30274505160539145,0.15104690861010794,0.3037317703708089,0.31352002052375033,0.12894440826475637,0.3184930831014544,12.0,0.575,0.020674736570531028,0.01692308204759685,0.11448318203120497,0.11357644506807718,0.22258515969786513,0.13620847735508423,0.221875,0.09375,0.221875,0.40625,0.203125,0.415625,24.9375,0.5525,0.005135922737771343,0.015917710796230777,0.10127492295393602,0.1063979593953579,0.23132056043358065,0.15282936268933062,0.21375,0.0975,0.23125,0.38,0.165,0.40375,640,0.453125,121,0.1703125,0.5578125,0.010294206398903641,0.017106245626844485,0.10633622486515412,0.11229858147787553,0.2265545916227377,0.1430213730420613,0.2078125,0.096875,0.221875,0.3953125,0.1703125,0.4109375,0.3547265443649283,0.4576080643540424,-0.02394261464233003,0.07334914960547603,0.2821581771766863,0.28962632217295736,0.14168925493342774,0.2859828449797595,0.32186990210752026,0.1316951378443075,0.3146768044755831
baseline_factors_largecap_3y__label_3y_cagr_ge_0p0_and_3y_max_drawdown_from_entry_lt_0p3__set3,baseline_factors_largecap_3y__label_3y_cagr_ge_0p0_and_3y_max_drawdown_from_entry_lt_0p3__set3,completed,fwd_3y_cagr >= 0.0 & fwd_3y_max_drawdown_from_entry < 0.3,,3,0,3,"{""higher_is_better"": true, ""rank_column"": ""gp_to_assets_rank""}",7,{},{},c4edcd5550eaef15,50673,1514.2603442050354,0.562584914589338,0.579159424698477,0.5382225098021178,,,0.434375,0.990475439572316,0.004965172352205751,0.48875,0.9845435835614278,0.013966779782103948,0.43111269869619573,15454,0.0011787819253438114,35,0.4582519290351864,-0.024321469972246403,-0.014345227836084273,0.06808287084329984,0.0780025992947817,0.2918296201704292,0.2175956729840527,0.30274505160539145,0.15104690861010794,0.3037317703708089,0.31352002052375033,0.12894440826475637,0.3184930831014544,8.375,0.4625,-0.038187886703677586,-0.018370196239524406,0.05920783264052345,0.07663758954730016,0.3543991046550111,0.34270527775560666,0.33125,0.203125,0.421875,0.325,0.1625,0.31875,19.6875,0.48625,-0.023802676499176806,-0.005907851367059014,0.07314912818570375,0.08319815958859811,0.33527738244084854,0.28879500365092775,0.3375,0.20625,0.39875,0.36,0.20625,0.34875,640,0.4828125,94,0.2,0.509375,-0.015532427024987628,0.0015413712807371693,0.08146531883248424,0.08644201346885139,0.342920218002687,0.2890579723209107,0.3296875,0.2,0.4015625,0.3921875,0.215625,0.371875,0.5495866275041807,0.4520733128447264,-0.02725475961719829,0.07006321282114789,0.29501043603124194,0.30148039934141446,0.15318428788465904,0.308756141370606,0.32236659990823574,0.1367209209397559,0.31655517060691285
baseline_factors_largecap_3y__label_3y_beat_spy__set4,baseline_factors_largecap_3y__label_3y_beat_spy__set4,completed,label_3y_beat_spy,,3,0,4,"{""higher_is_better"": true, ""rank_column"": ""mom_12_2_rank""}",7,{},{},0a92f6ab5e3092c6,50673,1514.2603442050354,0.45305943228629386,0.44191508824483017,0.4991444923315329,,,0.40625,0.9875564236242651,0.005598380776021704,0.415,0.9767776687936873,0.014297403212609276,0.0013780629602514966,41,0.0006029025451100297,15,0.4582519290351864,-0.024321469972246403,-0.014345227836084273,0.06808287084329984,0.0780025992947817,0.2918296201704292,0.2175956729840527,0.30274505160539145,0.15104690861010794,0.3037317703708089,0.31352002052375033,0.12894440826475637,0.3184930831014544,14.625,0.40625,-0.06610567024927169,-0.07368677170709503,0.02875634227501514,0.005397444362729598,0.4378068612481799,0.42641786476082805,0.465625,0.353125,0.525,0.315625,0.21875,0.340625,34.6875,0.415,-0.053808096597291605,-0.054575871287935396,0.042667349422848645,0.023140926065010947,0.40681260949735415,0.37944238769045024,0.43,0.31125,0.48625,0.31625,0.20625,0.335,640,0.3921875,349,0.1703125,0.3921875,-0.061138163896583865,-0.07021214387442021,0.03531493119670327,0.011974817855413655,0.410038893220764,0.3867029193664618,0.45,0.3203125,0.484375,0.3109375,0.1984375,0.315625,0.4502623499419993,0.4502623499419993,-0.02831634038433231,0.06902620760388375,0.2970644147838105,0.30357818789849894,0.15472242061456254,0.31282512619193076,0.3195736726474145,0.13518083783319268,0.3144360839082148
baseline_factors_largecap_3y__label_3y_beat_spy__set5,baseline_factors_largecap_3y__label_3y_beat_spy__set5,completed,label_3y_beat_spy,,3,0,5,"{""higher_is_better"": true, ""rank_column"": ""earnings_yield_rank""}",7,{},{},960fd061d8db15f1,50673,1514.2603442050354,0.45305943228629386,0.45377522685886806,0.5166152790133862,,,0.40625,0.9832820737009115,0.005598380776021704,0.3825,0.9737428400440175,0.013177727057404935,0.0011627406227122002,33,0.0007320959476336075,17,0.4582519290351864,-0.024321469972246403,-0.014345227836084273,0.06808287084329984,0.0780025992947817,0.2918296201704292,0.2175956729840527,0.30274505160539145,0.15104690861010794,0.3037317703708089,0.31352002052375033,0.12894440826475637,0.3184930831014544,12.375,0.40625,-0.053323895655360234,-0.03939564905447013,0.04421315018900181,0.06063575952918521,0.35740825222915223,0.27627821999869984,0.353125,0.175,0.371875,0.296875,0.1375,0.271875,27.4375,0.3825,-0.06461755254690411,-0.05494969699714758,0.03427211773244043,0.048212561634474294,0.37158828928360826,0.3100900880295036,0.38625,0.21875,0.405,0.29125,0.14625,0.2725,640,0.3796875,200,0.1671875,0.3796875,-0.06827825760665991,-0.05708140203658718,0.029938616876260916,0.041819665355187774,0.3659848840166881,0.30549614669057595,0.390625,0.2078125,0.39375,0.2765625,0.1328125,0.271875,0.45306562895490377,0.45306562895490377,-0.02672810630914794,0.07053871410369358,0.2912112410394141,0.29725143096802825,0.1482189356741394,0.3032940925285786,0.32117557978809497,0.1328847116893193,0.3144964748832161
baseline_factors_largecap_3y__label_3y_cagr_ge_0p0_and_3y_max_drawdown_from_entry_lt_0p3__set6,baseline_factors_largecap_3y__label_3y_cagr_ge_0p0_and_3y_max_drawdown_from_entry_lt_0p3__set6,completed,fwd_3y_cagr >= 0.0 & fwd_3y_max_drawdown_from_entry < 0.3,,3,0,6,"{""higher_is_better"": true, ""rank_column"": ""revenue_growth_3y_rank""}",7,{},{},235c49d57edadc34,50673,1514.2603442050354,0.562584914589338,0.5394818269180948,0.4988666225871937,,,0.390625,0.9881483759865543,0.00446508305054474,0.3925,0.977876593352744,0.011216288622968387,0.3207001250223254,11355,0.0008572959457045902,25,0.4582519290351864,-0.024321469972246403,-0.014345227836084273,0.06808287084329984,0.0780025992947817,0.2918296201704292,0.2175956729840527,0.30274505160539145,0.15104690861010794,0.3037317703708089,0.31352002052375033,0.12894440826475637,0.3184930831014544,9.9375,0.33125,-0.07861695638843624,-0.07098340440118311,0.022056861476277022,0.02663294020501672,0.4029268713436222,0.3234270738998287,0.41875,0.253125,0.446875,0.2625,0.165625,0.25,21.375,0.37125,-0.062491984269321704,-0.05654778851321385,0.03593664881127607,0.038871947847833654,0.4002958304909329,0.3421993062086185,0.40875,0.23875,0.4425,0.28125,0.165,0.28625,640,0.4265625,146,0.1984375,0.428125,-0.02345085687274271,-0.030116910111064765,0.074031114697067,0.06402630217887295,0.3760252563480343,0.3066635332259015,0.3640625,0.203125,0.4078125,0.334375,0.2109375,0.340625,0.5555041000058983,0.4516212689195128,-0.027004204731957804,0.07030559583889653,0.2908480847726801,0.2978475314782621,0.14987368072954826,0.30144589948702044,0.32099694055410805,0.13430305727279968,0.31491359502818594
baseline_factors_largecap_3y__label_3y_cagr_ge_0p0_and_3y_max_drawdown_from_entry_lt_0p3__set4,baseline_factors_largecap_3y__label_3y_cagr_ge_0p0_and_3y_max_drawdown_from_entry_lt_0p3__set4,completed,fwd_3y_cagr >= 0.0 & fwd_3y_max_drawdown_from_entry < 0.3,,3,0,4,"{""higher_is_better"": true, ""rank_column"": ""mom_12_2_rank""}",7,{},{},bac396bd4c609c69,50673,1514.2603442050354,0.562584914589338,0.5573513802794553,0.5238208198328961,,,0.378125,0.9875564236242651,0.004322200392927309,0.40625,0.9767776687936873,0.011609215931416325,0.3420253616717271,12130,0.0007858546168958742,23,0.4582519290351864,-0.024321469972246403,-0.014345227836084273,0.06808287084329984,0.0780025992947817,0.2918296201704292,0.2175956729840527,0.30274505160539145,0.15104690861010794,0.3037317703708089,0.31352002052375033,0.12894440826475637,0.3184930831014544,14.625,0.40625,-0.06610567024927169,-0.07368677170709503,0.02875634227501514,0.005397444362729598,0.4378068612481799,0.42641786476082805,0.465625,0.353125,0.525,0.315625,0.21875,0.340625,34.6875,0.415,-0.053808096597291605,-0.054575871287935396,0.042667349422848645,0.023140926065010947,0.40681260949735415,0.37944238769045024,0.43,0.31125,0.48625,0.31625,0.20625,0.335,640,0.403125,349,0.1703125,0.3921875,-0.061138163896583865,-0.07021214387442021,0.03531493119670327,0.011974817855413655,0.410038893220764,0.3867029193664618,0.45,0.3203125,0.484375,0.3109375,0.1984375,0.315625,0.545620658881548,0.4502623499419993,-0.02831634038433231,0.06902620760388375,0.2970644147838105,0.30357818789849894,0.15472242061456254,0.31282512619193076,0.3195736726474145,0.13518083783319268,0.3144360839082148
baseline_factors_largecap_3y__label_3y_beat_spy__set6,baseline_factors_largecap_3y__label_3y_beat_spy__set6,completed,label_3y_beat_spy,,3,0,6,"{""higher_is_better"": true, ""rank_column"": ""revenue_growth_3y_rank""}",7,{},{},d5728b5b27f7bf2f,50673,1514.2603442050354,0.45305943228629386,0.4416325504944434,0.4981464419566648,,,0.33125,0.9881483759865543,0.004564833555833082,0.37125,0.977876593352744,0.012790146849834202,0.0014211274277593558,42,0.000818224882649326,19,0.4582519290351864,-0.024321469972246403,-0.014345227836084273,0.06808287084329984,0.0780025992947817,0.2918296201704292,0.2175956729840527,0.30274505160539145,0.15104690861010794,0.3037317703708089,0.31352002052375033,0.12894440826475637,0.3184930831014544,9.9375,0.33125,-0.07861695638843624,-0.07098340440118311,0.022056861476277022,0.02663294020501672,0.4029268713436222,0.3234270738998287,0.41875,0.253125,0.446875,0.2625,0.165625,0.25,21.375,0.37125,-0.062491984269321704,-0.05654778851321385,0.03593664881127607,0.038871947847833654,0.4002958304909329,0.3421993062086185,0.40875,0.23875,0.4425,0.28125,0.165,0.28625,640,0.428125,146,0.1984375,0.428125,-0.02345085687274271,-0.030116910111064765,0.074031114697067,0.06402630217887295,0.3760252563480343,0.3066635332259015,0.3640625,0.203125,0.4078125,0.334375,0.2109375,0.340625,0.4516212689195128,0.4516212689195128,-0.027004204731957804,0.07030559583889653,0.2908480847726801,0.2978475314782621,0.14987368072954826,0.30144589948702044,0.32099694055410805,0.13430305727279968,0.31491359502818594
baseline_factors_largecap_3y__label_3y_excess_cagr_gt_0p0_and_3y_max_drawdown_from_entry_lt_0p3__set3,baseline_factors_largecap_3y__label_3y_excess_cagr_gt_0p0_and_3y_max_drawdown_from_entry_lt_0p3__set3,completed,fwd_3y_excess_cagr > 0.0 & fwd_3y_max_drawdown_from_entry < 0.3,,3,0,3,"{""higher_is_better"": true, ""rank_column"": ""gp_to_assets_rank""}",7,{},{},3bbf3b146d36f5de,50673,1514.2603442050354,0.347865030713241,0.3765669521732088,0.5499632197527986,,,0.29375,0.990475439572316,0.005309534568459106,0.3425,0.9845435835614278,0.015476728422955265,0.0018639855399909624,40,0.0007342973339358337,13,0.4582519290351864,-0.024321469972246403,-0.014345227836084273,0.06808287084329984,0.0780025992947817,0.2918296201704292,0.2175956729840527,0.30274505160539145,0.15104690861010794,0.3037317703708089,0.31352002052375033,0.12894440826475637,0.3184930831014544,8.375,0.4625,-0.038187886703677586,-0.018370196239524406,0.05920783264052345,0.07663758954730016,0.3543991046550111,0.34270527775560666,0.33125,0.203125,0.421875,0.325,0.1625,0.31875,19.6875,0.48625,-0.023802676499176806,-0.005907851367059014,0.07314912818570375,0.08319815958859811,0.33527738244084854,0.28879500365092775,0.3375,0.20625,0.39875,0.36,0.20625,0.34875,640,0.36875,94,0.2,0.509375,-0.015532427024987628,0.0015413712807371693,0.08146531883248424,0.08644201346885139,0.342920218002687,0.2890579723209107,0.3296875,0.2,0.4015625,0.3921875,0.215625,0.371875,0.3462007205930938,0.4520733128447264,-0.02725475961719829,0.07006321282114789,0.29501043603124194,0.30148039934141446,0.15318428788465904,0.308756141370606,0.32236659990823574,0.1367209209397559,0.31655517060691285
baseline_factors_largecap_3y__label_3y_excess_cagr_gt_0p0_and_3y_max_drawdown_from_entry_lt_0p3__set4,baseline_factors_largecap_3y__label_3y_excess_cagr_gt_0p0_and_3y_max_drawdown_from_entry_lt_0p3__set4,completed,fwd_3y_excess_cagr > 0.0 & fwd_3y_max_drawdown_from_entry < 0.3,,3,0,4,"{""higher_is_better"": true, ""rank_column"": ""mom_12_2_rank""}",7,{},{},2530467e773bddcf,50673,1514.2603442050354,0.347865030713241,0.3372483797865452,0.5031519471871803,,,0.278125,0.9875564236242651,0.005027112516945323,0.2975,0.9767776687936873,0.013443289652056033,0.0011861726163578852,27,0.0002824220515137822,5,0.4582519290351864,-0.024321469972246403,-0.014345227836084273,0.06808287084329984,0.0780025992947817,0.2918296201704292,0.2175956729840527,0.30274505160539145,0.15104690861010794,0.3037317703708089,0.31352002052375033,0.12894440826475637,0.3184930831014544,14.625,0.40625,-0.06610567024927169,-0.07368677170709503,0.02875634227501514,0.005397444362729598,0.4378068612481799,0.42641786476082805,0.465625,0.353125,0.525,0.315625,0.21875,0.340625,34.6875,0.415,-0.053808096597291605,-0.054575871287935396,0.042667349422848645,0.023140926065010947,0.40681260949735415,0.37944238769045024,0.43,0.31125,0.48625,0.31625,0.20625,0.335,640,0.29375,349,0.1703125,0.3921875,-0.061138163896583865,-0.07021214387442021,0.03531493119670327,0.011974817855413655,0.410038893220764,0.3867029193664618,0.45,0.3203125,0.484375,0.3109375,0.1984375,0.315625,0.3449331024870356,0.4502623499419993,-0.02831634038433231,0.06902620760388375,0.2970644147838105,0.30357818789849894,0.15472242061456254,0.31282512619193076,0.3195736726474145,0.13518083783319268,0.3144360839082148
baseline_factors_largecap_3y__label_3y_excess_cagr_gt_0p0_and_3y_max_drawdown_from_entry_lt_0p3__set5,baseline_factors_largecap_3y__label_3y_excess_cagr_gt_0p0_and_3y_max_drawdown_from_entry_lt_0p3__set5,completed,fwd_3y_excess_cagr > 0.0 & fwd_3y_max_drawdown_from_entry < 0.3,,3,0,5,"{""higher_is_better"": true, ""rank_column"": ""earnings_yield_rank""}",7,{},{},d0a5ac53b66a9dec,50673,1514.2603442050354,0.347865030713241,0.3420677637716588,0.5126370654295607,,,0.275,0.9832820737009115,0.004970628106642567,0.26875,0.9737428400440175,0.012144148215092635,0.0005648441030275643,10,0.0005648441030275643,10,0.4582519290351864,-0.024321469972246403,-0.014345227836084273,0.06808287084329984,0.0780025992947817,0.2918296201704292,0.2175956729840527,0.30274505160539145,0.15104690861010794,0.3037317703708089,0.31352002052375033,0.12894440826475637,0.3184930831014544,12.375,0.40625,-0.053323895655360234,-0.03939564905447013,0.04421315018900181,0.06063575952918521,0.35740825222915223,0.27627821999869984,0.353125,0.175,0.371875,0.296875,0.1375,0.271875,27.4375,0.3825,-0.06461755254690411,-0.05494969699714758,0.03427211773244043,0.048212561634474294,0.37158828928360826,0.3100900880295036,0.38625,0.21875,0.405,0.29125,0.14625,0.2725,640,0.25625,200,0.1671875,0.3796875,-0.06827825760665991,-0.05708140203658718,0.029938616876260916,0.041819665355187774,0.3659848840166881,0.30549614669057595,0.390625,0.2078125,0.39375,0.2765625,0.1328125,0.271875,0.3486480740368436,0.45306562895490377,-0.02672810630914794,0.07053871410369358,0.2912112410394141,0.29725143096802825,0.1482189356741394,0.3032940925285786,0.32117557978809497,0.1328847116893193,0.3144964748832161
baseline_factors_largecap_3y__label_3y_excess_cagr_gt_0p0_and_3y_max_drawdown_from_entry_lt_0p3__set6,baseline_factors_largecap_3y__label_3y_excess_cagr_gt_0p0_and_3y_max_drawdown_from_entry_lt_0p3__set6,completed,fwd_3y_excess_cagr > 0.0 & fwd_3y_max_drawdown_from_entry < 0.3,,3,0,6,"{""higher_is_better"": true, ""rank_column"": ""revenue_growth_3y_rank""}",7,{},{},f7cbc821dd2ff6c2,50673,1514.2603442050354,0.347865030713241,0.3337656869329422,0.4971814535239207,,,0.215625,0.9881483759865543,0.0038974243108901943,0.2325,0.977876593352744,0.010506100316312697,0.0009037505648441031,20,0.000508359692724808,9,0.4582519290351864,-0.024321469972246403,-0.014345227836084273,0.06808287084329984,0.0780025992947817,0.2918296201704292,0.2175956729840527,0.30274505160539145,0.15104690861010794,0.3037317703708089,0.31352002052375033,0.12894440826475637,0.3184930831014544,9.9375,0.33125,-0.07861695638843624,-0.07098340440118311,0.022056861476277022,0.02663294020501672,0.4029268713436222,0.3234270738998287,0.41875,0.253125,0.446875,0.2625,0.165625,0.25,21.375,0.37125,-0.062491984269321704,-0.05654778851321385,0.03593664881127607,0.038871947847833654,0.4002958304909329,0.3421993062086185,0.40875,0.23875,0.4425,0.28125,0.165,0.28625,640,0.2828125,146,0.1984375,0.428125,-0.02345085687274271,-0.030116910111064765,0.074031114697067,0.06402630217887295,0.3760252563480343,0.3066635332259015,0.3640625,0.203125,0.4078125,0.334375,0.2109375,0.340625,0.34775691333176934,0.4516212689195128,-0.027004204731957804,0.07030559583889653,0.2908480847726801,0.2978475314782621,0.14987368072954826,0.30144589948702044,0.32099694055410805,0.13430305727279968,0.31491359502818594
