run,candidate,status,label,eval_label,horizon_years,feature_set,param_set,set_params,seed,grid_params,sampled_params,config_hash,n_test,effective_n,base_rate,pr_auc,roc_auc,brier,base_rate_brier,precision_at_20,conf_at_20,recall_at_20,precision_at_10,conf_at_10,recall_at_10,precision_at_5,conf_at_5,recall_at_5,precision_at_50,conf_at_50,recall_at_50,recall_at_prec_0.75,n_at_prec_0.75,recall_at_prec_0.9,n_at_prec_0.9,all_mean_label_3y_beat_spy,all_mean_fwd_3y_excess_cagr,all_median_fwd_3y_excess_cagr,all_mean_fwd_3y_cagr,all_median_fwd_3y_cagr,all_mean_fwd_3y_max_drawdown_from_entry,all_median_fwd_3y_max_drawdown_from_entry,all_mean_label_3y_cagr_lt_0p0,all_mean_label_3y_cagr_lt_m0p1,all_mean_label_3y_max_drawdown_from_entry_ge_0p4,all_mean_label_3y_cagr_ge_0p15,all_mean_label_3y_cagr_ge_0p25,all_mean_label_3y_excess_cagr_ge_0p05,n_stocks_at_20,pick_mean_label_3y_beat_spy_at_20,pick_mean_fwd_3y_excess_cagr_at_20,pick_median_fwd_3y_excess_cagr_at_20,pick_mean_fwd_3y_cagr_at_20,pick_median_fwd_3y_cagr_at_20,pick_mean_fwd_3y_max_drawdown_from_entry_at_20,pick_median_fwd_3y_max_drawdown_from_entry_at_20,pick_mean_label_3y_cagr_lt_0p0_at_20,pick_mean_label_3y_cagr_lt_m0p1_at_20,pick_mean_label_3y_max_drawdown_from_entry_ge_0p4_at_20,pick_mean_label_3y_cagr_ge_0p15_at_20,pick_mean_label_3y_cagr_ge_0p25_at_20,pick_mean_label_3y_excess_cagr_ge_0p05_at_20,n_stocks_at_10,pick_mean_label_3y_beat_spy_at_10,pick_mean_fwd_3y_excess_cagr_at_10,pick_median_fwd_3y_excess_cagr_at_10,pick_mean_fwd_3y_cagr_at_10,pick_median_fwd_3y_cagr_at_10,pick_mean_fwd_3y_max_drawdown_from_entry_at_10,pick_median_fwd_3y_max_drawdown_from_entry_at_10,pick_mean_label_3y_cagr_lt_0p0_at_10,pick_mean_label_3y_cagr_lt_m0p1_at_10,pick_mean_label_3y_max_drawdown_from_entry_ge_0p4_at_10,pick_mean_label_3y_cagr_ge_0p15_at_10,pick_mean_label_3y_cagr_ge_0p25_at_10,pick_mean_label_3y_excess_cagr_ge_0p05_at_10,n_stocks_at_5,pick_mean_label_3y_beat_spy_at_5,pick_mean_fwd_3y_excess_cagr_at_5,pick_median_fwd_3y_excess_cagr_at_5,pick_mean_fwd_3y_cagr_at_5,pick_median_fwd_3y_cagr_at_5,pick_mean_fwd_3y_max_drawdown_from_entry_at_5,pick_median_fwd_3y_max_drawdown_from_entry_at_5,pick_mean_label_3y_cagr_lt_0p0_at_5,pick_mean_label_3y_cagr_lt_m0p1_at_5,pick_mean_label_3y_max_drawdown_from_entry_ge_0p4_at_5,pick_mean_label_3y_cagr_ge_0p15_at_5,pick_mean_label_3y_cagr_ge_0p25_at_5,pick_mean_label_3y_excess_cagr_ge_0p05_at_5,n_stocks_at_50,pick_mean_label_3y_beat_spy_at_50,pick_mean_fwd_3y_excess_cagr_at_50,pick_median_fwd_3y_excess_cagr_at_50,pick_mean_fwd_3y_cagr_at_50,pick_median_fwd_3y_cagr_at_50,pick_mean_fwd_3y_max_drawdown_from_entry_at_50,pick_median_fwd_3y_max_drawdown_from_entry_at_50,pick_mean_label_3y_cagr_lt_0p0_at_50,pick_mean_label_3y_cagr_lt_m0p1_at_50,pick_mean_label_3y_max_drawdown_from_entry_ge_0p4_at_50,pick_mean_label_3y_cagr_ge_0p15_at_50,pick_mean_label_3y_cagr_ge_0p25_at_50,pick_mean_label_3y_excess_cagr_ge_0p05_at_50
forest_random_search_nonloser_3y__label_3y_cagr_ge_0p0_and_3y_max_drawdown_from_entry_lt_0p3__r14,forest_random_search_nonloser_3y__label_3y_cagr_ge_0p0_and_3y_max_drawdown_from_entry_lt_0p3__r14,completed,fwd_3y_cagr >= 0.0 & fwd_3y_max_drawdown_from_entry < 0.3,,3,0,0,{},23,{},"{""criterion"": ""gini"", ""max_depth"": 6, ""max_features"": 0.334864, ""max_samples"": 0.399631, ""min_samples_leaf"": 464, ""n_estimators"": 408}",2d054be1b2ae54ab,256351,8215.438550146824,0.38661184485673633,0.5442890716589693,0.6867893395022524,0.2143323259481798,0.23714312627320716,0.74375,0.7030780302131567,0.002465452586653407,0.7375,0.7040136325759214,0.0012223672488449666,0.7,0.7047867139613058,0.0005801064909772722,0.76,0.701321053328125,0.006298299044896098,0.3758779290198272,48371,0.09196759690886112,9858,0.3630178934351729,-0.10562821905207564,-0.0730290445174051,-0.013262331798357452,0.017413271900700078,0.4413241721025813,0.4032790266034234,0.4568423762731567,0.3222924817925423,0.5034308428677867,0.2674106986124493,0.14692745493483544,0.27633206033914437,15.1875,0.4375,-0.020536191368264466,-0.012800873879268648,0.07737810413823051,0.0867886750636222,0.17627768912720806,0.08823494135495163,0.18125,0.0625,0.128125,0.265625,0.034375,0.24375,8.25,0.4125,-0.021598529575603216,-0.018820862271781813,0.07426921931188231,0.09206406869153683,0.18227444988833197,0.0861341884386913,0.175,0.075,0.14375,0.225,0.04375,0.225,4.4375,0.4125,-0.032242574895437345,-0.022484990628499624,0.06463851733251026,0.08379084148931415,0.19602323136875185,0.09084961303191724,0.2125,0.075,0.1625,0.175,0.05,0.1625,32.125,0.4525,-0.012022002520255728,-0.010239752607481556,0.0868876062277456,0.10199860685260875,0.16452299605699172,0.08346436973265636,0.165,0.04375,0.1225,0.25875,0.04125,0.2675
forest_random_search_nonloser_3y__label_3y_cagr_ge_0p0_and_3y_max_drawdown_from_entry_lt_0p3__r8,forest_random_search_nonloser_3y__label_3y_cagr_ge_0p0_and_3y_max_drawdown_from_entry_lt_0p3__r8,completed,fwd_3y_cagr >= 0.0 & fwd_3y_max_drawdown_from_entry < 0.3,,3,0,0,{},23,{},"{""criterion"": ""entropy"", ""max_depth"": 5, ""max_features"": 0.279664, ""max_samples"": 0.330266, ""min_samples_leaf"": 257, ""n_estimators"": 421}",270f9e5d4f0ce67b,256351,8215.438550146824,0.38661184485673633,0.5439639628006617,0.6882852552871349,0.21417935515115266,0.23714312627320716,0.76875,0.7298812999465839,0.002548324942507303,0.775,0.7318848658371506,0.0012845215157353885,0.775,0.7337525096103806,0.0006422607578676942,0.7825,0.7265534458720242,0.006484761845567365,0.3828702840449997,49273,0.09486812936374749,10171,0.3630178934351729,-0.10562821905207564,-0.0730290445174051,-0.013262331798357452,0.017413271900700078,0.4413241721025813,0.4032790266034234,0.4568423762731567,0.3222924817925423,0.5034308428677867,0.2674106986124493,0.14692745493483544,0.27633206033914437,14.125,0.4375,-0.01982065484130451,-0.016489467686995662,0.07583990831425069,0.09363988642345866,0.1695180660799683,0.07687740682927569,0.159375,0.0625,0.125,0.21875,0.03125,0.259375,7.5,0.475,-0.010497596546837101,-0.0024706509330458815,0.08575022895651825,0.10181590277109964,0.15628061406584526,0.0626098480779711,0.1375,0.04375,0.11875,0.21875,0.05625,0.28125,4.375,0.4875,-0.009862248218465645,-0.0012984701438256696,0.08534228245838778,0.10771026918148063,0.1585460013695846,0.06309935535507105,0.1375,0.05,0.1125,0.25,0.0875,0.3,31.1875,0.44,-0.012599079594691243,-0.01274102514488712,0.08529191306071042,0.10437617775241448,0.16351885668785018,0.07961101130199066,0.16,0.05,0.11375,0.2575,0.03375,0.26625
forest_random_search_nonloser_3y__label_3y_cagr_ge_0p0_and_3y_max_drawdown_from_entry_lt_0p3__r19,forest_random_search_nonloser_3y__label_3y_cagr_ge_0p0_and_3y_max_drawdown_from_entry_lt_0p3__r19,completed,fwd_3y_cagr >= 0.0 & fwd_3y_max_drawdown_from_entry < 0.3,,3,0,0,{},23,{},"{""criterion"": ""gini"", ""max_depth"": 8, ""max_features"": 0.341323, ""max_samples"": 0.524655, ""min_samples_leaf"": 417, ""n_estimators"": 280}",e9bf8c1086542c31,256351,8215.438550146824,0.38661184485673633,0.5426702510373188,0.6870682683890722,0.214565488794679,0.23714312627320716,0.725,0.7334158106584463,0.002403298319762985,0.7,0.7350145442577095,0.0011602129819545445,0.7,0.7362031943568315,0.0005801064909772722,0.74375,0.7304980373196358,0.0061636314666335176,0.38276669360018234,49260,0.08996830132388589,9645,0.3630178934351729,-0.10562821905207564,-0.0730290445174051,-0.013262331798357452,0.017413271900700078,0.4413241721025813,0.4032790266034234,0.4568423762731567,0.3222924817925423,0.5034308428677867,0.2674106986124493,0.14692745493483544,0.27633206033914437,14.1875,0.428125,-0.02082055597948171,-0.018003653359214333,0.07527027202380299,0.09657045833042344,0.18261782639501487,0.0814611348867808,0.203125,0.08125,0.159375,0.26875,0.0375,0.234375,8.125,0.3875,-0.02934175535389737,-0.029601217143111924,0.06526517482390336,0.07798730241032914,0.20879754154231192,0.10289201180039026,0.23125,0.1,0.2,0.25,0.05625,0.2,4.5625,0.375,-0.03755982019954672,-0.034941740910756414,0.05406301308232595,0.08458326782600256,0.22148606901738868,0.08904628010949373,0.2375,0.1,0.2625,0.175,0.05,0.15,31.1875,0.4525,-0.010263682580948213,-0.011231878708597598,0.08614232373787827,0.1049013229857666,0.17097421801104956,0.0831424078787783,0.18375,0.055,0.13625,0.28375,0.0475,0.2825
forest_random_search_nonloser_3y__label_3y_cagr_ge_0p0_and_3y_max_drawdown_from_entry_lt_0p3__r7,forest_random_search_nonloser_3y__label_3y_cagr_ge_0p0_and_3y_max_drawdown_from_entry_lt_0p3__r7,completed,fwd_3y_cagr >= 0.0 & fwd_3y_max_drawdown_from_entry < 0.3,,3,0,0,{},23,{},"{""criterion"": ""entropy"", ""max_depth"": 12, ""max_features"": 0.0759126, ""max_samples"": 0.693024, ""min_samples_leaf"": 448, ""n_estimators"": 407}",718595d08543f6d1,256351,8215.438550146824,0.38661184485673633,0.5416918864223045,0.686827836836946,0.214243321162807,0.23714312627320716,0.78125,0.703162743985311,0.002589761120434251,0.8125,0.7054143143558659,0.0013466757826258106,0.8,0.7075097972223967,0.0006629788468311683,0.77875,0.6994134595072066,0.006453684712122154,0.3741168914579319,48143,0.09552074916609692,10238,0.3630178934351729,-0.10562821905207564,-0.0730290445174051,-0.013262331798357452,0.017413271900700078,0.4413241721025813,0.4032790266034234,0.4568423762731567,0.3222924817925423,0.5034308428677867,0.2674106986124493,0.14692745493483544,0.27633206033914437,13.9375,0.465625,-0.005421709741353283,-0.005782407175772608,0.08979329444606292,0.10323367600675804,0.1548934302143658,0.07563848464388184,0.15625,0.0375,0.1,0.246875,0.0375,0.271875,7.6875,0.5375,0.0018883318918582553,0.005396528736303918,0.09732653499364492,0.11414048175233049,0.151479858797393,0.07340530201528506,0.13125,0.025,0.1,0.2375,0.05625,0.2875,4.3125,0.4875,0.00045830098300537054,-0.0034759963310380115,0.09743312112178272,0.11201523060070895,0.15183298765016146,0.06365453699817619,0.1375,0.025,0.125,0.2,0.0625,0.2875,28.8125,0.45875,-0.00865066666216586,-0.008905517736690238,0.08737229717891573,0.10337792846573524,0.1562058751603554,0.07657367330659104,0.16125,0.045,0.11875,0.25375,0.0275,0.27
forest_random_search_nonloser_3y__label_3y_cagr_ge_0p0_and_3y_max_drawdown_from_entry_lt_0p3__r1,forest_random_search_nonloser_3y__label_3y_cagr_ge_0p0_and_3y_max_drawdown_from_entry_lt_0p3__r1,completed,fwd_3y_cagr >= 0.0 & fwd_3y_max_drawdown_from_entry < 0.3,,3,0,0,{},23,{},"{""criterion"": ""gini"", ""max_depth"": 12, ""max_features"": 0.266605, ""max_samples"": 0.56616, ""min_samples_leaf"": 22, ""n_estimators"": 157}",0ad94631008315c3,256351,8215.438550146824,0.38661184485673633,0.5414215079770703,0.6868634587212599,0.21585036068745325,0.23714312627320716,0.7375,0.8601114254405073,0.002444734497689933,0.71875,0.8684426586054972,0.0011912901153997555,0.7125,0.8761785358405877,0.0005904655354590093,0.735,0.8463951078889396,0.006091118155261359,0.37463484368201877,48211,0.07691590527689726,8244,0.3630178934351729,-0.10562821905207564,-0.0730290445174051,-0.013262331798357452,0.017413271900700078,0.4413241721025813,0.4032790266034234,0.4568423762731567,0.3222924817925423,0.5034308428677867,0.2674106986124493,0.14692745493483544,0.27633206033914437,13.25,0.421875,-0.010745192562913765,-0.014295444597356433,0.08466564793856701,0.1073744921451828,0.18393962399853092,0.08800809741495708,0.1625,0.05625,0.16875,0.25,0.034375,0.25625,6.875,0.46875,-0.0068400541199589325,-0.00597204814475738,0.08651172647689657,0.11201523060070895,0.1875477464933994,0.08632381489347851,0.15625,0.05,0.175,0.25625,0.0375,0.26875,3.875,0.45,-0.013688424586459394,-0.006646959149355203,0.07854356797785618,0.11539222236853774,0.19414757108711972,0.09005093812423443,0.15,0.075,0.2,0.225,0.0125,0.225,29.875,0.435,-0.014034155787333273,-0.014786891795557922,0.0819959133088432,0.09935293385642152,0.1821691513946763,0.09186630405619017,0.175,0.06,0.1425,0.255,0.035,0.26
forest_random_search_nonloser_3y__label_3y_cagr_ge_0p0_and_3y_max_drawdown_from_entry_lt_0p3__r11,forest_random_search_nonloser_3y__label_3y_cagr_ge_0p0_and_3y_max_drawdown_from_entry_lt_0p3__r11,completed,fwd_3y_cagr >= 0.0 & fwd_3y_max_drawdown_from_entry < 0.3,,3,0,0,{},23,{},"{""criterion"": ""gini"", ""max_depth"": 11, ""max_features"": 0.328984, ""max_samples"": 0.623297, ""min_samples_leaf"": 38, ""n_estimators"": 165}",1158511e089b74d6,256351,8215.438550146824,0.38661184485673633,0.5412049093357483,0.6868469245476934,0.21581224936271046,0.23714312627320716,0.740625,0.8548003733396646,0.00245509354217167,0.7625,0.8624288955396497,0.0012638034267719147,0.7625,0.8687621850332559,0.0006319017133859573,0.72125,0.8412793912492763,0.005977168665962252,0.3753185406178134,48298,0.07583856465079661,8128,0.3630178934351729,-0.10562821905207564,-0.0730290445174051,-0.013262331798357452,0.017413271900700078,0.4413241721025813,0.4032790266034234,0.4568423762731567,0.3222924817925423,0.5034308428677867,0.2674106986124493,0.14692745493483544,0.27633206033914437,13.875,0.425,-0.016105521257166747,-0.01607318209319586,0.07684187543213244,0.10369272601955459,0.1936775985644469,0.0951805365028704,0.1625,0.065625,0.16875,0.24375,0.028125,0.24375,7.375,0.45625,-0.010692862363787702,-0.010239752607481556,0.08092551995305629,0.10450874478392169,0.18492640887467876,0.08881270226409782,0.14375,0.0625,0.16875,0.25625,0.025,0.25625,3.875,0.4625,-0.005653249645853552,-0.011278652715609072,0.08357419116506523,0.09537507656409772,0.1877509156503377,0.10759114904998368,0.125,0.0625,0.175,0.2625,0.0125,0.2875,29.0,0.4425,-0.016028384864478426,-0.013785769551946103,0.07880633704928827,0.10406032197449266,0.18895009577043748,0.09130513005037527,0.19125,0.07625,0.1575,0.27625,0.045,0.27
forest_random_search_nonloser_3y__label_3y_cagr_ge_0p0_and_3y_max_drawdown_from_entry_lt_0p3__r3,forest_random_search_nonloser_3y__label_3y_cagr_ge_0p0_and_3y_max_drawdown_from_entry_lt_0p3__r3,completed,fwd_3y_cagr >= 0.0 & fwd_3y_max_drawdown_from_entry < 0.3,,3,0,0,{},23,{},"{""criterion"": ""entropy"", ""max_depth"": 12, ""max_features"": 0.152571, ""max_samples"": 0.889326, ""min_samples_leaf"": 78, ""n_estimators"": 371}",778fda035de4f78e,256351,8215.438550146824,0.38661184485673633,0.5410805551771921,0.6891205198239752,0.2148186834137197,0.23714312627320716,0.759375,0.825857364505319,0.0025172478090620923,0.75625,0.8334086307991576,0.0012534443822901776,0.775,0.839279539057304,0.0006422607578676942,0.73125,0.8142445021640035,0.006060041021816147,0.3776907618041312,48600,0.08123562682578159,8708,0.3630178934351729,-0.10562821905207564,-0.0730290445174051,-0.013262331798357452,0.017413271900700078,0.4413241721025813,0.4032790266034234,0.4568423762731567,0.3222924817925423,0.5034308428677867,0.2674106986124493,0.14692745493483544,0.27633206033914437,13.0625,0.478125,-0.007433896840375742,-0.005732825925414242,0.08493234171305013,0.10514098087469714,0.17816240460182547,0.08994807998647264,0.1375,0.059375,0.140625,0.290625,0.05,0.3,7.375,0.49375,-0.004962213785306244,-0.0018119182540741186,0.08665362865068435,0.10492774130856153,0.17406037211559194,0.09012106104412798,0.11875,0.0625,0.13125,0.29375,0.05,0.33125,3.75,0.5375,0.00472858725255203,0.016429965913905553,0.09543101961632944,0.11539222236853774,0.17089047942862107,0.0904157835737886,0.1,0.05,0.1,0.325,0.0375,0.3875,28.1875,0.41875,-0.017734690996687112,-0.018214875770290906,0.07786126104968702,0.09774985237387501,0.18327583699802652,0.08389357105926748,0.1875,0.065,0.1425,0.2575,0.03375,0.25375
forest_random_search_nonloser_3y__label_3y_cagr_ge_0p0_and_3y_max_drawdown_from_entry_lt_0p3__r6,forest_random_search_nonloser_3y__label_3y_cagr_ge_0p0_and_3y_max_drawdown_from_entry_lt_0p3__r6,completed,fwd_3y_cagr >= 0.0 & fwd_3y_max_drawdown_from_entry < 0.3,,3,0,0,{},23,{},"{""criterion"": ""gini"", ""max_depth"": 9, ""max_features"": 0.177292, ""max_samples"": 0.487666, ""min_samples_leaf"": 68, ""n_estimators"": 301}",8accb42301e0f90a,256351,8215.438550146824,0.38661184485673633,0.5408623892780047,0.6888109694125342,0.21476424918195752,0.23714312627320716,0.740625,0.8127710247100841,0.00245509354217167,0.7375,0.8195631088278539,0.0012223672488449666,0.6875,0.8251627407625322,0.0005697474464955352,0.73125,0.8023394297852111,0.006060041021816147,0.37855056249611535,48713,0.08645658524457704,9270,0.3630178934351729,-0.10562821905207564,-0.0730290445174051,-0.013262331798357452,0.017413271900700078,0.4413241721025813,0.4032790266034234,0.4568423762731567,0.3222924817925423,0.5034308428677867,0.2674106986124493,0.14692745493483544,0.27633206033914437,13.75,0.403125,-0.014556205202530639,-0.019108275791454354,0.07867258253523154,0.09792738817877311,0.19139926333170781,0.0904157835737886,0.1625,0.065625,0.16875,0.24375,0.05,0.253125,7.4375,0.45,-0.0067702028510349425,-0.007172647030778911,0.08690224430727227,0.10323367600675804,0.18057008181383127,0.0915908027870056,0.14375,0.0625,0.14375,0.25,0.05,0.275,4.0,0.5,0.00024169316428037518,0.001968318809591141,0.09137984739873346,0.10961085592128206,0.1976418933132426,0.0915908027870056,0.1625,0.0875,0.175,0.3,0.075,0.325,28.875,0.42,-0.01795628840397371,-0.016442588897351618,0.07723907748959116,0.09703227590057317,0.18712379280936486,0.08389357105926748,0.18875,0.07,0.15375,0.25125,0.045,0.24375
forest_random_search_nonloser_3y__label_3y_cagr_ge_0p0_and_3y_max_drawdown_from_entry_lt_0p3__r13,forest_random_search_nonloser_3y__label_3y_cagr_ge_0p0_and_3y_max_drawdown_from_entry_lt_0p3__r13,completed,fwd_3y_cagr >= 0.0 & fwd_3y_max_drawdown_from_entry < 0.3,,3,0,0,{},23,{},"{""criterion"": ""gini"", ""max_depth"": 8, ""max_features"": 0.319827, ""max_samples"": 0.380784, ""min_samples_leaf"": 25, ""n_estimators"": 256}",ab3541218494febb,256351,8215.438550146824,0.38661184485673633,0.5407014889589107,0.6876799821436039,0.2154024398960887,0.23714312627320716,0.74375,0.8367462472976401,0.002465452586653407,0.74375,0.8435957896075786,0.0012327262933267036,0.75,0.8493836933356238,0.0006215426689042203,0.73875,0.8252393103594884,0.0061221952887065695,0.37560859386330203,48329,0.08544139888536681,9159,0.3630178934351729,-0.10562821905207564,-0.0730290445174051,-0.013262331798357452,0.017413271900700078,0.4413241721025813,0.4032790266034234,0.4568423762731567,0.3222924817925423,0.5034308428677867,0.2674106986124493,0.14692745493483544,0.27633206033914437,13.3125,0.428125,-0.01330047879190301,-0.014295444597356433,0.08088136632370826,0.09959761891026409,0.18648650721648502,0.0890695518711499,0.146875,0.059375,0.165625,0.246875,0.040625,0.23125,7.375,0.4625,-0.014851346188142711,-0.005372398628167296,0.07779709503501478,0.10370412981051136,0.18283547248643867,0.08318061021979528,0.13125,0.0625,0.1625,0.23125,0.025,0.225,3.875,0.4,-0.01607165736272064,-0.015515643512160504,0.07660511496405384,0.0928357537293738,0.1751515331367362,0.09087794050119691,0.125,0.05,0.1375,0.175,0.0,0.225,28.625,0.445,-0.011530334091196748,-0.011310645888504722,0.08403805959017357,0.10469512006236892,0.18366024403651704,0.0832352048213591,0.16875,0.06125,0.14875,0.26875,0.04375,0.25875
forest_random_search_nonloser_3y__label_3y_cagr_ge_0p0_and_3y_max_drawdown_from_entry_lt_0p3__r2,forest_random_search_nonloser_3y__label_3y_cagr_ge_0p0_and_3y_max_drawdown_from_entry_lt_0p3__r2,completed,fwd_3y_cagr >= 0.0 & fwd_3y_max_drawdown_from_entry < 0.3,,3,0,0,{},23,{},"{""criterion"": ""gini"", ""max_depth"": 5, ""max_features"": 0.483459, ""max_samples"": 0.732317, ""min_samples_leaf"": 473, ""n_estimators"": 193}",899f7aae28ccae48,256351,8215.438550146824,0.38661184485673633,0.5402069541517087,0.685205221933973,0.21535060075142717,0.23714312627320716,0.7625,0.7525822276267903,0.0025276068535438293,0.775,0.7543327685536897,0.0012845215157353885,0.775,0.7557437737502799,0.0006422607578676942,0.76875,0.7493907202199478,0.006370812356268258,0.38092278368243315,49017,0.08304845961008557,8903,0.3630178934351729,-0.10562821905207564,-0.0730290445174051,-0.013262331798357452,0.017413271900700078,0.4413241721025813,0.4032790266034234,0.4568423762731567,0.3222924817925423,0.5034308428677867,0.2674106986124493,0.14692745493483544,0.27633206033914437,13.9375,0.43125,-0.020475908913773534,-0.019239970448291066,0.07599695435198313,0.09908215053679736,0.18989955231432437,0.10036200630206554,0.165625,0.071875,0.1375,0.259375,0.046875,0.265625,8.0625,0.41875,-0.02264823983877407,-0.01952813566980427,0.07193846552080452,0.09778405390305689,0.1967277983102201,0.10036200630206554,0.15625,0.08125,0.15,0.23125,0.05,0.24375,4.4375,0.4375,-0.019425887221269856,-0.02014334346311797,0.06939402520146433,0.09482394617849399,0.19365842287979335,0.10533045478148584,0.1625,0.1,0.1375,0.2125,0.0625,0.275,31.3125,0.4625,-0.009783653515117625,-0.010236758085197417,0.08764000612636423,0.10631226746290134,0.17494667688110102,0.09201979794682424,0.17,0.06125,0.12,0.295,0.065,0.30125
forest_random_search_nonloser_3y__label_3y_cagr_ge_0p0_and_3y_max_drawdown_from_entry_lt_0p3__r10,forest_random_search_nonloser_3y__label_3y_cagr_ge_0p0_and_3y_max_drawdown_from_entry_lt_0p3__r10,completed,fwd_3y_cagr >= 0.0 & fwd_3y_max_drawdown_from_entry < 0.3,,3,0,0,{},23,{},"{""criterion"": ""entropy"", ""max_depth"": 8, ""max_features"": 0.403615, ""max_samples"": 0.88419, ""min_samples_leaf"": 36, ""n_estimators"": 386}",cf874b673a60d8d3,256351,8215.438550146824,0.38661184485673633,0.5398165600996845,0.6868091291246672,0.21589398894438186,0.23714312627320716,0.734375,0.8524405332963655,0.002434375453208196,0.7625,0.859771211603235,0.0012638034267719147,0.7625,0.8654244911123394,0.0006319017133859573,0.7425,0.8398921291019389,0.006153272422151781,0.3763130088880602,48422,0.07686411005448858,8242,0.3630178934351729,-0.10562821905207564,-0.0730290445174051,-0.013262331798357452,0.017413271900700078,0.4413241721025813,0.4032790266034234,0.4568423762731567,0.3222924817925423,0.5034308428677867,0.2674106986124493,0.14692745493483544,0.27633206033914437,13.0,0.44375,-0.012242710750881281,-0.015725425067596,0.08147751006666057,0.10406032197449266,0.18276518752495824,0.09585282938797479,0.140625,0.065625,0.153125,0.25625,0.034375,0.26875,7.5,0.4625,-0.0048481038474300995,-0.008995609491830758,0.0874117939365033,0.10448756169703699,0.17347351860229593,0.09081071794049722,0.1,0.05625,0.125,0.2625,0.03125,0.275,3.8125,0.5,0.0017575249986106836,1.250931668916877e-05,0.09452974184872934,0.10501751863467679,0.1766764327375473,0.09194112235125945,0.0625,0.05,0.125,0.275,0.0375,0.3125,27.375,0.45375,-0.012374477196054669,-0.016002508772908763,0.08361928592851228,0.10160065909627214,0.18331607891936597,0.09257861247083066,0.16875,0.0725,0.14,0.29125,0.05125,0.28125
forest_random_search_nonloser_3y__label_3y_cagr_ge_0p0_and_3y_max_drawdown_from_entry_lt_0p3__r18,forest_random_search_nonloser_3y__label_3y_cagr_ge_0p0_and_3y_max_drawdown_from_entry_lt_0p3__r18,completed,fwd_3y_cagr >= 0.0 & fwd_3y_max_drawdown_from_entry < 0.3,,3,0,0,{},23,{},"{""criterion"": ""entropy"", ""max_depth"": 6, ""max_features"": 0.23996, ""max_samples"": 0.804105, ""min_samples_leaf"": 64, ""n_estimators"": 369}",93de0a8b82fb9e99,256351,8215.438550146824,0.38661184485673633,0.5386114993563,0.6880229200381154,0.21505628818539613,0.23714312627320716,0.765625,0.8099089101093337,0.0025379658980255663,0.79375,0.8159706913531446,0.0013155986491805995,0.7875,0.8205390369707161,0.0006526198023494313,0.755,0.7995249853924706,0.006256862866969151,0.37773219798205815,48605,0.08411544119170447,9016,0.3630178934351729,-0.10562821905207564,-0.0730290445174051,-0.013262331798357452,0.017413271900700078,0.4413241721025813,0.4032790266034234,0.4568423762731567,0.3222924817925423,0.5034308428677867,0.2674106986124493,0.14692745493483544,0.27633206033914437,13.3125,0.465625,-0.01020753942459218,-0.007693108109895597,0.08248808914898882,0.10664804449919918,0.17352228258032434,0.08208794244500722,0.134375,0.071875,0.125,0.290625,0.04375,0.290625,7.3125,0.45,-0.018808120509485767,-0.009850534154205781,0.07344858671183586,0.10386826549524175,0.1769401094745804,0.083226107554698,0.125,0.075,0.11875,0.275,0.03125,0.275,3.75,0.5,-0.016512092354575975,0.001968318809591141,0.07538876666809766,0.11126810002003407,0.18204672600600597,0.09012106104412798,0.1375,0.1,0.125,0.3,0.0625,0.3125,28.25,0.4525,-0.011116533865972783,-0.01293681716714945,0.08540236398392881,0.10487116279214037,0.1758804638098804,0.08385176556578744,0.165,0.06875,0.1225,0.28125,0.05,0.27625
forest_random_search_nonloser_3y__label_3y_cagr_ge_0p0_and_3y_max_drawdown_from_entry_lt_0p3__r5,forest_random_search_nonloser_3y__label_3y_cagr_ge_0p0_and_3y_max_drawdown_from_entry_lt_0p3__r5,completed,fwd_3y_cagr >= 0.0 & fwd_3y_max_drawdown_from_entry < 0.3,,3,0,0,{},23,{},"{""criterion"": ""gini"", ""max_depth"": 6, ""max_features"": 0.468423, ""max_samples"": 0.980141, ""min_samples_leaf"": 142, ""n_estimators"": 245}",61b4a6b7091f5196,256351,8215.438550146824,0.38661184485673633,0.5378357754029625,0.6851959558181305,0.21599881114275782,0.23714312627320716,0.734375,0.8225321819190426,0.002434375453208196,0.7375,0.8284293365770885,0.0012223672488449666,0.7625,0.8325401263266086,0.0006319017133859573,0.735,0.8135358797977095,0.006091118155261359,0.3703047630886527,47653,0.07795180972507096,8357,0.3630178934351729,-0.10562821905207564,-0.0730290445174051,-0.013262331798357452,0.017413271900700078,0.4413241721025813,0.4032790266034234,0.4568423762731567,0.3222924817925423,0.5034308428677867,0.2674106986124493,0.14692745493483544,0.27633206033914437,13.25,0.434375,-0.011555715829727527,-0.016404042160936827,0.08180575489723671,0.10322297551688353,0.19023911902471285,0.09243533361706147,0.15625,0.078125,0.153125,0.25625,0.05625,0.278125,7.25,0.475,-0.008555760913855745,-0.00597204814475738,0.0829354398107373,0.09935293385642152,0.1881975193752191,0.09420857802222221,0.1375,0.06875,0.15625,0.2375,0.04375,0.28125,3.9375,0.5375,0.008026709345564449,0.00908000389513064,0.09809088802543273,0.11088109116457057,0.1874053492452908,0.09420857802222221,0.0875,0.0625,0.1375,0.325,0.0625,0.35,28.4375,0.4475,-0.013218627505469593,-0.013882391118778759,0.08306963145867888,0.10487116279214037,0.1888789459064357,0.08800980820026877,0.17625,0.08125,0.14875,0.29,0.055,0.2725
forest_random_search_nonloser_3y__label_3y_cagr_ge_0p0_and_3y_max_drawdown_from_entry_lt_0p3__r17,forest_random_search_nonloser_3y__label_3y_cagr_ge_0p0_and_3y_max_drawdown_from_entry_lt_0p3__r17,completed,fwd_3y_cagr >= 0.0 & fwd_3y_max_drawdown_from_entry < 0.3,,3,0,0,{},23,{},"{""criterion"": ""entropy"", ""max_depth"": 4, ""max_features"": 0.385374, ""max_samples"": 0.704265, ""min_samples_leaf"": 213, ""n_estimators"": 481}",1928fc9c78768a6d,256351,8215.438550146824,0.38661184485673633,0.5375509067285639,0.6859714644433473,0.21535428152272795,0.23714312627320716,0.75625,0.7633231483308123,0.0025068887645803553,0.74375,0.7660203319412303,0.0012327262933267036,0.7625,0.7683261639984718,0.0006319017133859573,0.75875,0.7586477521045824,0.006287940000414362,0.3758572109308637,48363,0.08821762280647233,9456,0.3630178934351729,-0.10562821905207564,-0.0730290445174051,-0.013262331798357452,0.017413271900700078,0.4413241721025813,0.4032790266034234,0.4568423762731567,0.3222924817925423,0.5034308428677867,0.2674106986124493,0.14692745493483544,0.27633206033914437,14.125,0.490625,-0.006855852406605588,-0.0015698495192506545,0.08590580743208413,0.10883014510090805,0.17712463972959624,0.08139697620287667,0.153125,0.075,0.125,0.309375,0.0625,0.303125,7.4375,0.41875,-0.02116250398590192,-0.021993965544566785,0.07111185379060492,0.09217429448875436,0.1835640961399055,0.0827110524637037,0.16875,0.1,0.13125,0.25625,0.05625,0.26875,4.0625,0.3875,-0.02574821486336671,-0.030081425674670426,0.06502743508911527,0.06599228742167973,0.18979237537733437,0.10036200630206554,0.1875,0.1,0.1375,0.275,0.0625,0.2875,29.0625,0.45625,-0.012934650773050196,-0.012309654817545812,0.0846974270513674,0.10709979436907724,0.18136547894455227,0.08556731121168842,0.17125,0.08375,0.1325,0.305,0.055,0.28125
forest_random_search_nonloser_3y__label_3y_cagr_ge_0p0_and_3y_max_drawdown_from_entry_lt_0p3__r12,forest_random_search_nonloser_3y__label_3y_cagr_ge_0p0_and_3y_max_drawdown_from_entry_lt_0p3__r12,completed,fwd_3y_cagr >= 0.0 & fwd_3y_max_drawdown_from_entry < 0.3,,3,0,0,{},23,{},"{""criterion"": ""gini"", ""max_depth"": 12, ""max_features"": 0.579564, ""max_samples"": 0.995533, ""min_samples_leaf"": 331, ""n_estimators"": 416}",6d3cfd6c189aa690,256351,8215.438550146824,0.38661184485673633,0.537510782410604,0.6846493024230283,0.21619215847516732,0.23714312627320716,0.721875,0.8029330706162521,0.002392939275281248,0.75625,0.8065716394564257,0.0012534443822901776,0.775,0.808986819117238,0.0006422607578676942,0.7375,0.7963786386052765,0.006111836244224833,0.37053266206725094,47680,0.07441937555679864,7976,0.3630178934351729,-0.10562821905207564,-0.0730290445174051,-0.013262331798357452,0.017413271900700078,0.4413241721025813,0.4032790266034234,0.4568423762731567,0.3222924817925423,0.5034308428677867,0.2674106986124493,0.14692745493483544,0.27633206033914437,14.0625,0.4375,-0.017092985896130165,-0.015173877046423867,0.07692041675174979,0.10125635694210022,0.20453138150173683,0.09615702809944648,0.190625,0.0875,0.159375,0.275,0.05625,0.284375,7.8125,0.4625,-0.010439993450159103,-0.015934195088574743,0.07942704086427899,0.09537507656409772,0.19745213388798924,0.10532025353270957,0.15,0.0875,0.1375,0.275,0.05,0.3,3.9375,0.5,-0.006277344527719772,-0.0025578577200967567,0.08439828971225254,0.10547491855084734,0.20539280511243638,0.10721049621120576,0.125,0.0875,0.1375,0.3125,0.075,0.35,29.1875,0.42875,-0.01770460538205189,-0.017737456701174437,0.07945980531064484,0.10115279505957442,0.18902654861783247,0.0908747370978284,0.18875,0.08625,0.145,0.295,0.0625,0.27125
forest_random_search_nonloser_3y__label_3y_cagr_ge_0p0_and_3y_max_drawdown_from_entry_lt_0p3__r15,forest_random_search_nonloser_3y__label_3y_cagr_ge_0p0_and_3y_max_drawdown_from_entry_lt_0p3__r15,completed,fwd_3y_cagr >= 0.0 & fwd_3y_max_drawdown_from_entry < 0.3,,3,0,0,{},23,{},"{""criterion"": ""gini"", ""max_depth"": 3, ""max_features"": 0.468374, ""max_samples"": 0.41722, ""min_samples_leaf"": 34, ""n_estimators"": 250}",5045db6044528d83,256351,8215.438550146824,0.38661184485673633,0.534931189936952,0.6835809478162405,0.2157354547886859,0.23714312627320716,0.775,0.7292285447666716,0.002569043031470777,0.75,0.7307812326029232,0.0012430853378084406,0.7125,0.7319472235412477,0.0005904655354590093,0.77875,0.7263179589883021,0.006453684712122154,0.3743758675699753,48179,0.09235088155468539,9897,0.3630178934351729,-0.10562821905207564,-0.0730290445174051,-0.013262331798357452,0.017413271900700078,0.4413241721025813,0.4032790266034234,0.4568423762731567,0.3222924817925423,0.5034308428677867,0.2674106986124493,0.14692745493483544,0.27633206033914437,13.6875,0.465625,-0.011891011888213824,-0.009850534154205781,0.08294850510420337,0.1049013229857666,0.16869276178198694,0.08276471963209919,0.15625,0.071875,0.125,0.3,0.046875,0.2625,7.8125,0.475,-0.015210824487041941,-0.004943371521568762,0.07724612125304467,0.10565799792335673,0.18712638819485283,0.08804903738369774,0.16875,0.09375,0.15,0.30625,0.0375,0.24375,3.9375,0.4,-0.023166947576947004,-0.02014334346311797,0.06774133863756532,0.10189521000555912,0.20380872306927378,0.07909337886207712,0.1875,0.1125,0.2125,0.25,0.025,0.2125,29.875,0.48875,-0.006283467105506939,-0.0030349618658336297,0.0890697285016329,0.10905372213076692,0.16506330111032472,0.07766023068233108,0.155,0.06625,0.1175,0.31,0.05,0.28625
forest_random_search_nonloser_3y__label_3y_cagr_ge_0p0_and_3y_max_drawdown_from_entry_lt_0p3__r0,forest_random_search_nonloser_3y__label_3y_cagr_ge_0p0_and_3y_max_drawdown_from_entry_lt_0p3__r0,completed,fwd_3y_cagr >= 0.0 & fwd_3y_max_drawdown_from_entry < 0.3,,3,0,0,{},23,{},"{""criterion"": ""entropy"", ""max_depth"": 3, ""max_features"": 0.328477, ""max_samples"": 0.663464, ""min_samples_leaf"": 47, ""n_estimators"": 351}",3600c04141bddf29,256351,8215.438550146824,0.38661184485673633,0.5345276150739608,0.6846064764309244,0.21542321519541788,0.23714312627320716,0.778125,0.721958614984429,0.002579402075952514,0.8125,0.723347356010174,0.0013466757826258106,0.8,0.7243211963125583,0.0006629788468311683,0.755,0.7189550379768306,0.006256862866969151,0.3719725692502124,47856,0.09483705223030228,10168,0.3630178934351729,-0.10562821905207564,-0.0730290445174051,-0.013262331798357452,0.017413271900700078,0.4413241721025813,0.4032790266034234,0.4568423762731567,0.3222924817925423,0.5034308428677867,0.2674106986124493,0.14692745493483544,0.27633206033914437,14.4375,0.48125,-0.013141196657890954,-0.004248316303811284,0.0829563380686609,0.10924321274698601,0.15699422344890238,0.06366119411229149,0.146875,0.0625,0.10625,0.303125,0.0375,0.284375,7.3125,0.4625,-0.014408834787094663,-0.00910414492689926,0.08138206403015502,0.10924321274698601,0.1517127730242682,0.06154858243558742,0.125,0.0625,0.0875,0.3,0.03125,0.275,4.125,0.4375,-0.020146309135211482,-0.013696948776435347,0.07246787693815264,0.1059416423403663,0.16853673892064497,0.059385886911248464,0.1625,0.075,0.125,0.325,0.0375,0.2625,30.625,0.47625,-0.011781896225659257,-0.005499475793795006,0.08470516610374686,0.10973015144151321,0.1698406027279688,0.07850722492298606,0.175,0.075,0.12125,0.3,0.045,0.26125
forest_random_search_nonloser_3y__label_3y_cagr_ge_0p0_and_3y_max_drawdown_from_entry_lt_0p3__r16,forest_random_search_nonloser_3y__label_3y_cagr_ge_0p0_and_3y_max_drawdown_from_entry_lt_0p3__r16,completed,fwd_3y_cagr >= 0.0 & fwd_3y_max_drawdown_from_entry < 0.3,,3,0,0,{},23,{},"{""criterion"": ""entropy"", ""max_depth"": 5, ""max_features"": 0.106297, ""max_samples"": 0.692577, ""min_samples_leaf"": 97, ""n_estimators"": 262}",8af394b115910902,256351,8215.438550146824,0.38661184485673633,0.5344811013735467,0.6870568889136857,0.2148016146084571,0.23714312627320716,0.778125,0.7472811287461629,0.002579402075952514,0.74375,0.7519780880510312,0.0012327262933267036,0.7375,0.7561740647383124,0.0006111836244224833,0.74375,0.7399197394849786,0.0061636314666335176,0.37457268941512833,48203,0.09571757101124992,10262,0.3630178934351729,-0.10562821905207564,-0.0730290445174051,-0.013262331798357452,0.017413271900700078,0.4413241721025813,0.4032790266034234,0.4568423762731567,0.3222924817925423,0.5034308428677867,0.2674106986124493,0.14692745493483544,0.27633206033914437,13.3125,0.465625,-0.007104501912711908,-0.008608346950288226,0.08714179767229875,0.10243697946071328,0.16723847623436086,0.08110735678223008,0.121875,0.05,0.1125,0.24375,0.059375,0.296875,7.4375,0.41875,-0.01492648432531957,-0.018343443202665344,0.07876407161594152,0.08756967702697349,0.18846619414510618,0.09315739905907577,0.1375,0.0625,0.1375,0.225,0.08125,0.26875,4.125,0.4375,-0.01415077078276476,-0.018269662820338817,0.07764682244428908,0.0928357537293738,0.19913453307667575,0.09206853341513949,0.1625,0.075,0.1375,0.225,0.1125,0.2875,29.0625,0.43125,-0.017182979803276526,-0.015191602667416815,0.07826344063552679,0.100416842340466,0.18663402617228836,0.08318790521368102,0.1775,0.075,0.145,0.2575,0.03125,0.24
forest_random_search_nonloser_3y__label_3y_cagr_ge_0p0_and_3y_max_drawdown_from_entry_lt_0p3__r4,forest_random_search_nonloser_3y__label_3y_cagr_ge_0p0_and_3y_max_drawdown_from_entry_lt_0p3__r4,completed,fwd_3y_cagr >= 0.0 & fwd_3y_max_drawdown_from_entry < 0.3,,3,0,0,{},23,{},"{""criterion"": ""gini"", ""max_depth"": 3, ""max_features"": 0.573732, ""max_samples"": 0.960684, ""min_samples_leaf"": 56, ""n_estimators"": 409}",f96ec5ef64dc5905,256351,8215.438550146824,0.38661184485673633,0.5332197974130288,0.6819132749455374,0.21623167510103403,0.23714312627320716,0.76875,0.7335110634757498,0.002548324942507303,0.75,0.7344780095406963,0.0012430853378084406,0.7375,0.7350661131772622,0.0006111836244224833,0.76875,0.7315282985697942,0.006370812356268258,0.3725733938301531,47942,0.0849338057057617,9107,0.3630178934351729,-0.10562821905207564,-0.0730290445174051,-0.013262331798357452,0.017413271900700078,0.4413241721025813,0.4032790266034234,0.4568423762731567,0.3222924817925423,0.5034308428677867,0.2674106986124493,0.14692745493483544,0.27633206033914437,14.6875,0.471875,-0.009753085187025546,-0.007172647030778911,0.08494843156539937,0.10647865425877567,0.16997064896869188,0.07914107834752576,0.171875,0.09375,0.125,0.315625,0.08125,0.303125,8.25,0.45,-0.010504691590717262,-0.01620900394556124,0.08331063223662752,0.10550535043400822,0.1789411183121272,0.07677738780118937,0.175,0.0875,0.13125,0.30625,0.0875,0.31875,4.4375,0.475,-0.003668421026094555,-0.00597204814475738,0.08554949311828072,0.10664804449919918,0.18271943699350235,0.06479805347345968,0.15,0.0625,0.15,0.3125,0.05,0.375,29.9375,0.4825,-0.00920855447791701,-0.0051506819338569265,0.08730900132469006,0.10767181243943869,0.1728691471223533,0.08227255266399486,0.16875,0.07625,0.1225,0.31625,0.06375,0.2975
forest_random_search_nonloser_3y__label_3y_cagr_ge_0p0_and_3y_max_drawdown_from_entry_lt_0p3__r9,forest_random_search_nonloser_3y__label_3y_cagr_ge_0p0_and_3y_max_drawdown_from_entry_lt_0p3__r9,completed,fwd_3y_cagr >= 0.0 & fwd_3y_max_drawdown_from_entry < 0.3,,3,0,0,{},23,{},"{""criterion"": ""gini"", ""max_depth"": 3, ""max_features"": 0.180014, ""max_samples"": 0.961613, ""min_samples_leaf"": 333, ""n_estimators"": 381}",68c701ccab222c5b,256351,8215.438550146824,0.38661184485673633,0.5310520596543472,0.6833723804333911,0.21559021563822403,0.23714312627320716,0.746875,0.6856080804317835,0.0024758116311351442,0.775,0.6868529002543968,0.0012845215157353885,0.7625,0.6877783216456855,0.0006319017133859573,0.765,0.6835597104672124,0.0063397352228230465,0.37101953715789254,47748,0.09790332939689643,10497,0.3630178934351729,-0.10562821905207564,-0.0730290445174051,-0.013262331798357452,0.017413271900700078,0.4413241721025813,0.4032790266034234,0.4568423762731567,0.3222924817925423,0.5034308428677867,0.2674106986124493,0.14692745493483544,0.27633206033914437,14.8125,0.428125,-0.02163547924291597,-0.01543271908270788,0.0743123050199919,0.09549200895386734,0.17662375599011934,0.07220290491914566,0.1875,0.06875,0.14375,0.246875,0.0375,0.240625,7.875,0.4375,-0.019197249936533246,-0.013786548742734439,0.07587872491152454,0.0971539427135516,0.1624900284110653,0.06640535226514,0.15625,0.0625,0.125,0.2125,0.025,0.24375,4.0,0.45,-0.030007636098954203,-0.006258513806837951,0.0658958273963937,0.0805946546978874,0.1710122719478232,0.05988696598240112,0.1625,0.0875,0.1375,0.225,0.05,0.25,30.75,0.45375,-0.014422422549129758,-0.011231878708597598,0.08172389184900154,0.10472566971770592,0.17103094286858414,0.07685977085432877,0.17625,0.07375,0.125,0.28125,0.03625,0.25875
