run,candidate,status,label,eval_label,horizon_years,feature_set,param_set,set_params,seed,grid_params,sampled_params,config_hash,n_test,effective_n,base_rate,pr_auc,roc_auc,brier,base_rate_brier,precision_at_20,conf_at_20,recall_at_20,precision_at_50,conf_at_50,recall_at_50,recall_at_prec_0.75,n_at_prec_0.75,recall_at_prec_0.9,n_at_prec_0.9,all_mean_label_3y_beat_spy,all_mean_fwd_3y_excess_cagr,all_median_fwd_3y_excess_cagr,all_mean_fwd_3y_cagr,all_median_fwd_3y_cagr,all_mean_label_3y_cagr_lt_0p0,n_stocks_at_20,pick_mean_label_3y_beat_spy_at_20,pick_mean_fwd_3y_excess_cagr_at_20,pick_median_fwd_3y_excess_cagr_at_20,pick_mean_fwd_3y_cagr_at_20,pick_median_fwd_3y_cagr_at_20,pick_mean_label_3y_cagr_lt_0p0_at_20,n_stocks_at_50,pick_mean_label_3y_beat_spy_at_50,pick_mean_fwd_3y_excess_cagr_at_50,pick_median_fwd_3y_excess_cagr_at_50,pick_mean_fwd_3y_cagr_at_50,pick_median_fwd_3y_cagr_at_50,pick_mean_label_3y_cagr_lt_0p0_at_50
forest_piotroski_3y__label_3y_cagr_ge_0p0_and_3y_max_drawdown_from_entry_lt_0p3__fs1__s1776,forest_piotroski_3y__label_3y_cagr_ge_0p0_and_3y_max_drawdown_from_entry_lt_0p3__fs1,completed,fwd_3y_cagr >= 0.0 & fwd_3y_max_drawdown_from_entry < 0.3,,3,1,0,"{""criterion"": ""entropy"", ""max_depth"": 4, ""max_features"": 1.0, ""max_samples"": 0.663781, ""min_samples_leaf"": 72, ""n_estimators"": 490}",1776,{},{},a4c1cc5fb47d02a2,256351,8215.438550146824,0.38661184485673633,0.48594182826086824,0.6437388929415768,0.22283803141669847,0.23714312627320716,0.51875,0.613133702815452,0.0017196013839683427,0.5425,0.6129725714169655,0.00449582530507386,0.07740278036753889,9776,0.0,0,0.3630178934351729,-0.10562821905207564,-0.0730290445174051,-0.013262331798357452,0.017413271900700078,0.4568423762731567,11.9375,0.371875,-0.06048968706273231,-0.04378541414233983,0.033814560606760934,0.059150429677251815,0.34375,27.25,0.395,-0.0444915893728483,-0.031447590661653035,0.05063972178025228,0.06975516018600947,0.3025
forest_piotroski_3y__label_3y_cagr_ge_0p0_and_3y_max_drawdown_from_entry_lt_0p3__fs1__s232,forest_piotroski_3y__label_3y_cagr_ge_0p0_and_3y_max_drawdown_from_entry_lt_0p3__fs1,completed,fwd_3y_cagr >= 0.0 & fwd_3y_max_drawdown_from_entry < 0.3,,3,1,0,"{""criterion"": ""entropy"", ""max_depth"": 4, ""max_features"": 1.0, ""max_samples"": 0.663781, ""min_samples_leaf"": 72, ""n_estimators"": 490}",232,{},{},95d884a5f263fe59,256351,8215.438550146824,0.38661184485673633,0.4855969693586838,0.6439651011980139,0.22287577207913714,0.23714312627320716,0.525,0.6130523429125924,0.0017403194729318167,0.52625,0.6128745039472862,0.004361157726811279,0.07816934965918744,9851,0.0,0,0.3630178934351729,-0.10562821905207564,-0.0730290445174051,-0.013262331798357452,0.017413271900700078,0.4568423762731567,11.0625,0.403125,-0.054163182879712536,-0.037602120957083596,0.04110804470601641,0.07294591190694244,0.309375,25.0625,0.42,-0.04237447440344388,-0.026746583188616557,0.053009539248181296,0.07692161176462753,0.2925
forest_piotroski_3y__label_3y_cagr_ge_0p0_and_3y_max_drawdown_from_entry_lt_0p3__fs1__s23,forest_piotroski_3y__label_3y_cagr_ge_0p0_and_3y_max_drawdown_from_entry_lt_0p3__fs1,completed,fwd_3y_cagr >= 0.0 & fwd_3y_max_drawdown_from_entry < 0.3,,3,1,0,"{""criterion"": ""entropy"", ""max_depth"": 4, ""max_features"": 1.0, ""max_samples"": 0.663781, ""min_samples_leaf"": 72, ""n_estimators"": 490}",23,{},{},afdedee970105b52,256351,8215.438550146824,0.38661184485673633,0.4850904352825355,0.6438839659937673,0.2228329247222647,0.23714312627320716,0.509375,0.6139437932237384,0.0016885242505231318,0.52875,0.6138041247154491,0.004381875815774753,0.08958501667806161,11394,0.00010359044481737003,10,0.3630178934351729,-0.10562821905207564,-0.0730290445174051,-0.013262331798357452,0.017413271900700078,0.4568423762731567,11.5625,0.384375,-0.050439129253259586,-0.03268267928856117,0.04406225416509956,0.07716091212066511,0.321875,26.625,0.4,-0.04465103793655948,-0.027606777679017203,0.05033325333890972,0.07488110907559609,0.31
forest_piotroski_3y__label_3y_cagr_ge_0p0_and_3y_max_drawdown_from_entry_lt_0p3__fs2__s23,forest_piotroski_3y__label_3y_cagr_ge_0p0_and_3y_max_drawdown_from_entry_lt_0p3__fs2,completed,fwd_3y_cagr >= 0.0 & fwd_3y_max_drawdown_from_entry < 0.3,,3,2,0,"{""criterion"": ""entropy"", ""max_depth"": 4, ""max_features"": 1.0, ""max_samples"": 0.663781, ""min_samples_leaf"": 72, ""n_estimators"": 490}",23,{},{},ffad820466db9b37,256351,8215.438550146824,0.38661184485673633,0.4826169626878902,0.6428881734394267,0.22288130375784082,0.23714312627320716,0.49375,0.6131206251339303,0.0016367290281144467,0.53375,0.612968500115036,0.004423311993701701,0.08575217021981893,10962,0.00010359044481737005,10,0.3630178934351729,-0.10562821905207564,-0.0730290445174051,-0.013262331798357452,0.017413271900700078,0.4568423762731567,11.6875,0.371875,-0.05536976329370434,-0.035288786860818155,0.039538575493918766,0.07029314607638548,0.328125,26.6875,0.4,-0.04498575919204483,-0.026626829227224258,0.05028165963468736,0.076002927771185,0.305
forest_piotroski_3y__label_3y_cagr_ge_0p0_and_3y_max_drawdown_from_entry_lt_0p3__fs2__s1776,forest_piotroski_3y__label_3y_cagr_ge_0p0_and_3y_max_drawdown_from_entry_lt_0p3__fs2,completed,fwd_3y_cagr >= 0.0 & fwd_3y_max_drawdown_from_entry < 0.3,,3,2,0,"{""criterion"": ""entropy"", ""max_depth"": 4, ""max_features"": 1.0, ""max_samples"": 0.663781, ""min_samples_leaf"": 72, ""n_estimators"": 490}",1776,{},{},a207ba8c279c750e,256351,8215.438550146824,0.38661184485673633,0.4819764476118683,0.6426250248826726,0.2228785687258295,0.23714312627320716,0.48125,0.6117404754092927,0.0015952928501874986,0.51,0.6115927584530991,0.004226490148548698,0.08689166511280999,11114,0.0,0,0.3630178934351729,-0.10562821905207564,-0.0730290445174051,-0.013262331798357452,0.017413271900700078,0.4568423762731567,11.9375,0.334375,-0.08126925246650495,-0.05564559487836612,0.014354923159404107,0.04287522085462814,0.38125,28.3125,0.36125,-0.05527003345495068,-0.03506018145976725,0.04042969842227117,0.06628241797767842,0.3225
forest_piotroski_3y__label_3y_cagr_ge_0p0_and_3y_max_drawdown_from_entry_lt_0p3__fs2__s232,forest_piotroski_3y__label_3y_cagr_ge_0p0_and_3y_max_drawdown_from_entry_lt_0p3__fs2,completed,fwd_3y_cagr >= 0.0 & fwd_3y_max_drawdown_from_entry < 0.3,,3,2,0,"{""criterion"": ""entropy"", ""max_depth"": 4, ""max_features"": 1.0, ""max_samples"": 0.663781, ""min_samples_leaf"": 72, ""n_estimators"": 490}",232,{},{},4614764def21306e,256351,8215.438550146824,0.38661184485673633,0.48178433868663073,0.642576529851079,0.22292042674692342,0.23714312627320716,0.50625,0.6120813651684566,0.0016781652060413948,0.545,0.6119026059448021,0.004516543394037334,0.08505811423954254,10877,0.0,0,0.3630178934351729,-0.10562821905207564,-0.0730290445174051,-0.013262331798357452,0.017413271900700078,0.4568423762731567,12.0625,0.390625,-0.05590346290216112,-0.03419004604318987,0.03934083366955245,0.07078900929798349,0.334375,26.0625,0.40125,-0.046947034443167474,-0.024050160662249187,0.0481131851866454,0.07736756515726562,0.30375
forest_piotroski_3y__label_3y_cagr_ge_0p0_and_3y_max_drawdown_from_entry_lt_0p3__fs0__s23,forest_piotroski_3y__label_3y_cagr_ge_0p0_and_3y_max_drawdown_from_entry_lt_0p3__fs0,completed,fwd_3y_cagr >= 0.0 & fwd_3y_max_drawdown_from_entry < 0.3,,3,0,0,"{""criterion"": ""entropy"", ""max_depth"": 4, ""max_features"": 1.0, ""max_samples"": 0.663781, ""min_samples_leaf"": 72, ""n_estimators"": 490}",23,{},{},2eed979afebd3970,256351,8215.438550146824,0.38661184485673633,0.457825839030193,0.5989386592030249,0.23062945905314566,0.23714312627320716,0.459375,0.5289643216073102,0.0015227795388153397,0.48125,0.5289643216073102,0.003988232125468747,0.009260985766672883,1177,0.0,0,0.3630178934351729,-0.10562821905207564,-0.0730290445174051,-0.013262331798357452,0.017413271900700078,0.4568423762731567,14.5625,0.378125,-0.08417227738297614,-0.059917688379341416,0.015888486639365602,0.04132922862054644,0.378125,35.4375,0.42,-0.048286345085658385,-0.03141991776619857,0.04995212952065468,0.07068857973844689,0.335
forest_piotroski_3y__label_3y_cagr_ge_0p0_and_3y_max_drawdown_from_entry_lt_0p3__fs0__s1776,forest_piotroski_3y__label_3y_cagr_ge_0p0_and_3y_max_drawdown_from_entry_lt_0p3__fs0,completed,fwd_3y_cagr >= 0.0 & fwd_3y_max_drawdown_from_entry < 0.3,,3,0,0,"{""criterion"": ""entropy"", ""max_depth"": 4, ""max_features"": 1.0, ""max_samples"": 0.663781, ""min_samples_leaf"": 72, ""n_estimators"": 490}",1776,{},{},85e5193beadee81d,256351,8215.438550146824,0.38661184485673633,0.4575431268972988,0.5987931419506096,0.23066511491044878,0.23714312627320716,0.45625,0.5285690298845942,0.0015124204943336027,0.48,0.5285690298845942,0.0039778730809870095,0.009260985766672883,1177,0.0,0,0.3630178934351729,-0.10562821905207564,-0.0730290445174051,-0.013262331798357452,0.017413271900700078,0.4568423762731567,14.4375,0.3875,-0.07921660850740092,-0.048048592564657155,0.02049653045062862,0.04022069725564659,0.371875,35.1875,0.4275,-0.04330547353333106,-0.028017673295840484,0.05439622281535488,0.07207397160021412,0.33125
forest_piotroski_3y__label_3y_cagr_ge_0p0_and_3y_max_drawdown_from_entry_lt_0p3__fs0__s232,forest_piotroski_3y__label_3y_cagr_ge_0p0_and_3y_max_drawdown_from_entry_lt_0p3__fs0,completed,fwd_3y_cagr >= 0.0 & fwd_3y_max_drawdown_from_entry < 0.3,,3,0,0,"{""criterion"": ""entropy"", ""max_depth"": 4, ""max_features"": 1.0, ""max_samples"": 0.663781, ""min_samples_leaf"": 72, ""n_estimators"": 490}",232,{},{},d4389fc9537aefb5,256351,8215.438550146824,0.38661184485673633,0.45701549567542066,0.5985392234810742,0.23066857572091826,0.23714312627320716,0.459375,0.5278534605284995,0.0015227795388153397,0.48125,0.5278534605284994,0.003988232125468747,0.009260985766672883,1177,0.0,0,0.3630178934351729,-0.10562821905207564,-0.0730290445174051,-0.013262331798357452,0.017413271900700078,0.4568423762731567,14.5625,0.378125,-0.08417227738297614,-0.059917688379341416,0.015888486639365602,0.04132922862054644,0.378125,35.4375,0.42,-0.048286345085658385,-0.03141991776619857,0.04995212952065468,0.07068857973844689,0.335
forest_piotroski_3y__label_3y_beat_spy__fs2__s23,forest_piotroski_3y__label_3y_beat_spy__fs2,completed,label_3y_beat_spy,,3,2,0,"{""criterion"": ""entropy"", ""max_depth"": 4, ""max_features"": 1.0, ""max_samples"": 0.663781, ""min_samples_leaf"": 72, ""n_estimators"": 490}",23,{},{},da7c2ef98bae36a6,256351,8215.438550146824,0.3535010191664152,0.4545154053774182,0.614455828058841,0.2396111848891605,0.22853804861472096,0.3625,0.6380069441808379,0.0012465076294863528,0.40125,0.6373159881729712,0.0034493874919406834,0.0007199656135826348,89,0.0,0,0.3630178934351729,-0.10562821905207564,-0.0730290445174051,-0.013262331798357452,0.017413271900700078,0.4568423762731567,13.75,0.3625,-0.0781656409939209,-0.0414445817827942,0.015106786376842877,0.06071979283244855,0.35625,30.25,0.40125,-0.05080834473624107,-0.03472170271780983,0.04620317424172888,0.06827881759285914,0.3425
forest_piotroski_3y__label_3y_beat_spy__fs2__s1776,forest_piotroski_3y__label_3y_beat_spy__fs2,completed,label_3y_beat_spy,,3,2,0,"{""criterion"": ""entropy"", ""max_depth"": 4, ""max_features"": 1.0, ""max_samples"": 0.663781, ""min_samples_leaf"": 72, ""n_estimators"": 490}",1776,{},{},de0369450ddb6c42,256351,8215.438550146824,0.3535010191664152,0.454494857965521,0.6145084229642951,0.2396368265216482,0.22853804861472096,0.35625,0.6384538831199696,0.00122501611863314,0.38625,0.6377614097981169,0.0033204384268214057,0.0007199656135826348,89,0.0,0,0.3630178934351729,-0.10562821905207564,-0.0730290445174051,-0.013262331798357452,0.017413271900700078,0.4568423762731567,13.875,0.35625,-0.07608928280619007,-0.04135820434340176,0.017313327059551496,0.05148168464983527,0.36875,30.875,0.38625,-0.05925725343162862,-0.03716025158981939,0.03809484449305797,0.06136197759075579,0.35375
forest_piotroski_3y__label_3y_beat_spy__fs2__s232,forest_piotroski_3y__label_3y_beat_spy__fs2,completed,label_3y_beat_spy,,3,2,0,"{""criterion"": ""entropy"", ""max_depth"": 4, ""max_features"": 1.0, ""max_samples"": 0.663781, ""min_samples_leaf"": 72, ""n_estimators"": 490}",232,{},{},7660658e967f0858,256351,8215.438550146824,0.3535010191664152,0.45437632970482456,0.6144873713078836,0.23959995275459423,0.22853804861472096,0.346875,0.6378908551383973,0.0011927788523533205,0.38625,0.6372800959886377,0.0033204384268214057,0.0007199656135826348,89,0.0,0,0.3630178934351729,-0.10562821905207564,-0.0730290445174051,-0.013262331798357452,0.017413271900700078,0.4568423762731567,13.5,0.346875,-0.08823175085995863,-0.04542335364327055,0.005770891093876862,0.05814931308617266,0.36875,30.75,0.38625,-0.05720345637510624,-0.037950046951903404,0.039818714115714804,0.06575864720439739,0.355
forest_piotroski_3y__label_3y_beat_spy__fs1__s23,forest_piotroski_3y__label_3y_beat_spy__fs1,completed,label_3y_beat_spy,,3,1,0,"{""criterion"": ""entropy"", ""max_depth"": 4, ""max_features"": 1.0, ""max_samples"": 0.663781, ""min_samples_leaf"": 72, ""n_estimators"": 490}",23,{},{},77867226786b4d9f,256351,8215.438550146824,0.3535010191664152,0.4541640836202998,0.6145373469678443,0.23964123894668166,0.22853804861472096,0.353125,0.6367635106976305,0.0012142703632065334,0.40375,0.6361515723935054,0.0034708790027938963,0.0007199656135826348,89,0.0,0,0.3630178934351729,-0.10562821905207564,-0.0730290445174051,-0.013262331798357452,0.017413271900700078,0.4568423762731567,13.75,0.353125,-0.0867139835437746,-0.04334709962677408,0.011528957739692655,0.05071567578085456,0.371875,31.375,0.40375,-0.05294716467833258,-0.037641015404117684,0.04411152236745463,0.05992986822185076,0.35125
forest_piotroski_3y__label_3y_beat_spy__fs1__s1776,forest_piotroski_3y__label_3y_beat_spy__fs1,completed,label_3y_beat_spy,,3,1,0,"{""criterion"": ""entropy"", ""max_depth"": 4, ""max_features"": 1.0, ""max_samples"": 0.663781, ""min_samples_leaf"": 72, ""n_estimators"": 490}",1776,{},{},0417d6d6944d581e,256351,8215.438550146824,0.3535010191664152,0.4541250355313772,0.6145693065426497,0.23966463972820487,0.22853804861472096,0.346875,0.6371696983183529,0.0011927788523533205,0.41,0.6365407405827473,0.003524607779926929,0.0007199656135826348,89,0.0,0,0.3630178934351729,-0.10562821905207564,-0.0730290445174051,-0.013262331798357452,0.017413271900700078,0.4568423762731567,13.4375,0.346875,-0.08164017854019787,-0.04311391509188006,0.015872926704724087,0.04924367001100172,0.371875,31.3125,0.41,-0.05279579772326248,-0.03441349393044546,0.044603377173736726,0.06070031015875654,0.355
forest_piotroski_3y__label_3y_beat_spy__fs1__s232,forest_piotroski_3y__label_3y_beat_spy__fs1,completed,label_3y_beat_spy,,3,1,0,"{""criterion"": ""entropy"", ""max_depth"": 4, ""max_features"": 1.0, ""max_samples"": 0.663781, ""min_samples_leaf"": 72, ""n_estimators"": 490}",232,{},{},e3819c776b6769f2,256351,8215.438550146824,0.3535010191664152,0.45405938294583925,0.6145675808221707,0.2396225861008519,0.22853804861472096,0.35625,0.6369906902526845,0.00122501611863314,0.39375,0.6363810532811095,0.0033849129593810446,0.0007199656135826348,89,0.0,0,0.3630178934351729,-0.10562821905207564,-0.0730290445174051,-0.013262331798357452,0.017413271900700078,0.4568423762731567,13.75,0.35625,-0.08634775309043498,-0.0458765951904212,0.00997571646714382,0.050217943596618575,0.38125,31.375,0.39375,-0.05974029559537168,-0.04019149177151926,0.03733400062212349,0.05323886553199142,0.36625
forest_piotroski_3y__label_3y_beat_spy__fs0__s232,forest_piotroski_3y__label_3y_beat_spy__fs0,completed,label_3y_beat_spy,,3,0,0,"{""criterion"": ""entropy"", ""max_depth"": 4, ""max_features"": 1.0, ""max_samples"": 0.663781, ""min_samples_leaf"": 72, ""n_estimators"": 490}",232,{},{},896598ef16b27813,256351,8215.438550146824,0.3535010191664152,0.43782419601570177,0.593986657088445,0.23896419238437253,0.22853804861472096,0.378125,0.6250987861584387,0.0013002364066193853,0.42,0.6250987861584388,0.0036105738233397806,0.0,0,0.0,0,0.3630178934351729,-0.10562821905207564,-0.0730290445174051,-0.013262331798357452,0.017413271900700078,0.4568423762731567,14.5625,0.378125,-0.08417227738297614,-0.059917688379341416,0.015888486639365602,0.04132922862054644,0.378125,35.4375,0.42,-0.048286345085658385,-0.03141991776619857,0.04995212952065468,0.07068857973844689,0.335
forest_piotroski_3y__label_3y_beat_spy__fs0__s23,forest_piotroski_3y__label_3y_beat_spy__fs0,completed,label_3y_beat_spy,,3,0,0,"{""criterion"": ""entropy"", ""max_depth"": 4, ""max_features"": 1.0, ""max_samples"": 0.663781, ""min_samples_leaf"": 72, ""n_estimators"": 490}",23,{},{},bf735665af65d377,256351,8215.438550146824,0.3535010191664152,0.4377040006486009,0.594092072085052,0.23896268456199118,0.22853804861472096,0.378125,0.6261093511871552,0.0013002364066193853,0.42,0.6261093511871554,0.0036105738233397806,0.0,0,0.0,0,0.3630178934351729,-0.10562821905207564,-0.0730290445174051,-0.013262331798357452,0.017413271900700078,0.4568423762731567,14.5625,0.378125,-0.08417227738297614,-0.059917688379341416,0.015888486639365602,0.04132922862054644,0.378125,35.4375,0.42,-0.048286345085658385,-0.03141991776619857,0.04995212952065468,0.07068857973844689,0.335
forest_piotroski_3y__label_3y_beat_spy__fs0__s1776,forest_piotroski_3y__label_3y_beat_spy__fs0,completed,label_3y_beat_spy,,3,0,0,"{""criterion"": ""entropy"", ""max_depth"": 4, ""max_features"": 1.0, ""max_samples"": 0.663781, ""min_samples_leaf"": 72, ""n_estimators"": 490}",1776,{},{},c9d515e27f1709ad,256351,8215.438550146824,0.3535010191664152,0.43737181172208295,0.5937281316473921,0.23897486960943748,0.22853804861472096,0.3875,0.6267745048755736,0.0013324736728992047,0.4275,0.6267745048755736,0.0036750483558994195,0.0,0,0.0,0,0.3630178934351729,-0.10562821905207564,-0.0730290445174051,-0.013262331798357452,0.017413271900700078,0.4568423762731567,14.4375,0.3875,-0.07921660850740092,-0.048048592564657155,0.02049653045062862,0.04022069725564659,0.371875,35.1875,0.4275,-0.04330547353333106,-0.028017673295840484,0.05439622281535488,0.07207397160021412,0.33125
