date,n_orders,n_bought,n_sold,cash_after,n_cross_section,n_after_min_score,n_after_filters,n_after_investability,n_priced
2005-01-03,10,7,0,101.3195890000002,4773,4773,4773,3341,3277
2005-02-01,10,5,0,129.85532300000034,4724,4724,4724,3324,3272
2005-03-01,10,5,0,145.67771549999998,4708,4708,4708,3315,3264
2005-04-01,10,7,0,79.07161450000001,4751,4751,4751,3528,3466
2005-05-02,10,6,0,171.33863000000008,4714,4714,4714,3511,3449
2005-06-01,10,5,0,157.4032335000004,4679,4679,4679,3493,3438
2005-07-01,10,5,0,213.58739950000034,4729,4729,4729,3476,3412
2005-08-01,10,5,0,248.48130950000046,4708,4708,4708,3469,3393
2005-09-01,10,6,0,175.69063800000043,4684,4684,4684,3454,3378
2005-10-03,10,3,0,83.5946335000005,4750,4750,4750,3465,3372
2005-11-01,10,3,0,66.62565650000055,4709,4709,4709,3444,3355
2005-12-01,10,4,0,96.29735250000054,4682,4682,4682,3427,3346
2006-01-03,10,2,0,127.53450850000047,4742,4742,4742,3476,3382
2006-02-01,10,2,0,131.66612600000028,4692,4692,4692,3449,3367
2006-03-01,10,2,0,128.8776075000003,4666,4666,4666,3432,3346
2006-04-03,10,10,0,133.62236350000012,4709,4709,4709,3550,3456
2006-05-01,10,10,0,112.51495250000019,4671,4671,4671,3531,3441
2006-06-01,10,9,0,121.96411650000027,4636,4636,4636,3514,3423
2006-07-03,10,8,0,119.45657800000029,4696,4696,4696,3632,3529
2006-08-01,10,8,0,111.96866900000015,4649,4649,4649,3608,3510
2006-09-01,10,8,0,130.82865600000002,4612,4612,4612,3576,3499
2006-10-02,10,7,0,135.40683100000018,4643,4643,4643,3472,3393
2006-11-01,10,7,0,109.39029800000013,4612,4612,4612,3451,3375
2006-12-01,10,7,0,112.84756350000016,4585,4585,4585,3433,3357
2007-01-03,10,6,0,147.9632470000003,4658,4658,4658,3433,3335
2007-02-01,10,6,0,200.5859915000006,4620,4620,4620,3413,3312
2007-03-01,10,7,0,111.64900500000057,4594,4594,4594,3401,3291
2007-04-02,10,7,0,166.86479350000056,4647,4647,4647,3595,3467
2007-05-01,10,7,0,178.3631045000008,4601,4601,4601,3571,3440
2007-06-01,10,8,0,184.98953100000097,4554,4554,4554,3538,3421
2007-07-02,10,8,0,171.40034200000096,4633,4633,4633,3613,3474
2007-08-01,10,8,0,152.5357535000011,4583,4583,4583,3574,3457
2007-09-04,10,8,0,157.383870000001,4550,4550,4550,3548,3423
2007-10-01,10,4,0,270.084152500001,4600,4600,4600,3542,3404
2007-11-01,10,4,0,283.800198500001,4551,4551,4551,3510,3376
2007-12-03,10,4,0,285.23139750000104,4508,4508,4508,3473,3345
2008-01-02,10,6,0,128.94049450000125,4584,4584,4584,3475,3334
2008-02-01,10,6,0,161.79228200000125,4537,4537,4537,3439,3324
2008-03-03,10,6,0,154.1969985000013,4497,4497,4497,3408,3302
2008-04-01,10,5,0,120.32306050000152,4540,4540,4540,3403,3292
2008-05-01,10,5,0,112.77393800000142,4481,4481,4481,3370,3280
2008-06-02,10,5,0,118.57638300000143,4432,4432,4432,3336,3265
2008-07-01,10,5,0,117.28505850000136,4461,4461,4461,3210,3128
2008-08-01,10,5,0,174.19776550000154,4433,4433,4433,3192,3119
2008-09-02,10,5,0,141.45276500000148,4405,4405,4405,3171,3098
2008-10-01,10,4,0,129.86656200000138,4419,4419,4419,3103,3026
2008-11-03,10,5,0,121.90399750000128,4372,4372,4372,3081,3007
2008-12-01,10,6,0,82.40644550000124,4344,4344,4344,3063,2997
2009-01-02,10,6,0,54.76825650000126,4358,4358,4358,2966,2891
2009-02-02,10,6,0,138.31385350000136,4313,4313,4313,2945,2882
2009-03-02,10,8,0,99.26294100000109,4284,4284,4284,2928,2878
2009-04-01,10,5,0,55.42525150000101,4289,4289,4289,2744,2688
2009-05-01,10,7,0,110.13985200000019,4245,4245,4245,2726,2682
2009-06-01,10,5,0,92.67012850000017,4205,4205,4205,2707,2679
2009-07-01,10,8,0,188.12426000000016,4217,4217,4217,2687,2653
2009-08-03,10,8,0,196.2969720000001,4178,4178,4178,2678,2644
2009-09-01,10,8,0,203.65684900000008,4153,4153,4153,2669,2640
2009-10-01,10,8,0,77.06151799999986,4179,4179,4179,2889,2856
2009-11-02,10,8,0,232.62429599999996,4150,4150,4150,2881,2839
2009-12-01,10,8,0,96.43827650000009,4127,4127,4127,2877,2825
2010-01-04,10,3,0,110.28778800000015,4167,4167,4167,2995,2933
2010-02-01,10,3,0,113.67879450000025,4123,4123,4123,2984,2926
2010-03-01,10,3,0,150.81050950000034,4106,4106,4106,2980,2919
2010-04-01,10,6,0,65.48368400000018,4137,4137,4137,3011,2942
2010-05-03,10,6,0,82.16607600000022,4074,4074,4074,2985,2929
2010-06-01,10,6,0,53.49628900000023,4044,4044,4044,2970,2919
2010-07-01,10,3,0,115.58995249999998,4089,4089,4089,3064,3008
2010-08-02,10,3,0,131.01194849999982,4059,4059,4059,3055,2986
2010-09-01,10,4,0,126.99331899999976,4035,4035,4035,3041,2974
2010-10-01,10,4,0,121.35586399999966,4061,4061,4061,3048,2971
2010-11-01,10,4,0,116.83931849999969,4028,4028,4028,3031,2955
2010-12-01,10,4,0,119.2288599999997,4006,4006,4006,3017,2938
2011-01-03,10,5,0,239.33396899999985,4052,4052,4052,3018,2917
2011-02-01,10,6,0,223.75684649999977,4000,4000,4000,2987,2908
2011-03-01,10,6,0,224.68629549999974,3981,3981,3981,2973,2895
2011-04-01,10,8,0,310.13051449999966,4013,4013,4013,3095,3005
2011-05-02,10,8,0,212.18209799999954,3964,3964,3964,3064,2989
2011-06-01,10,8,0,259.6267824999996,3932,3932,3932,3043,2975
2011-07-01,10,3,0,275.07085549999965,3978,3978,3978,3098,3009
2011-08-01,10,3,0,280.8241289999995,3941,3941,3941,3085,2988
2011-09-01,10,3,0,315.5484474999996,3910,3910,3910,3061,2980
2011-10-03,10,5,0,159.90580549999936,3927,3927,3927,3000,2912
2011-11-01,10,5,0,161.08010849999926,3890,3890,3890,2977,2899
2011-12-01,10,4,0,183.28375749999952,3859,3859,3859,2952,2889
2012-01-03,10,2,0,228.5829589999994,3887,3887,3887,2898,2830
2012-02-01,10,2,0,234.15760949999935,3850,3850,3850,2878,2821
2012-03-01,10,2,0,231.11018799999925,3833,3833,3833,2867,2809
2012-04-02,10,5,0,170.50702399999915,3876,3876,3876,2873,2812
2012-05-01,10,5,0,230.94912249999902,3840,3840,3840,2857,2804
2012-06-01,10,5,0,162.6029524999991,3816,3816,3816,2842,2791
2012-07-02,10,4,0,129.1083374999989,3860,3860,3860,2929,2870
2012-08-01,10,4,0,109.66472949999886,3833,3833,3833,2915,2858
2012-09-04,10,4,0,107.90881249999889,3808,3808,3808,2901,2846
2012-10-01,10,2,0,135.91670549999884,3839,3839,3839,2886,2822
2012-11-01,10,3,0,138.51576299999863,3805,3805,3805,2868,2806
2012-12-03,10,3,0,118.34160699999836,3784,3784,3784,2856,2800
2013-01-02,10,5,0,88.0612024999984,3827,3827,3827,2879,2813
2013-02-01,10,4,0,106.9171754999984,3789,3789,3789,2860,2806
2013-03-01,10,4,0,112.23994749999827,3770,3770,3770,2845,2794
2013-04-01,10,6,0,162.9801259999983,3801,3801,3801,2904,2839
2013-05-01,10,6,0,133.8316694999983,3760,3760,3760,2884,2832
2013-06-03,10,6,0,176.32107099999826,3742,3742,3742,2873,2820
2013-07-01,10,6,0,229.6221814999982,3799,3799,3799,2958,2895
2013-08-01,10,6,0,228.37002149999813,3774,3774,3774,2944,2888
2013-09-03,10,6,0,258.94587099999814,3754,3754,3754,2928,2876
2013-10-01,10,6,0,313.3849504999979,3825,3825,3825,3021,2960
2013-11-01,10,6,0,246.64854299999786,3802,3802,3802,3007,2944
2013-12-02,10,6,0,285.0787869999982,3778,3778,3778,2992,2931
2014-01-02,10,7,0,272.72189599999825,3846,3846,3846,3104,3030
2014-02-03,10,7,0,283.53682349999804,3809,3809,3809,3088,3021
2014-03-03,10,7,0,290.14407549999805,3796,3796,3796,3078,3003
2014-04-01,10,7,0,267.5920849999981,3872,3872,3872,3225,3148
2014-05-01,10,6,0,395.1160694999983,3827,3827,3827,3195,3143
2014-06-02,10,6,0,477.5969529999983,3805,3805,3805,3180,3135
2014-07-01,10,7,0,334.5311764999984,3884,3884,3884,3253,3202
2014-08-01,10,7,0,428.8754369999983,3855,3855,3855,3236,3192
2014-09-02,10,7,0,346.3899519999982,3837,3837,3837,3222,3182
2014-10-01,10,8,0,272.0037154999983,3892,3892,3892,3225,3181
2014-11-03,10,8,0,309.48063449999836,3869,3869,3869,3215,3173
2014-12-01,10,8,0,315.74870349999827,3856,3856,3856,3207,3159
2015-01-02,10,3,0,234.50354449999827,3928,3928,3928,3237,3173
2015-02-02,10,3,0,227.00459699999828,3897,3897,3897,3218,3160
2015-03-02,10,3,0,245.9197764999982,3888,3888,3888,3214,3144
2015-04-01,10,7,0,177.4462879999981,3929,3929,3929,3223,3142
2015-05-01,10,6,0,239.73374099999805,3910,3910,3910,3211,3133
2015-06-01,10,7,0,176.14520949999812,3877,3877,3877,3188,3120
2015-07-01,10,5,0,239.80043299999812,3950,3950,3950,3277,3204
2015-08-03,10,7,0,393.72642299999814,3921,3921,3921,3257,3184
2015-09-01,10,7,0,443.7136929999981,3892,3892,3892,3237,3170
2015-10-01,10,5,0,328.80411949999814,3938,3938,3938,3256,3183
2015-11-02,10,5,0,327.30409499999814,3911,3911,3911,3241,3165
2015-12-01,10,5,0,333.54105549999815,3890,3890,3890,3226,3157
2016-01-04,10,6,0,315.79135549999825,3945,3945,3945,3184,3100
2016-02-01,10,6,0,317.6480384999984,3901,3901,3901,3157,3089
2016-03-01,10,6,0,316.07977599999845,3869,3869,3869,3140,3073
2016-04-01,10,6,0,472.9982824999985,3882,3882,3882,3109,3036
2016-05-02,10,6,0,486.6310379999981,3841,3841,3841,3088,3022
2016-06-01,10,6,0,467.9962509999981,3809,3809,3809,3073,3003
2016-07-01,10,5,0,469.1655179999981,3840,3840,3840,3057,2985
2016-08-01,10,4,0,383.7237219999979,3812,3812,3812,3039,2965
2016-09-01,10,4,0,398.8531479999979,3790,3790,3790,3024,2953
2016-10-03,10,4,0,354.3782359999979,3831,3831,3831,3090,2996
2016-11-01,10,4,0,354.70959899999787,3799,3799,3799,3072,2980
2016-12-01,10,3,0,447.0859959999979,3778,3778,3778,3057,2964
2017-01-03,10,5,0,537.219570499998,3820,3820,3820,3123,3014
2017-02-01,10,6,0,490.7617424999979,3776,3776,3776,3098,3003
2017-03-01,10,5,0,608.878917999998,3743,3743,3743,3070,2988
2017-04-03,10,7,0,421.26576949999804,3785,3785,3785,3161,3068
2017-05-01,10,7,0,346.3657409999979,3746,3746,3746,3132,3048
2017-06-01,10,7,0,297.7353354999979,3720,3720,3720,3112,3034
2017-07-03,10,2,0,129.58005199999786,3785,3785,3785,3183,3099
2017-08-01,10,1,0,222.16116299999783,3763,3763,3763,3164,3085
2017-09-01,10,9,0,396.177746500004,3736,3736,3736,3146,3073
2017-10-02,10,2,0,399.5346620000041,3773,3773,3773,3106,3013
2017-11-01,10,2,0,322.6557315000042,3733,3733,3733,3082,3000
2017-12-01,10,2,0,298.4174005000041,3711,3711,3711,3065,2987
2018-01-02,10,4,0,433.162571000004,3767,3767,3767,3132,3039
2018-02-01,10,5,0,925.5013965000038,3728,3728,3728,3109,3036
2018-03-01,10,4,0,595.2447370000039,3699,3699,3699,3084,3021
2018-04-02,10,3,0,661.8141245000037,3754,3754,3754,3198,3121
2018-05-01,10,3,0,698.5815690000038,3722,3722,3722,3180,3107
2018-06-01,10,3,0,847.0245145000038,3696,3696,3696,3161,3093
2018-07-02,10,9,0,349.866738500004,3764,3764,3764,3194,3112
2018-08-01,10,10,0,450.154765000004,3744,3744,3744,3176,3097
2018-09-04,10,7,0,356.73012650000373,3722,3722,3722,3159,3081
2018-10-01,10,4,0,492.5189370000037,3774,3774,3774,3187,3102
2018-11-01,10,4,0,419.9018710000036,3738,3738,3738,3162,3083
2018-12-03,10,4,0,511.15136000000336,3712,3712,3712,3140,3070
2019-01-02,10,7,0,458.41625300000334,3759,3759,3759,3159,3075
2019-02-01,10,7,0,761.1813730000042,3732,3732,3732,3137,3058
2019-03-01,10,6,0,275.9380775000042,3716,3716,3716,3124,3045
2019-04-01,10,3,0,290.4478920000043,3754,3754,3754,3118,3025
2019-05-01,10,3,0,330.1014025000042,3721,3721,3721,3096,3011
2019-06-03,10,3,0,355.3737545000042,3688,3688,3688,3074,3004
2019-07-01,10,4,0,384.9230235000042,3749,3749,3749,3147,3073
2019-08-01,10,4,0,384.538891000004,3724,3724,3724,3128,3062
2019-09-03,10,4,0,353.08940900000397,3695,3695,3695,3105,3048
2019-10-01,10,3,0,710.8029135000039,3731,3731,3731,3079,3013
2019-11-01,10,8,0,680.3224495000046,3710,3710,3710,3065,3000
2019-12-02,10,4,0,539.6510240000046,3689,3689,3689,3051,2985
2020-01-02,10,2,0,585.5041575000046,3733,3733,3733,3067,2988
2020-02-03,10,2,0,918.3345425000049,3702,3702,3702,3046,2975
2020-03-02,10,2,0,841.4104545000048,3685,3685,3685,3033,2966
2020-04-01,10,7,0,353.5962670000049,3718,3718,3718,3117,3038
2020-05-01,10,5,0,549.151530500005,3684,3684,3684,3094,3027
2020-06-01,10,6,0,732.1905465000052,3653,3653,3653,3076,3020
2020-07-01,10,1,0,406.62223900000527,3705,3705,3705,3161,3100
2020-08-03,10,1,0,349.04362400000537,3680,3680,3680,3139,3089
2020-09-01,10,1,0,305.01025200000527,3661,3661,3661,3123,3084
2020-10-01,10,3,0,192.9726955000053,3792,3792,3792,3358,3309
2020-11-02,10,3,0,150.18567050000524,3769,3769,3769,3345,3287
2020-12-01,10,1,0,313.23756900000524,3753,3753,3753,3334,3279
