run,candidate,status,label,eval_label,horizon_years,feature_set,param_set,set_params,seed,grid_params,sampled_params,config_hash,n_test,effective_n,base_rate,pr_auc,roc_auc,brier,base_rate_brier,precision_at_20,conf_at_20,recall_at_20,precision_at_50,conf_at_50,recall_at_50,recall_at_prec_0.75,n_at_prec_0.75,recall_at_prec_0.9,n_at_prec_0.9
xgb_relvalue_random_search_3y__label_3y_excess_cagr_ge_0p08__fs2__r26,xgb_relvalue_random_search_3y__label_3y_excess_cagr_ge_0p08__fs2__r26,completed,fwd_3y_excess_cagr >= 0.08,,3,2,0,{},7,{},"{""class_weight"": 1.0, ""colsample_bytree"": 0.491946, ""learning_rate"": 0.138133, ""max_depth"": 4, ""min_child_weight"": 158, ""n_estimators"": 636, ""reg_lambda"": 0.882653, ""subsample"": 0.913177}",88114d3726ebdd37,256351,8215.438550146824,0.2232864499277101,0.2790283811734495,0.5872870357542637,0.1837826912203039,0.1734296112063903,0.2625,0.6847513455897569,0.0014283770915521697,0.2625,0.6550688839331269,0.0035709427288804245,0.0003060808053326078,21,0.0002550673377771732,15
xgb_relvalue_random_search_3y__label_3y_excess_cagr_ge_0p08__fs2__r33,xgb_relvalue_random_search_3y__label_3y_excess_cagr_ge_0p08__fs2__r33,completed,fwd_3y_excess_cagr >= 0.08,,3,2,0,{},7,{},"{""class_weight"": 0.25, ""colsample_bytree"": 0.643307, ""learning_rate"": 0.0910908, ""max_depth"": 5, ""min_child_weight"": 366, ""n_estimators"": 122, ""reg_lambda"": 0.0357399, ""subsample"": 0.744931}",12ad7dceeb274de4,256351,8215.438550146824,0.2232864499277101,0.2720387867630017,0.5661976701908285,0.18370263743622808,0.1734296112063903,0.2375,0.2851274963002652,0.0012923411780710106,0.2375,0.26864432282745837,0.0032308529451775267,0.0003060808053326078,20,0.00023806284859202828,15
xgb_relvalue_random_search_3y__label_3y_excess_cagr_ge_0p08__fs2__r13,xgb_relvalue_random_search_3y__label_3y_excess_cagr_ge_0p08__fs2__r13,completed,fwd_3y_excess_cagr >= 0.08,,3,2,0,{},7,{},"{""class_weight"": 1.0, ""colsample_bytree"": 0.845084, ""learning_rate"": 0.0512973, ""max_depth"": 7, ""min_child_weight"": 145, ""n_estimators"": 559, ""reg_lambda"": 5.19783, ""subsample"": 0.971001}",adc271f9ef4bbc19,256351,8215.438550146824,0.2232864499277101,0.280544252349259,0.5907469899368727,0.182591336312154,0.1734296112063903,0.253125,0.6685727620497346,0.001377363623996735,0.26,0.6385808607190847,0.003536933750510135,0.0004081077404434771,28,0.00022105835940688343,13
xgb_relvalue_random_search_3y__label_3y_excess_cagr_ge_0p08__fs2__r23,xgb_relvalue_random_search_3y__label_3y_excess_cagr_ge_0p08__fs2__r23,completed,fwd_3y_excess_cagr >= 0.08,,3,2,0,{},7,{},"{""class_weight"": 1.0, ""colsample_bytree"": 0.649066, ""learning_rate"": 0.0524544, ""max_depth"": 6, ""min_child_weight"": 150, ""n_estimators"": 363, ""reg_lambda"": 0.0786628, ""subsample"": 0.991753}",5b71106e427eef7d,256351,8215.438550146824,0.2232864499277101,0.2792922438659775,0.5897024966281756,0.18258796998586746,0.1734296112063903,0.240625,0.6637289280071854,0.0013093456672561557,0.2525,0.631447306200862,0.003434906815399265,0.00037409876207318733,28,0.00020405387022173855,12
xgb_relvalue_random_search_3y__label_3y_excess_cagr_ge_0p08__fs2__r5,xgb_relvalue_random_search_3y__label_3y_excess_cagr_ge_0p08__fs2__r5,completed,fwd_3y_excess_cagr >= 0.08,,3,2,0,{},7,{},"{""class_weight"": 1.0, ""colsample_bytree"": 0.804017, ""learning_rate"": 0.0183269, ""max_depth"": 3, ""min_child_weight"": 298, ""n_estimators"": 172, ""reg_lambda"": 0.0130318, ""subsample"": 0.680308}",d2317f918a3608d5,256351,8215.438550146824,0.2232864499277101,0.27012526142889415,0.5690795976736913,0.18501184841829643,0.1734296112063903,0.225,0.6063649775460362,0.0012243232213304312,0.24375,0.5859554393589497,0.003315875391103251,0.00023806284859202828,16,0.00018704938103659367,11
xgb_relvalue_random_search_3y__label_3y_excess_cagr_ge_0p08__fs0__r33,xgb_relvalue_random_search_3y__label_3y_excess_cagr_ge_0p08__fs0__r33,completed,fwd_3y_excess_cagr >= 0.08,,3,0,0,{},7,{},"{""class_weight"": 0.25, ""colsample_bytree"": 0.643307, ""learning_rate"": 0.0910908, ""max_depth"": 5, ""min_child_weight"": 366, ""n_estimators"": 122, ""reg_lambda"": 0.0357399, ""subsample"": 0.744931}",3de02aa5a12fab5a,256351,8215.438550146824,0.2232864499277101,0.2722211911466483,0.5689701289795074,0.18200612354866177,0.1734296112063903,0.25,0.31333852084353564,0.0013603591348115903,0.23625,0.298907625451684,0.003213848455992382,0.00020405387022173855,13,0.00017004489185144879,10
xgb_relvalue_random_search_3y__label_3y_excess_cagr_ge_0p08__fs1__r33,xgb_relvalue_random_search_3y__label_3y_excess_cagr_ge_0p08__fs1__r33,completed,fwd_3y_excess_cagr >= 0.08,,3,1,0,{},7,{},"{""class_weight"": 0.25, ""colsample_bytree"": 0.643307, ""learning_rate"": 0.0910908, ""max_depth"": 5, ""min_child_weight"": 366, ""n_estimators"": 122, ""reg_lambda"": 0.0357399, ""subsample"": 0.744931}",548518441ea6417b,256351,8215.438550146824,0.2232864499277101,0.2722211911466483,0.5689701289795074,0.18200612354866177,0.1734296112063903,0.25,0.31333852084353564,0.0013603591348115903,0.23625,0.298907625451684,0.003213848455992382,0.00020405387022173855,13,0.00017004489185144879,10
xgb_relvalue_random_search_3y__label_3y_excess_cagr_ge_0p08__fs2__r39,xgb_relvalue_random_search_3y__label_3y_excess_cagr_ge_0p08__fs2__r39,completed,fwd_3y_excess_cagr >= 0.08,,3,2,0,{},7,{},"{""class_weight"": 1.0, ""colsample_bytree"": 0.814952, ""learning_rate"": 0.0450116, ""max_depth"": 4, ""min_child_weight"": 77, ""n_estimators"": 1107, ""reg_lambda"": 0.0378022, ""subsample"": 0.794864}",5db723f3ee2a7ab6,256351,8215.438550146824,0.2232864499277101,0.2812007460561966,0.589436563274714,0.18290188172868127,0.1734296112063903,0.275,0.6629573814570904,0.0014963950482927493,0.25375,0.633285290710628,0.0034519113045844104,0.00032308529451775266,22,0.00017004489185144879,10
xgb_relvalue_random_search_3y__label_3y_excess_cagr_ge_0p08__fs1__r25,xgb_relvalue_random_search_3y__label_3y_excess_cagr_ge_0p08__fs1__r25,completed,fwd_3y_excess_cagr >= 0.08,,3,1,0,{},7,{},"{""class_weight"": 1.0, ""colsample_bytree"": 0.94108, ""learning_rate"": 0.0961521, ""max_depth"": 6, ""min_child_weight"": 49, ""n_estimators"": 497, ""reg_lambda"": 0.152233, ""subsample"": 0.899938}",9d1648841add6d7c,256351,8215.438550146824,0.2232864499277101,0.26548943951138293,0.5751053430649082,0.19379569421242016,0.1734296112063903,0.20625,0.7967425171285868,0.001122296286219562,0.2375,0.759734757617116,0.0032308529451775267,0.00022105835940688343,14,0.0001530404026663039,9
xgb_relvalue_random_search_3y__label_3y_excess_cagr_ge_0p08__fs0__r6,xgb_relvalue_random_search_3y__label_3y_excess_cagr_ge_0p08__fs0__r6,completed,fwd_3y_excess_cagr >= 0.08,,3,0,0,{},7,{},"{""class_weight"": 0.5, ""colsample_bytree"": 0.681345, ""learning_rate"": 0.150976, ""max_depth"": 4, ""min_child_weight"": 162, ""n_estimators"": 232, ""reg_lambda"": 0.0114468, ""subsample"": 0.663929}",30f29918192fae70,256351,8215.438550146824,0.2232864499277101,0.2674729513794143,0.5745407145278774,0.17489437016853843,0.1734296112063903,0.23125,0.622919075936079,0.001258332199700721,0.21875,0.5825141970068216,0.002975785607400354,0.00018704938103659367,12,0.0001530404026663039,9
xgb_relvalue_random_search_3y__label_3y_excess_cagr_ge_0p08__fs0__r24,xgb_relvalue_random_search_3y__label_3y_excess_cagr_ge_0p08__fs0__r24,completed,fwd_3y_excess_cagr >= 0.08,,3,0,0,{},7,{},"{""class_weight"": 1.0, ""colsample_bytree"": 0.594954, ""learning_rate"": 0.0518098, ""max_depth"": 3, ""min_child_weight"": 22, ""n_estimators"": 147, ""reg_lambda"": 6.01367, ""subsample"": 0.913526}",92da69bf524c6309,256351,8215.438550146824,0.2232864499277101,0.265317287589588,0.5722314526736495,0.1891025984644998,0.1734296112063903,0.203125,0.6908243732526899,0.001105291797034417,0.2325,0.6706745536625385,0.0031628349884369475,0.0003060808053326078,21,0.0001530404026663039,9
xgb_relvalue_random_search_3y__label_3y_excess_cagr_ge_0p08__fs0__r25,xgb_relvalue_random_search_3y__label_3y_excess_cagr_ge_0p08__fs0__r25,completed,fwd_3y_excess_cagr >= 0.08,,3,0,0,{},7,{},"{""class_weight"": 1.0, ""colsample_bytree"": 0.94108, ""learning_rate"": 0.0961521, ""max_depth"": 6, ""min_child_weight"": 49, ""n_estimators"": 497, ""reg_lambda"": 0.152233, ""subsample"": 0.899938}",a10fad4076ff275c,256351,8215.438550146824,0.2232864499277101,0.26548943951138293,0.5751053430649082,0.19379569421242016,0.1734296112063903,0.20625,0.7967425171285868,0.001122296286219562,0.2375,0.759734757617116,0.0032308529451775267,0.00022105835940688343,14,0.0001530404026663039,9
xgb_relvalue_random_search_3y__label_3y_excess_cagr_ge_0p08__fs1__r24,xgb_relvalue_random_search_3y__label_3y_excess_cagr_ge_0p08__fs1__r24,completed,fwd_3y_excess_cagr >= 0.08,,3,1,0,{},7,{},"{""class_weight"": 1.0, ""colsample_bytree"": 0.594954, ""learning_rate"": 0.0518098, ""max_depth"": 3, ""min_child_weight"": 22, ""n_estimators"": 147, ""reg_lambda"": 6.01367, ""subsample"": 0.913526}",64a7ac2cda396cc4,256351,8215.438550146824,0.2232864499277101,0.265317287589588,0.5722314526736495,0.1891025984644998,0.1734296112063903,0.203125,0.6908243732526899,0.001105291797034417,0.2325,0.6706745536625385,0.0031628349884369475,0.0003060808053326078,21,0.0001530404026663039,9
xgb_relvalue_random_search_3y__label_3y_excess_cagr_ge_0p08__fs2__r27,xgb_relvalue_random_search_3y__label_3y_excess_cagr_ge_0p08__fs2__r27,completed,fwd_3y_excess_cagr >= 0.08,,3,2,0,{},7,{},"{""class_weight"": 1.0, ""colsample_bytree"": 0.739476, ""learning_rate"": 0.0120614, ""max_depth"": 5, ""min_child_weight"": 105, ""n_estimators"": 757, ""reg_lambda"": 2.83967, ""subsample"": 0.921261}",f5cdc2b5693ae7e4,256351,8215.438550146824,0.2232864499277101,0.27658969509344566,0.5866181352891484,0.1828916575260703,0.1734296112063903,0.203125,0.6612161556258798,0.001105291797034417,0.2225,0.6272934194654226,0.0030267990749557883,0.00028907631614746295,21,0.0001530404026663039,9
xgb_relvalue_random_search_3y__label_3y_excess_cagr_ge_0p08__fs2__r14,xgb_relvalue_random_search_3y__label_3y_excess_cagr_ge_0p08__fs2__r14,completed,fwd_3y_excess_cagr >= 0.08,,3,2,0,{},7,{},"{""class_weight"": 0.5, ""colsample_bytree"": 0.775678, ""learning_rate"": 0.0153764, ""max_depth"": 3, ""min_child_weight"": 75, ""n_estimators"": 706, ""reg_lambda"": 12.9114, ""subsample"": 0.903691}",7f53eca8998413f3,256351,8215.438550146824,0.2232864499277101,0.27078239568552653,0.5764138381085205,0.173197898221603,0.1734296112063903,0.215625,0.4974373735487461,0.0011733097537749966,0.22625,0.4661144777014852,0.003077812542511223,0.0003570942728880424,26,0.0001530404026663039,9
xgb_relvalue_random_search_3y__label_3y_excess_cagr_ge_0p08__fs2__r1,xgb_relvalue_random_search_3y__label_3y_excess_cagr_ge_0p08__fs2__r1,completed,fwd_3y_excess_cagr >= 0.08,,3,2,0,{},7,{},"{""class_weight"": 0.5, ""colsample_bytree"": 0.968997, ""learning_rate"": 0.0644302, ""max_depth"": 3, ""min_child_weight"": 60, ""n_estimators"": 356, ""reg_lambda"": 2.01737, ""subsample"": 0.710124}",f832c5115661f74b,256351,8215.438550146824,0.2232864499277101,0.2770766921565835,0.5845271065817513,0.17309357243334625,0.1734296112063903,0.25,0.4985114760696888,0.0013603591348115903,0.24,0.46744917120784524,0.0032648619235478168,0.0002550673377771732,17,0.0001530404026663039,9
xgb_relvalue_random_search_3y__label_3y_excess_cagr_ge_0p08__fs1__r6,xgb_relvalue_random_search_3y__label_3y_excess_cagr_ge_0p08__fs1__r6,completed,fwd_3y_excess_cagr >= 0.08,,3,1,0,{},7,{},"{""class_weight"": 0.5, ""colsample_bytree"": 0.681345, ""learning_rate"": 0.150976, ""max_depth"": 4, ""min_child_weight"": 162, ""n_estimators"": 232, ""reg_lambda"": 0.0114468, ""subsample"": 0.663929}",a7fc0cee27e30227,256351,8215.438550146824,0.2232864499277101,0.2674729513794143,0.5745407145278774,0.17489437016853843,0.1734296112063903,0.23125,0.622919075936079,0.001258332199700721,0.21875,0.5825141970068216,0.002975785607400354,0.00018704938103659367,12,0.0001530404026663039,9
xgb_relvalue_random_search_3y__label_3y_excess_cagr_ge_0p08__fs1__r20,xgb_relvalue_random_search_3y__label_3y_excess_cagr_ge_0p08__fs1__r20,completed,fwd_3y_excess_cagr >= 0.08,,3,1,0,{},7,{},"{""class_weight"": 0.5, ""colsample_bytree"": 0.678966, ""learning_rate"": 0.0115923, ""max_depth"": 3, ""min_child_weight"": 221, ""n_estimators"": 596, ""reg_lambda"": 6.27754, ""subsample"": 0.904166}",f46e7b4585fef87f,256351,8215.438550146824,0.2232864499277101,0.2665330932458072,0.5694981415881359,0.17385501455990718,0.1734296112063903,0.190625,0.5294333268888295,0.0010372738402938376,0.2475,0.5088087154179811,0.003366888858658686,0.00018704938103659367,13,0.00013603591348115902,8
xgb_relvalue_random_search_3y__label_3y_excess_cagr_ge_0p08__fs2__r0,xgb_relvalue_random_search_3y__label_3y_excess_cagr_ge_0p08__fs2__r0,completed,fwd_3y_excess_cagr >= 0.08,,3,2,0,{},7,{},"{""class_weight"": 1.0, ""colsample_bytree"": 0.699567, ""learning_rate"": 0.0606132, ""max_depth"": 3, ""min_child_weight"": 22, ""n_estimators"": 144, ""reg_lambda"": 16.885, ""subsample"": 0.628168}",081535ee06a0d723,256351,8215.438550146824,0.2232864499277101,0.26985783684599385,0.5757687785124914,0.18424512339469948,0.1734296112063903,0.221875,0.6477023005485535,0.0012073187321452864,0.23375,0.6201288872957229,0.0031798394776220923,0.00022105835940688343,15,0.00013603591348115902,8
xgb_relvalue_random_search_3y__label_3y_excess_cagr_ge_0p08__fs2__r9,xgb_relvalue_random_search_3y__label_3y_excess_cagr_ge_0p08__fs2__r9,completed,fwd_3y_excess_cagr >= 0.08,,3,2,0,{},7,{},"{""class_weight"": 0.5, ""colsample_bytree"": 0.843548, ""learning_rate"": 0.0179701, ""max_depth"": 3, ""min_child_weight"": 24, ""n_estimators"": 442, ""reg_lambda"": 13.0214, ""subsample"": 0.610777}",1a464392cb5029c1,256351,8215.438550146824,0.2232864499277101,0.26889697423243253,0.5741572781875797,0.1731805897062015,0.1734296112063903,0.209375,0.4929803001694381,0.0011393007754047068,0.22875,0.4623334494233131,0.0031118215208815127,0.0003060808053326078,21,0.00013603591348115902,8
xgb_relvalue_random_search_3y__label_3y_excess_cagr_ge_0p08__fs2__r18,xgb_relvalue_random_search_3y__label_3y_excess_cagr_ge_0p08__fs2__r18,completed,fwd_3y_excess_cagr >= 0.08,,3,2,0,{},7,{},"{""class_weight"": 1.0, ""colsample_bytree"": 0.478395, ""learning_rate"": 0.0257098, ""max_depth"": 4, ""min_child_weight"": 65, ""n_estimators"": 966, ""reg_lambda"": 0.0252444, ""subsample"": 0.634466}",5983ff84aeaaae94,256351,8215.438550146824,0.2232864499277101,0.2791052813762884,0.5885173717346269,0.1829067723634388,0.1734296112063903,0.2125,0.6588885355740786,0.0011563052645898518,0.2375,0.6281803591549396,0.0032308529451775267,0.00020405387022173855,13,0.00013603591348115902,8
xgb_relvalue_random_search_3y__label_3y_excess_cagr_ge_0p08__fs0__r20,xgb_relvalue_random_search_3y__label_3y_excess_cagr_ge_0p08__fs0__r20,completed,fwd_3y_excess_cagr >= 0.08,,3,0,0,{},7,{},"{""class_weight"": 0.5, ""colsample_bytree"": 0.678966, ""learning_rate"": 0.0115923, ""max_depth"": 3, ""min_child_weight"": 221, ""n_estimators"": 596, ""reg_lambda"": 6.27754, ""subsample"": 0.904166}",5e23d0887e548b7d,256351,8215.438550146824,0.2232864499277101,0.2665330932458072,0.5694981415881359,0.17385501455990718,0.1734296112063903,0.190625,0.5294333268888295,0.0010372738402938376,0.2475,0.5088087154179811,0.003366888858658686,0.00018704938103659367,13,0.00013603591348115902,8
xgb_relvalue_random_search_3y__label_3y_excess_cagr_ge_0p08__fs2__r37,xgb_relvalue_random_search_3y__label_3y_excess_cagr_ge_0p08__fs2__r37,completed,fwd_3y_excess_cagr >= 0.08,,3,2,0,{},7,{},"{""class_weight"": 1.0, ""colsample_bytree"": 0.88552, ""learning_rate"": 0.155228, ""max_depth"": 6, ""min_child_weight"": 77, ""n_estimators"": 134, ""reg_lambda"": 13.7427, ""subsample"": 0.948148}",38262e4836d29038,256351,8215.438550146824,0.2232864499277101,0.27983202372470367,0.5896298080648048,0.18300246881741175,0.1734296112063903,0.265625,0.6702902253717185,0.0014453815807373147,0.25875,0.6386415631696581,0.0035199292613249896,0.00020405387022173855,14,0.00013603591348115902,8
xgb_relvalue_random_search_3y__label_3y_excess_cagr_ge_0p08__fs2__r32,xgb_relvalue_random_search_3y__label_3y_excess_cagr_ge_0p08__fs2__r32,completed,fwd_3y_excess_cagr >= 0.08,,3,2,0,{},7,{},"{""class_weight"": 1.0, ""colsample_bytree"": 0.828491, ""learning_rate"": 0.0506437, ""max_depth"": 4, ""min_child_weight"": 47, ""n_estimators"": 189, ""reg_lambda"": 10.3415, ""subsample"": 0.906497}",d9afe7b41202fffa,256351,8215.438550146824,0.2232864499277101,0.27458080773454097,0.5834544753063702,0.18338393680495096,0.1734296112063903,0.203125,0.6617062244564295,0.001105291797034417,0.22,0.6278817733749747,0.0029927900965854987,0.00018704938103659367,12,0.00013603591348115902,8
xgb_relvalue_random_search_3y__label_3y_excess_cagr_ge_0p08__fs2__r12,xgb_relvalue_random_search_3y__label_3y_excess_cagr_ge_0p08__fs2__r12,completed,fwd_3y_excess_cagr >= 0.08,,3,2,0,{},7,{},"{""class_weight"": 0.25, ""colsample_bytree"": 0.588592, ""learning_rate"": 0.0935902, ""max_depth"": 5, ""min_child_weight"": 23, ""n_estimators"": 118, ""reg_lambda"": 0.254032, ""subsample"": 0.698038}",48cbeb29446c6330,256351,8215.438550146824,0.2232864499277101,0.276718694473067,0.5856541940591654,0.1836498754147045,0.1734296112063903,0.23125,0.36937186648137865,0.001258332199700721,0.2,0.33154054671525957,0.0027207182696231806,0.0002550673377771732,18,0.00013603591348115902,8
xgb_relvalue_random_search_3y__label_3y_excess_cagr_ge_0p08__fs2__r24,xgb_relvalue_random_search_3y__label_3y_excess_cagr_ge_0p08__fs2__r24,completed,fwd_3y_excess_cagr >= 0.08,,3,2,0,{},7,{},"{""class_weight"": 1.0, ""colsample_bytree"": 0.594954, ""learning_rate"": 0.0518098, ""max_depth"": 3, ""min_child_weight"": 22, ""n_estimators"": 147, ""reg_lambda"": 6.01367, ""subsample"": 0.913526}",669fefbf39586b85,256351,8215.438550146824,0.2232864499277101,0.2690141516813745,0.574451448846701,0.18453458510263632,0.1734296112063903,0.2125,0.6495163306593895,0.0011563052645898518,0.215,0.6216863372921944,0.002924772139844919,0.0003060808053326078,23,0.00011903142429601414,7
xgb_relvalue_random_search_3y__label_3y_excess_cagr_ge_0p08__fs1__r26,xgb_relvalue_random_search_3y__label_3y_excess_cagr_ge_0p08__fs1__r26,completed,fwd_3y_excess_cagr >= 0.08,,3,1,0,{},7,{},"{""class_weight"": 1.0, ""colsample_bytree"": 0.491946, ""learning_rate"": 0.138133, ""max_depth"": 4, ""min_child_weight"": 158, ""n_estimators"": 636, ""reg_lambda"": 0.882653, ""subsample"": 0.913177}",07ec368b613453d7,256351,8215.438550146824,0.2232864499277101,0.26442553459820073,0.5735693713321176,0.1930854638252103,0.1734296112063903,0.209375,0.7842350080609322,0.0011393007754047068,0.235,0.7493877831101418,0.003196843966807237,0.00011903142429601414,7,0.00011903142429601414,7
xgb_relvalue_random_search_3y__label_3y_excess_cagr_ge_0p08__fs1__r30,xgb_relvalue_random_search_3y__label_3y_excess_cagr_ge_0p08__fs1__r30,completed,fwd_3y_excess_cagr >= 0.08,,3,1,0,{},7,{},"{""class_weight"": 1.0, ""colsample_bytree"": 0.480477, ""learning_rate"": 0.0463604, ""max_depth"": 5, ""min_child_weight"": 265, ""n_estimators"": 153, ""reg_lambda"": 0.0109617, ""subsample"": 0.627026}",bf6b20f8a234e66c,256351,8215.438550146824,0.2232864499277101,0.2676429711069374,0.5725223148717784,0.18917607903983605,0.1734296112063903,0.20625,0.6985243650153279,0.001122296286219562,0.235,0.6753640807420015,0.003196843966807237,0.00011903142429601414,7,0.00011903142429601414,7
xgb_relvalue_random_search_3y__label_3y_excess_cagr_ge_0p08__fs2__r4,xgb_relvalue_random_search_3y__label_3y_excess_cagr_ge_0p08__fs2__r4,completed,fwd_3y_excess_cagr >= 0.08,,3,2,0,{},7,{},"{""class_weight"": 0.25, ""colsample_bytree"": 0.477256, ""learning_rate"": 0.0405206, ""max_depth"": 7, ""min_child_weight"": 46, ""n_estimators"": 123, ""reg_lambda"": 13.0409, ""subsample"": 0.771979}",45c3646a2c5b734c,256351,8215.438550146824,0.2232864499277101,0.2717719422517434,0.5793162049546772,0.18361563147171706,0.1734296112063903,0.203125,0.3433134859893471,0.001105291797034417,0.2175,0.30961087845265867,0.0029587811182152086,0.00020405387022173855,14,0.00011903142429601414,7
xgb_relvalue_random_search_3y__label_3y_excess_cagr_ge_0p08__fs2__r36,xgb_relvalue_random_search_3y__label_3y_excess_cagr_ge_0p08__fs2__r36,completed,fwd_3y_excess_cagr >= 0.08,,3,2,0,{},7,{},"{""class_weight"": 0.5, ""colsample_bytree"": 0.643968, ""learning_rate"": 0.0934681, ""max_depth"": 7, ""min_child_weight"": 60, ""n_estimators"": 146, ""reg_lambda"": 1.00008, ""subsample"": 0.634569}",7526ab531f4bbf81,256351,8215.438550146824,0.2232864499277101,0.27842905802257134,0.5892313733314627,0.17300647866162897,0.1734296112063903,0.240625,0.5179593546316028,0.0013093456672561557,0.2425,0.48050567153841256,0.0032988709019181064,0.00020405387022173855,14,0.00011903142429601414,7
xgb_relvalue_random_search_3y__label_3y_excess_cagr_ge_0p08__fs1__r39,xgb_relvalue_random_search_3y__label_3y_excess_cagr_ge_0p08__fs1__r39,completed,fwd_3y_excess_cagr >= 0.08,,3,1,0,{},7,{},"{""class_weight"": 1.0, ""colsample_bytree"": 0.814952, ""learning_rate"": 0.0450116, ""max_depth"": 4, ""min_child_weight"": 77, ""n_estimators"": 1107, ""reg_lambda"": 0.0378022, ""subsample"": 0.794864}",fcc36aa61198e8fe,256351,8215.438550146824,0.2232864499277101,0.26547148012858823,0.5755429027930791,0.19217357850506328,0.1734296112063903,0.221875,0.7719551557675004,0.0012073187321452864,0.2275,0.7369471390545368,0.003094817031696368,0.0001530404026663039,11,0.00011903142429601414,7
xgb_relvalue_random_search_3y__label_3y_excess_cagr_ge_0p08__fs1__r31,xgb_relvalue_random_search_3y__label_3y_excess_cagr_ge_0p08__fs1__r31,completed,fwd_3y_excess_cagr >= 0.08,,3,1,0,{},7,{},"{""class_weight"": 0.25, ""colsample_bytree"": 0.984671, ""learning_rate"": 0.011417, ""max_depth"": 5, ""min_child_weight"": 389, ""n_estimators"": 379, ""reg_lambda"": 0.0261663, ""subsample"": 0.767416}",d3bacf34e8638c8b,256351,8215.438550146824,0.2232864499277101,0.275662814764412,0.5704823613282135,0.18132399765297524,0.1734296112063903,0.26875,0.24876978099346161,0.0014623860699224595,0.2675,0.2442113963700831,0.003638960685621004,0.00017004489185144879,11,0.00011903142429601414,7
xgb_relvalue_random_search_3y__label_3y_excess_cagr_ge_0p08__fs1__r19,xgb_relvalue_random_search_3y__label_3y_excess_cagr_ge_0p08__fs1__r19,completed,fwd_3y_excess_cagr >= 0.08,,3,1,0,{},7,{},"{""class_weight"": 0.25, ""colsample_bytree"": 0.978036, ""learning_rate"": 0.151484, ""max_depth"": 5, ""min_child_weight"": 163, ""n_estimators"": 118, ""reg_lambda"": 6.3673, ""subsample"": 0.87335}",fa645e4207e234ee,256351,8215.438550146824,0.2232864499277101,0.26613720184474277,0.5714938094889022,0.18287386909068457,0.1734296112063903,0.21875,0.43794845035299657,0.0011903142429601414,0.24875,0.4023021093755961,0.003383893347843831,0.00013603591348115902,9,0.00011903142429601414,7
xgb_relvalue_random_search_3y__label_3y_excess_cagr_ge_0p08__fs2__r16,xgb_relvalue_random_search_3y__label_3y_excess_cagr_ge_0p08__fs2__r16,completed,fwd_3y_excess_cagr >= 0.08,,3,2,0,{},7,{},"{""class_weight"": 0.25, ""colsample_bytree"": 0.922231, ""learning_rate"": 0.0672861, ""max_depth"": 3, ""min_child_weight"": 32, ""n_estimators"": 345, ""reg_lambda"": 0.0187735, ""subsample"": 0.844392}",871893c668d665e4,256351,8215.438550146824,0.2232864499277101,0.277806446384875,0.5848751012104492,0.1837639047988461,0.1734296112063903,0.2625,0.3447612968739122,0.0014283770915521697,0.24875,0.31701934756711125,0.003383893347843831,0.00013603591348115902,9,0.00011903142429601414,7
xgb_relvalue_random_search_3y__label_3y_excess_cagr_ge_0p08__fs2__r10,xgb_relvalue_random_search_3y__label_3y_excess_cagr_ge_0p08__fs2__r10,completed,fwd_3y_excess_cagr >= 0.08,,3,2,0,{},7,{},"{""class_weight"": 0.5, ""colsample_bytree"": 0.514102, ""learning_rate"": 0.0132089, ""max_depth"": 7, ""min_child_weight"": 21, ""n_estimators"": 207, ""reg_lambda"": 3.37486, ""subsample"": 0.797272}",0772f3f96ff542e3,256351,8215.438550146824,0.2232864499277101,0.2725522197800788,0.5826085394753756,0.17216676485535842,0.1734296112063903,0.184375,0.4837014484219253,0.0010032648619235477,0.21125,0.44491895895451306,0.0028737586722894846,0.00011903142429601414,7,0.00011903142429601414,7
xgb_relvalue_random_search_3y__label_3y_excess_cagr_ge_0p08__fs2__r19,xgb_relvalue_random_search_3y__label_3y_excess_cagr_ge_0p08__fs2__r19,completed,fwd_3y_excess_cagr >= 0.08,,3,2,0,{},7,{},"{""class_weight"": 0.25, ""colsample_bytree"": 0.978036, ""learning_rate"": 0.151484, ""max_depth"": 5, ""min_child_weight"": 163, ""n_estimators"": 118, ""reg_lambda"": 6.3673, ""subsample"": 0.87335}",4ff6aae78a79c425,256351,8215.438550146824,0.2232864499277101,0.2756415172808552,0.5833461609135613,0.18393130883982958,0.1734296112063903,0.234375,0.34387382967397573,0.0012753366888858658,0.24,0.31434476222842933,0.0032648619235478168,0.00022105835940688343,15,0.00011903142429601414,7
xgb_relvalue_random_search_3y__label_3y_excess_cagr_ge_0p08__fs2__r22,xgb_relvalue_random_search_3y__label_3y_excess_cagr_ge_0p08__fs2__r22,completed,fwd_3y_excess_cagr >= 0.08,,3,2,0,{},7,{},"{""class_weight"": 0.5, ""colsample_bytree"": 0.761502, ""learning_rate"": 0.0205121, ""max_depth"": 6, ""min_child_weight"": 129, ""n_estimators"": 243, ""reg_lambda"": 3.58595, ""subsample"": 0.716167}",e8dcb5b5a2a2fcba,256351,8215.438550146824,0.2232864499277101,0.2711904804494805,0.5773977657656268,0.17288451168151361,0.1734296112063903,0.19375,0.4920061961747706,0.0010542783294789824,0.22625,0.4554890098422766,0.003077812542511223,0.00022105835940688343,16,0.00011903142429601414,7
xgb_relvalue_random_search_3y__label_3y_excess_cagr_ge_0p08__fs1__r36,xgb_relvalue_random_search_3y__label_3y_excess_cagr_ge_0p08__fs1__r36,completed,fwd_3y_excess_cagr >= 0.08,,3,1,0,{},7,{},"{""class_weight"": 0.5, ""colsample_bytree"": 0.643968, ""learning_rate"": 0.0934681, ""max_depth"": 7, ""min_child_weight"": 60, ""n_estimators"": 146, ""reg_lambda"": 1.00008, ""subsample"": 0.634569}",cddbe3caede9f52f,256351,8215.438550146824,0.2232864499277101,0.2659032477860622,0.5764041689520685,0.17476040861275347,0.1734296112063903,0.221875,0.6372378744184971,0.0012073187321452864,0.23375,0.58956852119416,0.0031798394776220923,0.00011903142429601414,7,0.00011903142429601414,7
xgb_relvalue_random_search_3y__label_3y_excess_cagr_ge_0p08__fs0__r5,xgb_relvalue_random_search_3y__label_3y_excess_cagr_ge_0p08__fs0__r5,completed,fwd_3y_excess_cagr >= 0.08,,3,0,0,{},7,{},"{""class_weight"": 1.0, ""colsample_bytree"": 0.804017, ""learning_rate"": 0.0183269, ""max_depth"": 3, ""min_child_weight"": 298, ""n_estimators"": 172, ""reg_lambda"": 0.0130318, ""subsample"": 0.680308}",612ace9a0308c130,256351,8215.438550146824,0.2232864499277101,0.269375768712841,0.5702492764462895,0.1882015223140384,0.1734296112063903,0.253125,0.6285243518650532,0.001377363623996735,0.2425,0.6177566259354353,0.0032988709019181064,0.00011903142429601414,7,0.00011903142429601414,7
xgb_relvalue_random_search_3y__label_3y_excess_cagr_ge_0p08__fs0__r0,xgb_relvalue_random_search_3y__label_3y_excess_cagr_ge_0p08__fs0__r0,completed,fwd_3y_excess_cagr >= 0.08,,3,0,0,{},7,{},"{""class_weight"": 1.0, ""colsample_bytree"": 0.699567, ""learning_rate"": 0.0606132, ""max_depth"": 3, ""min_child_weight"": 22, ""n_estimators"": 144, ""reg_lambda"": 16.885, ""subsample"": 0.628168}",9fa0b77dd86093ff,256351,8215.438550146824,0.2232864499277101,0.2652957713026294,0.5727429755516782,0.1892605571771925,0.1734296112063903,0.20625,0.69455636292696,0.001122296286219562,0.225,0.6749228923767805,0.0030608080533260783,0.00028907631614746295,20,0.00011903142429601414,7
xgb_relvalue_random_search_3y__label_3y_excess_cagr_ge_0p08__fs0__r26,xgb_relvalue_random_search_3y__label_3y_excess_cagr_ge_0p08__fs0__r26,completed,fwd_3y_excess_cagr >= 0.08,,3,0,0,{},7,{},"{""class_weight"": 1.0, ""colsample_bytree"": 0.491946, ""learning_rate"": 0.138133, ""max_depth"": 4, ""min_child_weight"": 158, ""n_estimators"": 636, ""reg_lambda"": 0.882653, ""subsample"": 0.913177}",f3e8870241f665f2,256351,8215.438550146824,0.2232864499277101,0.26442553459820073,0.5735693713321176,0.1930854638252103,0.1734296112063903,0.209375,0.7842350080609322,0.0011393007754047068,0.235,0.7493877831101418,0.003196843966807237,0.00011903142429601414,7,0.00011903142429601414,7
xgb_relvalue_random_search_3y__label_3y_excess_cagr_ge_0p08__fs0__r36,xgb_relvalue_random_search_3y__label_3y_excess_cagr_ge_0p08__fs0__r36,completed,fwd_3y_excess_cagr >= 0.08,,3,0,0,{},7,{},"{""class_weight"": 0.5, ""colsample_bytree"": 0.643968, ""learning_rate"": 0.0934681, ""max_depth"": 7, ""min_child_weight"": 60, ""n_estimators"": 146, ""reg_lambda"": 1.00008, ""subsample"": 0.634569}",681c4bffe751545f,256351,8215.438550146824,0.2232864499277101,0.2659032477860622,0.5764041689520685,0.17476040861275347,0.1734296112063903,0.221875,0.6372378744184971,0.0012073187321452864,0.23375,0.58956852119416,0.0031798394776220923,0.00011903142429601414,7,0.00011903142429601414,7
xgb_relvalue_random_search_3y__label_3y_excess_cagr_ge_0p08__fs0__r39,xgb_relvalue_random_search_3y__label_3y_excess_cagr_ge_0p08__fs0__r39,completed,fwd_3y_excess_cagr >= 0.08,,3,0,0,{},7,{},"{""class_weight"": 1.0, ""colsample_bytree"": 0.814952, ""learning_rate"": 0.0450116, ""max_depth"": 4, ""min_child_weight"": 77, ""n_estimators"": 1107, ""reg_lambda"": 0.0378022, ""subsample"": 0.794864}",f61c6373dc933a20,256351,8215.438550146824,0.2232864499277101,0.26547148012858823,0.5755429027930791,0.19217357850506328,0.1734296112063903,0.221875,0.7719551557675004,0.0012073187321452864,0.2275,0.7369471390545368,0.003094817031696368,0.0001530404026663039,11,0.00011903142429601414,7
xgb_relvalue_random_search_3y__label_3y_excess_cagr_ge_0p08__fs0__r31,xgb_relvalue_random_search_3y__label_3y_excess_cagr_ge_0p08__fs0__r31,completed,fwd_3y_excess_cagr >= 0.08,,3,0,0,{},7,{},"{""class_weight"": 0.25, ""colsample_bytree"": 0.984671, ""learning_rate"": 0.011417, ""max_depth"": 5, ""min_child_weight"": 389, ""n_estimators"": 379, ""reg_lambda"": 0.0261663, ""subsample"": 0.767416}",81ece3067b290c80,256351,8215.438550146824,0.2232864499277101,0.275662814764412,0.5704823613282135,0.18132399765297524,0.1734296112063903,0.26875,0.24876978099346161,0.0014623860699224595,0.2675,0.2442113963700831,0.003638960685621004,0.00017004489185144879,11,0.00011903142429601414,7
xgb_relvalue_random_search_3y__label_3y_excess_cagr_ge_0p08__fs1__r11,xgb_relvalue_random_search_3y__label_3y_excess_cagr_ge_0p08__fs1__r11,completed,fwd_3y_excess_cagr >= 0.08,,3,1,0,{},7,{},"{""class_weight"": 1.0, ""colsample_bytree"": 0.530327, ""learning_rate"": 0.0257076, ""max_depth"": 7, ""min_child_weight"": 43, ""n_estimators"": 1137, ""reg_lambda"": 18.7065, ""subsample"": 0.736274}",b6dc0b800c09fa03,256351,8215.438550146824,0.2232864499277101,0.26576015876005493,0.5776449986864924,0.1917988011152074,0.1734296112063903,0.209375,0.782330266200006,0.0011393007754047068,0.22625,0.7450436733663082,0.003077812542511223,0.0001530404026663039,10,0.00011903142429601414,7
xgb_relvalue_random_search_3y__label_3y_excess_cagr_ge_0p08__fs1__r0,xgb_relvalue_random_search_3y__label_3y_excess_cagr_ge_0p08__fs1__r0,completed,fwd_3y_excess_cagr >= 0.08,,3,1,0,{},7,{},"{""class_weight"": 1.0, ""colsample_bytree"": 0.699567, ""learning_rate"": 0.0606132, ""max_depth"": 3, ""min_child_weight"": 22, ""n_estimators"": 144, ""reg_lambda"": 16.885, ""subsample"": 0.628168}",e058c57a72a0d25d,256351,8215.438550146824,0.2232864499277101,0.2652957713026294,0.5727429755516782,0.1892605571771925,0.1734296112063903,0.20625,0.69455636292696,0.001122296286219562,0.225,0.6749228923767805,0.0030608080533260783,0.00028907631614746295,20,0.00011903142429601414,7
xgb_relvalue_random_search_3y__label_3y_excess_cagr_ge_0p08__fs1__r5,xgb_relvalue_random_search_3y__label_3y_excess_cagr_ge_0p08__fs1__r5,completed,fwd_3y_excess_cagr >= 0.08,,3,1,0,{},7,{},"{""class_weight"": 1.0, ""colsample_bytree"": 0.804017, ""learning_rate"": 0.0183269, ""max_depth"": 3, ""min_child_weight"": 298, ""n_estimators"": 172, ""reg_lambda"": 0.0130318, ""subsample"": 0.680308}",89b052d9bd007a2f,256351,8215.438550146824,0.2232864499277101,0.269375768712841,0.5702492764462895,0.1882015223140384,0.1734296112063903,0.253125,0.6285243518650532,0.001377363623996735,0.2425,0.6177566259354353,0.0032988709019181064,0.00011903142429601414,7,0.00011903142429601414,7
xgb_relvalue_random_search_3y__label_3y_excess_cagr_ge_0p08__fs1__r9,xgb_relvalue_random_search_3y__label_3y_excess_cagr_ge_0p08__fs1__r9,completed,fwd_3y_excess_cagr >= 0.08,,3,1,0,{},7,{},"{""class_weight"": 0.5, ""colsample_bytree"": 0.843548, ""learning_rate"": 0.0179701, ""max_depth"": 3, ""min_child_weight"": 24, ""n_estimators"": 442, ""reg_lambda"": 13.0214, ""subsample"": 0.610777}",0bf9d2d660e09b3d,256351,8215.438550146824,0.2232864499277101,0.2650122205729857,0.57147971815131,0.17390639132051253,0.1734296112063903,0.20625,0.5405800756067037,0.001122296286219562,0.23375,0.5178010534495116,0.0031798394776220923,0.00027207182696231805,19,0.00011903142429601414,7
xgb_relvalue_random_search_3y__label_3y_excess_cagr_ge_0p08__fs0__r11,xgb_relvalue_random_search_3y__label_3y_excess_cagr_ge_0p08__fs0__r11,completed,fwd_3y_excess_cagr >= 0.08,,3,0,0,{},7,{},"{""class_weight"": 1.0, ""colsample_bytree"": 0.530327, ""learning_rate"": 0.0257076, ""max_depth"": 7, ""min_child_weight"": 43, ""n_estimators"": 1137, ""reg_lambda"": 18.7065, ""subsample"": 0.736274}",33fb3f2b6bc3482b,256351,8215.438550146824,0.2232864499277101,0.26576015876005493,0.5776449986864924,0.1917988011152074,0.1734296112063903,0.209375,0.782330266200006,0.0011393007754047068,0.22625,0.7450436733663082,0.003077812542511223,0.0001530404026663039,10,0.00011903142429601414,7
xgb_relvalue_random_search_3y__label_3y_excess_cagr_ge_0p08__fs0__r19,xgb_relvalue_random_search_3y__label_3y_excess_cagr_ge_0p08__fs0__r19,completed,fwd_3y_excess_cagr >= 0.08,,3,0,0,{},7,{},"{""class_weight"": 0.25, ""colsample_bytree"": 0.978036, ""learning_rate"": 0.151484, ""max_depth"": 5, ""min_child_weight"": 163, ""n_estimators"": 118, ""reg_lambda"": 6.3673, ""subsample"": 0.87335}",db17ee77485013df,256351,8215.438550146824,0.2232864499277101,0.26613720184474277,0.5714938094889022,0.18287386909068457,0.1734296112063903,0.21875,0.43794845035299657,0.0011903142429601414,0.24875,0.4023021093755961,0.003383893347843831,0.00013603591348115902,9,0.00011903142429601414,7
xgb_relvalue_random_search_3y__label_3y_excess_cagr_ge_0p08__fs0__r9,xgb_relvalue_random_search_3y__label_3y_excess_cagr_ge_0p08__fs0__r9,completed,fwd_3y_excess_cagr >= 0.08,,3,0,0,{},7,{},"{""class_weight"": 0.5, ""colsample_bytree"": 0.843548, ""learning_rate"": 0.0179701, ""max_depth"": 3, ""min_child_weight"": 24, ""n_estimators"": 442, ""reg_lambda"": 13.0214, ""subsample"": 0.610777}",de1ee48d338d8138,256351,8215.438550146824,0.2232864499277101,0.2650122205729857,0.57147971815131,0.17390639132051253,0.1734296112063903,0.20625,0.5405800756067037,0.001122296286219562,0.23375,0.5178010534495116,0.0031798394776220923,0.00027207182696231805,19,0.00011903142429601414,7
xgb_relvalue_random_search_3y__label_3y_excess_cagr_ge_0p08__fs0__r30,xgb_relvalue_random_search_3y__label_3y_excess_cagr_ge_0p08__fs0__r30,completed,fwd_3y_excess_cagr >= 0.08,,3,0,0,{},7,{},"{""class_weight"": 1.0, ""colsample_bytree"": 0.480477, ""learning_rate"": 0.0463604, ""max_depth"": 5, ""min_child_weight"": 265, ""n_estimators"": 153, ""reg_lambda"": 0.0109617, ""subsample"": 0.627026}",a393423f29529853,256351,8215.438550146824,0.2232864499277101,0.2676429711069374,0.5725223148717784,0.18917607903983605,0.1734296112063903,0.20625,0.6985243650153279,0.001122296286219562,0.235,0.6753640807420015,0.003196843966807237,0.00011903142429601414,7,0.00011903142429601414,7
xgb_relvalue_random_search_3y__label_3y_excess_cagr_ge_0p08__fs1__r13,xgb_relvalue_random_search_3y__label_3y_excess_cagr_ge_0p08__fs1__r13,completed,fwd_3y_excess_cagr >= 0.08,,3,1,0,{},7,{},"{""class_weight"": 1.0, ""colsample_bytree"": 0.845084, ""learning_rate"": 0.0512973, ""max_depth"": 7, ""min_child_weight"": 145, ""n_estimators"": 559, ""reg_lambda"": 5.19783, ""subsample"": 0.971001}",4a9bd3088150ea65,256351,8215.438550146824,0.2232864499277101,0.2654105362055172,0.5763359200891431,0.19142866361005947,0.1734296112063903,0.21875,0.7801590399816632,0.0011903142429601414,0.2225,0.7413454532623291,0.0030267990749557883,0.00010202693511086927,6,0.00010202693511086927,6
xgb_relvalue_random_search_3y__label_3y_excess_cagr_ge_0p08__fs0__r13,xgb_relvalue_random_search_3y__label_3y_excess_cagr_ge_0p08__fs0__r13,completed,fwd_3y_excess_cagr >= 0.08,,3,0,0,{},7,{},"{""class_weight"": 1.0, ""colsample_bytree"": 0.845084, ""learning_rate"": 0.0512973, ""max_depth"": 7, ""min_child_weight"": 145, ""n_estimators"": 559, ""reg_lambda"": 5.19783, ""subsample"": 0.971001}",d280ba500ed236b9,256351,8215.438550146824,0.2232864499277101,0.2654105362055172,0.5763359200891431,0.19142866361005947,0.1734296112063903,0.21875,0.7801590399816632,0.0011903142429601414,0.2225,0.7413454532623291,0.0030267990749557883,0.00010202693511086927,6,0.00010202693511086927,6
xgb_relvalue_random_search_3y__label_3y_excess_cagr_ge_0p08__fs2__r6,xgb_relvalue_random_search_3y__label_3y_excess_cagr_ge_0p08__fs2__r6,completed,fwd_3y_excess_cagr >= 0.08,,3,2,0,{},7,{},"{""class_weight"": 0.5, ""colsample_bytree"": 0.681345, ""learning_rate"": 0.150976, ""max_depth"": 4, ""min_child_weight"": 162, ""n_estimators"": 232, ""reg_lambda"": 0.0114468, ""subsample"": 0.663929}",df57b31eed80438b,256351,8215.438550146824,0.2232864499277101,0.278736833066901,0.5874252740109912,0.17339685117890719,0.1734296112063903,0.246875,0.5113628747873008,0.0013433546456264455,0.2325,0.47874738696962593,0.0031628349884369475,0.00020405387022173855,14,0.00010202693511086927,6
xgb_relvalue_random_search_3y__label_3y_excess_cagr_ge_0p08__fs2__r3,xgb_relvalue_random_search_3y__label_3y_excess_cagr_ge_0p08__fs2__r3,completed,fwd_3y_excess_cagr >= 0.08,,3,2,0,{},7,{},"{""class_weight"": 1.0, ""colsample_bytree"": 0.732238, ""learning_rate"": 0.0425804, ""max_depth"": 4, ""min_child_weight"": 58, ""n_estimators"": 435, ""reg_lambda"": 0.0657917, ""subsample"": 0.920881}",8ed2da98db510730,256351,8215.438550146824,0.2232864499277101,0.2790814456077662,0.5875769915547149,0.18276794325298043,0.1734296112063903,0.234375,0.6561792047694326,0.0012753366888858658,0.23875,0.6244111963361502,0.003247857434362672,0.00020405387022173855,15,0.00010202693511086927,6
xgb_relvalue_random_search_3y__label_3y_excess_cagr_ge_0p08__fs2__r20,xgb_relvalue_random_search_3y__label_3y_excess_cagr_ge_0p08__fs2__r20,completed,fwd_3y_excess_cagr >= 0.08,,3,2,0,{},7,{},"{""class_weight"": 0.5, ""colsample_bytree"": 0.678966, ""learning_rate"": 0.0115923, ""max_depth"": 3, ""min_child_weight"": 221, ""n_estimators"": 596, ""reg_lambda"": 6.27754, ""subsample"": 0.904166}",c978bb484f2fd0e7,256351,8215.438550146824,0.2232864499277101,0.2678300875718293,0.5705881051022248,0.17341371440905706,0.1734296112063903,0.21875,0.4881310169585049,0.0011903142429601414,0.23125,0.4589597652852535,0.0031458304992518023,0.00032308529451775266,24,0.00010202693511086927,6
xgb_relvalue_random_search_3y__label_3y_excess_cagr_ge_0p08__fs2__r11,xgb_relvalue_random_search_3y__label_3y_excess_cagr_ge_0p08__fs2__r11,completed,fwd_3y_excess_cagr >= 0.08,,3,2,0,{},7,{},"{""class_weight"": 1.0, ""colsample_bytree"": 0.530327, ""learning_rate"": 0.0257076, ""max_depth"": 7, ""min_child_weight"": 43, ""n_estimators"": 1137, ""reg_lambda"": 18.7065, ""subsample"": 0.736274}",7b804ae77e2bf9a1,256351,8215.438550146824,0.2232864499277101,0.28164456474002786,0.5917147230744383,0.18276149013206933,0.1734296112063903,0.2375,0.6708341736346484,0.0012923411780710106,0.23875,0.6417185820266604,0.003247857434362672,0.0001530404026663039,10,0.00010202693511086927,6
xgb_relvalue_random_search_3y__label_3y_excess_cagr_ge_0p08__fs2__r29,xgb_relvalue_random_search_3y__label_3y_excess_cagr_ge_0p08__fs2__r29,completed,fwd_3y_excess_cagr >= 0.08,,3,2,0,{},7,{},"{""class_weight"": 1.0, ""colsample_bytree"": 0.657024, ""learning_rate"": 0.128385, ""max_depth"": 5, ""min_child_weight"": 30, ""n_estimators"": 463, ""reg_lambda"": 0.274574, ""subsample"": 0.811304}",88ef521d027d2893,256351,8215.438550146824,0.2232864499277101,0.28084465233072353,0.5868634043449776,0.18449495090900186,0.1734296112063903,0.2875,0.7061821959912777,0.0015644130050333287,0.26,0.6747876980155706,0.003536933750510135,0.0003570942728880424,26,0.00010202693511086927,6
xgb_relvalue_random_search_3y__label_3y_excess_cagr_ge_0p08__fs0__r23,xgb_relvalue_random_search_3y__label_3y_excess_cagr_ge_0p08__fs0__r23,completed,fwd_3y_excess_cagr >= 0.08,,3,0,0,{},7,{},"{""class_weight"": 1.0, ""colsample_bytree"": 0.649066, ""learning_rate"": 0.0524544, ""max_depth"": 6, ""min_child_weight"": 150, ""n_estimators"": 363, ""reg_lambda"": 0.0786628, ""subsample"": 0.991753}",ed280c1407f28aed,256351,8215.438550146824,0.2232864499277101,0.26588401003983925,0.5763085274422648,0.19072600806207943,0.1734296112063903,0.21875,0.7660769009962678,0.0011903142429601414,0.23125,0.7290633933246136,0.0031458304992518023,0.00010202693511086927,7,8.502244592572439e-05,5
xgb_relvalue_random_search_3y__label_3y_excess_cagr_ge_0p08__fs0__r35,xgb_relvalue_random_search_3y__label_3y_excess_cagr_ge_0p08__fs0__r35,completed,fwd_3y_excess_cagr >= 0.08,,3,0,0,{},7,{},"{""class_weight"": 0.25, ""colsample_bytree"": 0.427008, ""learning_rate"": 0.0387351, ""max_depth"": 3, ""min_child_weight"": 275, ""n_estimators"": 972, ""reg_lambda"": 0.186001, ""subsample"": 0.954949}",ace23deb9c95db91,256351,8215.438550146824,0.2232864499277101,0.26594712261488074,0.5692116087531545,0.18279593012592674,0.1734296112063903,0.253125,0.42094402788206936,0.001377363623996735,0.23625,0.38830722980201243,0.003213848455992382,0.00010202693511086927,7,8.502244592572439e-05,5
xgb_relvalue_random_search_3y__label_3y_excess_cagr_ge_0p08__fs2__r21,xgb_relvalue_random_search_3y__label_3y_excess_cagr_ge_0p08__fs2__r21,completed,fwd_3y_excess_cagr >= 0.08,,3,2,0,{},7,{},"{""class_weight"": 0.5, ""colsample_bytree"": 0.873844, ""learning_rate"": 0.0210949, ""max_depth"": 4, ""min_child_weight"": 30, ""n_estimators"": 264, ""reg_lambda"": 0.538333, ""subsample"": 0.714329}",2c082d87c43870fa,256351,8215.438550146824,0.2232864499277101,0.27148377973175447,0.5789947540518088,0.17288859294365783,0.1734296112063903,0.209375,0.5024668466299772,0.0011393007754047068,0.22125,0.4641232828050852,0.0030097945857706435,0.00027207182696231805,20,8.502244592572439e-05,5
xgb_relvalue_random_search_3y__label_3y_excess_cagr_ge_0p08__fs2__r15,xgb_relvalue_random_search_3y__label_3y_excess_cagr_ge_0p08__fs2__r15,completed,fwd_3y_excess_cagr >= 0.08,,3,2,0,{},7,{},"{""class_weight"": 0.5, ""colsample_bytree"": 0.615647, ""learning_rate"": 0.0162983, ""max_depth"": 3, ""min_child_weight"": 399, ""n_estimators"": 143, ""reg_lambda"": 0.0707149, ""subsample"": 0.742888}",0603e402ece5ac65,256351,8215.438550146824,0.2232864499277101,0.2704572763908447,0.56538666098606,0.17217211952339884,0.1734296112063903,0.25625,0.38567175092175604,0.00139436811318188,0.26875,0.3739530435204506,0.003655965174806149,8.502244592572439e-05,5,8.502244592572439e-05,5
xgb_relvalue_random_search_3y__label_3y_excess_cagr_ge_0p08__fs2__r17,xgb_relvalue_random_search_3y__label_3y_excess_cagr_ge_0p08__fs2__r17,completed,fwd_3y_excess_cagr >= 0.08,,3,2,0,{},7,{},"{""class_weight"": 0.5, ""colsample_bytree"": 0.423183, ""learning_rate"": 0.014123, ""max_depth"": 4, ""min_child_weight"": 106, ""n_estimators"": 487, ""reg_lambda"": 0.134701, ""subsample"": 0.857381}",7013819212f65c13,256351,8215.438550146824,0.2232864499277101,0.27065994296635726,0.5769037587038464,0.17299494620855296,0.1734296112063903,0.190625,0.5047289687208831,0.0010372738402938376,0.2325,0.46918635953217747,0.0031628349884369475,0.0002550673377771732,18,8.502244592572439e-05,5
xgb_relvalue_random_search_3y__label_3y_excess_cagr_ge_0p08__fs2__r38,xgb_relvalue_random_search_3y__label_3y_excess_cagr_ge_0p08__fs2__r38,completed,fwd_3y_excess_cagr >= 0.08,,3,2,0,{},7,{},"{""class_weight"": 0.25, ""colsample_bytree"": 0.756387, ""learning_rate"": 0.0751828, ""max_depth"": 7, ""min_child_weight"": 61, ""n_estimators"": 158, ""reg_lambda"": 0.103354, ""subsample"": 0.888263}",90cf2e6926bad6a6,256351,8215.438550146824,0.2232864499277101,0.27829450708682985,0.5891814497399073,0.18357501115984848,0.1734296112063903,0.240625,0.36082723531872035,0.0013093456672561557,0.2325,0.32528815964236857,0.0031628349884369475,0.00023806284859202828,17,8.502244592572439e-05,5
xgb_relvalue_random_search_3y__label_3y_excess_cagr_ge_0p08__fs2__r34,xgb_relvalue_random_search_3y__label_3y_excess_cagr_ge_0p08__fs2__r34,completed,fwd_3y_excess_cagr >= 0.08,,3,2,0,{},7,{},"{""class_weight"": 0.25, ""colsample_bytree"": 0.442845, ""learning_rate"": 0.0117379, ""max_depth"": 5, ""min_child_weight"": 39, ""n_estimators"": 261, ""reg_lambda"": 3.72026, ""subsample"": 0.843966}",6dc0f5e7e1d0e202,256351,8215.438550146824,0.2232864499277101,0.2689870893770433,0.5745567063294124,0.18306491800180205,0.1734296112063903,0.184375,0.3289455873891711,0.0010032648619235477,0.21125,0.29836319021880625,0.0028737586722894846,0.00010202693511086927,7,8.502244592572439e-05,5
xgb_relvalue_random_search_3y__label_3y_excess_cagr_ge_0p08__fs2__r30,xgb_relvalue_random_search_3y__label_3y_excess_cagr_ge_0p08__fs2__r30,completed,fwd_3y_excess_cagr >= 0.08,,3,2,0,{},7,{},"{""class_weight"": 1.0, ""colsample_bytree"": 0.480477, ""learning_rate"": 0.0463604, ""max_depth"": 5, ""min_child_weight"": 265, ""n_estimators"": 153, ""reg_lambda"": 0.0109617, ""subsample"": 0.627026}",792f99bd3f108009,256351,8215.438550146824,0.2232864499277101,0.27093324259384477,0.5762544871593824,0.18437484487475408,0.1734296112063903,0.24375,0.6525757251307368,0.0013263501564413005,0.22,0.6230837897956372,0.0029927900965854987,0.0003060808053326078,22,8.502244592572439e-05,5
xgb_relvalue_random_search_3y__label_3y_excess_cagr_ge_0p08__fs1__r29,xgb_relvalue_random_search_3y__label_3y_excess_cagr_ge_0p08__fs1__r29,completed,fwd_3y_excess_cagr >= 0.08,,3,1,0,{},7,{},"{""class_weight"": 1.0, ""colsample_bytree"": 0.657024, ""learning_rate"": 0.128385, ""max_depth"": 5, ""min_child_weight"": 30, ""n_estimators"": 463, ""reg_lambda"": 0.274574, ""subsample"": 0.811304}",972423d311db3fad,256351,8215.438550146824,0.2232864499277101,0.26512421170788975,0.5752531558191394,0.19436303594418042,0.1734296112063903,0.2125,0.7963030630722642,0.0011563052645898518,0.22375,0.7594870337098837,0.003043803564140933,8.502244592572439e-05,5,8.502244592572439e-05,5
xgb_relvalue_random_search_3y__label_3y_excess_cagr_ge_0p08__fs1__r35,xgb_relvalue_random_search_3y__label_3y_excess_cagr_ge_0p08__fs1__r35,completed,fwd_3y_excess_cagr >= 0.08,,3,1,0,{},7,{},"{""class_weight"": 0.25, ""colsample_bytree"": 0.427008, ""learning_rate"": 0.0387351, ""max_depth"": 3, ""min_child_weight"": 275, ""n_estimators"": 972, ""reg_lambda"": 0.186001, ""subsample"": 0.954949}",bdc3ae1f3bd8aa5c,256351,8215.438550146824,0.2232864499277101,0.26594712261488074,0.5692116087531545,0.18279593012592674,0.1734296112063903,0.253125,0.42094402788206936,0.001377363623996735,0.23625,0.38830722980201243,0.003213848455992382,0.00010202693511086927,7,8.502244592572439e-05,5
xgb_relvalue_random_search_3y__label_3y_excess_cagr_ge_0p08__fs2__r2,xgb_relvalue_random_search_3y__label_3y_excess_cagr_ge_0p08__fs2__r2,completed,fwd_3y_excess_cagr >= 0.08,,3,2,0,{},7,{},"{""class_weight"": 0.25, ""colsample_bytree"": 0.872824, ""learning_rate"": 0.0745005, ""max_depth"": 3, ""min_child_weight"": 93, ""n_estimators"": 761, ""reg_lambda"": 0.811337, ""subsample"": 0.992365}",47763add908f36ce,256351,8215.438550146824,0.2232864499277101,0.27751915690367046,0.5862841850877529,0.1842216660754146,0.1734296112063903,0.265625,0.3492512937169522,0.0014453815807373147,0.25,0.3203460104577243,0.0034008978370289756,0.00013603591348115902,10,8.502244592572439e-05,5
xgb_relvalue_random_search_3y__label_3y_excess_cagr_ge_0p08__fs1__r32,xgb_relvalue_random_search_3y__label_3y_excess_cagr_ge_0p08__fs1__r32,completed,fwd_3y_excess_cagr >= 0.08,,3,1,0,{},7,{},"{""class_weight"": 1.0, ""colsample_bytree"": 0.828491, ""learning_rate"": 0.0506437, ""max_depth"": 4, ""min_child_weight"": 47, ""n_estimators"": 189, ""reg_lambda"": 10.3415, ""subsample"": 0.906497}",49bb678b05b3067a,256351,8215.438550146824,0.2232864499277101,0.2658406648841732,0.5750926589289591,0.18956616380581984,0.1734296112063903,0.209375,0.7246658051386475,0.0011393007754047068,0.22875,0.6974053109437227,0.0031118215208815127,0.00020405387022173855,15,8.502244592572439e-05,5
xgb_relvalue_random_search_3y__label_3y_excess_cagr_ge_0p08__fs1__r23,xgb_relvalue_random_search_3y__label_3y_excess_cagr_ge_0p08__fs1__r23,completed,fwd_3y_excess_cagr >= 0.08,,3,1,0,{},7,{},"{""class_weight"": 1.0, ""colsample_bytree"": 0.649066, ""learning_rate"": 0.0524544, ""max_depth"": 6, ""min_child_weight"": 150, ""n_estimators"": 363, ""reg_lambda"": 0.0786628, ""subsample"": 0.991753}",b3df8d1abc728c53,256351,8215.438550146824,0.2232864499277101,0.26588401003983925,0.5763085274422648,0.19072600806207943,0.1734296112063903,0.21875,0.7660769009962678,0.0011903142429601414,0.23125,0.7290633933246136,0.0031458304992518023,0.00010202693511086927,7,8.502244592572439e-05,5
xgb_relvalue_random_search_3y__label_3y_excess_cagr_ge_0p08__fs2__r25,xgb_relvalue_random_search_3y__label_3y_excess_cagr_ge_0p08__fs2__r25,completed,fwd_3y_excess_cagr >= 0.08,,3,2,0,{},7,{},"{""class_weight"": 1.0, ""colsample_bytree"": 0.94108, ""learning_rate"": 0.0961521, ""max_depth"": 6, ""min_child_weight"": 49, ""n_estimators"": 497, ""reg_lambda"": 0.152233, ""subsample"": 0.899938}",a79258895083f111,256351,8215.438550146824,0.2232864499277101,0.28119978875044127,0.58785024582081,0.183761904194522,0.1734296112063903,0.3125,0.693250386044383,0.0017004489185144878,0.26625,0.6659433264285326,0.003621956196435859,0.00022105835940688343,16,8.502244592572439e-05,5
xgb_relvalue_random_search_3y__label_3y_excess_cagr_ge_0p08__fs0__r29,xgb_relvalue_random_search_3y__label_3y_excess_cagr_ge_0p08__fs0__r29,completed,fwd_3y_excess_cagr >= 0.08,,3,0,0,{},7,{},"{""class_weight"": 1.0, ""colsample_bytree"": 0.657024, ""learning_rate"": 0.128385, ""max_depth"": 5, ""min_child_weight"": 30, ""n_estimators"": 463, ""reg_lambda"": 0.274574, ""subsample"": 0.811304}",c3c3bc134d5d274b,256351,8215.438550146824,0.2232864499277101,0.26512421170788975,0.5752531558191394,0.19436303594418042,0.1734296112063903,0.2125,0.7963030630722642,0.0011563052645898518,0.22375,0.7594870337098837,0.003043803564140933,8.502244592572439e-05,5,8.502244592572439e-05,5
xgb_relvalue_random_search_3y__label_3y_excess_cagr_ge_0p08__fs0__r32,xgb_relvalue_random_search_3y__label_3y_excess_cagr_ge_0p08__fs0__r32,completed,fwd_3y_excess_cagr >= 0.08,,3,0,0,{},7,{},"{""class_weight"": 1.0, ""colsample_bytree"": 0.828491, ""learning_rate"": 0.0506437, ""max_depth"": 4, ""min_child_weight"": 47, ""n_estimators"": 189, ""reg_lambda"": 10.3415, ""subsample"": 0.906497}",e63bcb2eb3d909e3,256351,8215.438550146824,0.2232864499277101,0.2658406648841732,0.5750926589289591,0.18956616380581984,0.1734296112063903,0.209375,0.7246658051386475,0.0011393007754047068,0.22875,0.6974053109437227,0.0031118215208815127,0.00020405387022173855,15,8.502244592572439e-05,5
xgb_relvalue_random_search_3y__label_3y_excess_cagr_ge_0p08__fs2__r31,xgb_relvalue_random_search_3y__label_3y_excess_cagr_ge_0p08__fs2__r31,completed,fwd_3y_excess_cagr >= 0.08,,3,2,0,{},7,{},"{""class_weight"": 0.25, ""colsample_bytree"": 0.984671, ""learning_rate"": 0.011417, ""max_depth"": 5, ""min_child_weight"": 389, ""n_estimators"": 379, ""reg_lambda"": 0.0261663, ""subsample"": 0.767416}",d1b3cbe44ba8afc4,256351,8215.438550146824,0.2232864499277101,0.2719370939109099,0.5647712983340447,0.1829671484538498,0.1734296112063903,0.2375,0.24316171347163618,0.0012923411780710106,0.24875,0.2337449744902551,0.003383893347843831,6.801795674057951e-05,4,6.801795674057951e-05,4
xgb_relvalue_random_search_3y__label_3y_excess_cagr_ge_0p08__fs2__r35,xgb_relvalue_random_search_3y__label_3y_excess_cagr_ge_0p08__fs2__r35,completed,fwd_3y_excess_cagr >= 0.08,,3,2,0,{},7,{},"{""class_weight"": 0.25, ""colsample_bytree"": 0.427008, ""learning_rate"": 0.0387351, ""max_depth"": 3, ""min_child_weight"": 275, ""n_estimators"": 972, ""reg_lambda"": 0.186001, ""subsample"": 0.954949}",9d9f26183c60b886,256351,8215.438550146824,0.2232864499277101,0.27675183711412127,0.5820021535720138,0.18377368249448367,0.1734296112063903,0.221875,0.3348491893615574,0.0012073187321452864,0.22125,0.3088397957570851,0.0030097945857706435,6.801795674057951e-05,4,6.801795674057951e-05,4
xgb_relvalue_random_search_3y__label_3y_excess_cagr_ge_0p08__fs2__r28,xgb_relvalue_random_search_3y__label_3y_excess_cagr_ge_0p08__fs2__r28,completed,fwd_3y_excess_cagr >= 0.08,,3,2,0,{},7,{},"{""class_weight"": 0.5, ""colsample_bytree"": 0.928801, ""learning_rate"": 0.0138326, ""max_depth"": 5, ""min_child_weight"": 276, ""n_estimators"": 252, ""reg_lambda"": 0.0207151, ""subsample"": 0.847733}",0792cc275488aacd,256351,8215.438550146824,0.2232864499277101,0.27022242844299715,0.5705043809166586,0.17268954661205002,0.1734296112063903,0.221875,0.45596810141578314,0.0012073187321452864,0.24625,0.4297411782294512,0.003349884369473541,0.00023806284859202828,18,6.801795674057951e-05,4
xgb_relvalue_random_search_3y__label_3y_excess_cagr_ge_0p08__fs1__r22,xgb_relvalue_random_search_3y__label_3y_excess_cagr_ge_0p08__fs1__r22,completed,fwd_3y_excess_cagr >= 0.08,,3,1,0,{},7,{},"{""class_weight"": 0.5, ""colsample_bytree"": 0.761502, ""learning_rate"": 0.0205121, ""max_depth"": 6, ""min_child_weight"": 129, ""n_estimators"": 243, ""reg_lambda"": 3.58595, ""subsample"": 0.716167}",a55bc9e3a7483052,256351,8215.438550146824,0.2232864499277101,0.2670691949883886,0.5735400684883867,0.17345798579859012,0.1734296112063903,0.20625,0.5524663588963449,0.001122296286219562,0.23,0.5222543810680509,0.0031288260100666575,0.00010202693511086927,7,6.801795674057951e-05,4
xgb_relvalue_random_search_3y__label_3y_excess_cagr_ge_0p08__fs1__r27,xgb_relvalue_random_search_3y__label_3y_excess_cagr_ge_0p08__fs1__r27,completed,fwd_3y_excess_cagr >= 0.08,,3,1,0,{},7,{},"{""class_weight"": 1.0, ""colsample_bytree"": 0.739476, ""learning_rate"": 0.0120614, ""max_depth"": 5, ""min_child_weight"": 105, ""n_estimators"": 757, ""reg_lambda"": 2.83967, ""subsample"": 0.921261}",a03fca7a037a632b,256351,8215.438550146824,0.2232864499277101,0.266225761715674,0.5765180842891721,0.18945018703527333,0.1734296112063903,0.2125,0.7367672719061374,0.0011563052645898518,0.22,0.7055780704319478,0.0029927900965854987,6.801795674057951e-05,4,6.801795674057951e-05,4
xgb_relvalue_random_search_3y__label_3y_excess_cagr_ge_0p08__fs1__r14,xgb_relvalue_random_search_3y__label_3y_excess_cagr_ge_0p08__fs1__r14,completed,fwd_3y_excess_cagr >= 0.08,,3,1,0,{},7,{},"{""class_weight"": 0.5, ""colsample_bytree"": 0.775678, ""learning_rate"": 0.0153764, ""max_depth"": 3, ""min_child_weight"": 75, ""n_estimators"": 706, ""reg_lambda"": 12.9114, ""subsample"": 0.903691}",fc25bcef7797c9a4,256351,8215.438550146824,0.2232864499277101,0.2648320082907162,0.5713224631502165,0.1741683304008551,0.1734296112063903,0.215625,0.5556170450523495,0.0011733097537749966,0.23125,0.5301822526007891,0.0031458304992518023,0.00010202693511086927,7,6.801795674057951e-05,4
xgb_relvalue_random_search_3y__label_3y_excess_cagr_ge_0p08__fs0__r12,xgb_relvalue_random_search_3y__label_3y_excess_cagr_ge_0p08__fs0__r12,completed,fwd_3y_excess_cagr >= 0.08,,3,0,0,{},7,{},"{""class_weight"": 0.25, ""colsample_bytree"": 0.588592, ""learning_rate"": 0.0935902, ""max_depth"": 5, ""min_child_weight"": 23, ""n_estimators"": 118, ""reg_lambda"": 0.254032, ""subsample"": 0.698038}",3004e53375a01271,256351,8215.438550146824,0.2232864499277101,0.26515780915439163,0.5754991029985452,0.18281402880951092,0.1734296112063903,0.20625,0.4661369567736983,0.001122296286219562,0.21625,0.41897251166403293,0.002941776629030064,8.502244592572439e-05,6,6.801795674057951e-05,4
xgb_relvalue_random_search_3y__label_3y_excess_cagr_ge_0p08__fs0__r14,xgb_relvalue_random_search_3y__label_3y_excess_cagr_ge_0p08__fs0__r14,completed,fwd_3y_excess_cagr >= 0.08,,3,0,0,{},7,{},"{""class_weight"": 0.5, ""colsample_bytree"": 0.775678, ""learning_rate"": 0.0153764, ""max_depth"": 3, ""min_child_weight"": 75, ""n_estimators"": 706, ""reg_lambda"": 12.9114, ""subsample"": 0.903691}",a361541e6d452ed4,256351,8215.438550146824,0.2232864499277101,0.2648320082907162,0.5713224631502165,0.1741683304008551,0.1734296112063903,0.215625,0.5556170450523495,0.0011733097537749966,0.23125,0.5301822526007891,0.0031458304992518023,0.00010202693511086927,7,6.801795674057951e-05,4
xgb_relvalue_random_search_3y__label_3y_excess_cagr_ge_0p08__fs0__r27,xgb_relvalue_random_search_3y__label_3y_excess_cagr_ge_0p08__fs0__r27,completed,fwd_3y_excess_cagr >= 0.08,,3,0,0,{},7,{},"{""class_weight"": 1.0, ""colsample_bytree"": 0.739476, ""learning_rate"": 0.0120614, ""max_depth"": 5, ""min_child_weight"": 105, ""n_estimators"": 757, ""reg_lambda"": 2.83967, ""subsample"": 0.921261}",c02916e01b731253,256351,8215.438550146824,0.2232864499277101,0.266225761715674,0.5765180842891721,0.18945018703527333,0.1734296112063903,0.2125,0.7367672719061374,0.0011563052645898518,0.22,0.7055780704319478,0.0029927900965854987,6.801795674057951e-05,4,6.801795674057951e-05,4
xgb_relvalue_random_search_3y__label_3y_excess_cagr_ge_0p08__fs1__r12,xgb_relvalue_random_search_3y__label_3y_excess_cagr_ge_0p08__fs1__r12,completed,fwd_3y_excess_cagr >= 0.08,,3,1,0,{},7,{},"{""class_weight"": 0.25, ""colsample_bytree"": 0.588592, ""learning_rate"": 0.0935902, ""max_depth"": 5, ""min_child_weight"": 23, ""n_estimators"": 118, ""reg_lambda"": 0.254032, ""subsample"": 0.698038}",c160dc2d2d6ea0d2,256351,8215.438550146824,0.2232864499277101,0.26515780915439163,0.5754991029985452,0.18281402880951092,0.1734296112063903,0.20625,0.4661369567736983,0.001122296286219562,0.21625,0.41897251166403293,0.002941776629030064,8.502244592572439e-05,6,6.801795674057951e-05,4
xgb_relvalue_random_search_3y__label_3y_excess_cagr_ge_0p08__fs1__r10,xgb_relvalue_random_search_3y__label_3y_excess_cagr_ge_0p08__fs1__r10,completed,fwd_3y_excess_cagr >= 0.08,,3,1,0,{},7,{},"{""class_weight"": 0.5, ""colsample_bytree"": 0.514102, ""learning_rate"": 0.0132089, ""max_depth"": 7, ""min_child_weight"": 21, ""n_estimators"": 207, ""reg_lambda"": 3.37486, ""subsample"": 0.797272}",b12595c6842931ce,256351,8215.438550146824,0.2232864499277101,0.26633427465954573,0.5766238411643562,0.17294498914135695,0.1734296112063903,0.184375,0.5502877529710531,0.0010032648619235477,0.23125,0.5138110300526023,0.0031458304992518023,6.801795674057951e-05,4,6.801795674057951e-05,4
xgb_relvalue_random_search_3y__label_3y_excess_cagr_ge_0p08__fs0__r22,xgb_relvalue_random_search_3y__label_3y_excess_cagr_ge_0p08__fs0__r22,completed,fwd_3y_excess_cagr >= 0.08,,3,0,0,{},7,{},"{""class_weight"": 0.5, ""colsample_bytree"": 0.761502, ""learning_rate"": 0.0205121, ""max_depth"": 6, ""min_child_weight"": 129, ""n_estimators"": 243, ""reg_lambda"": 3.58595, ""subsample"": 0.716167}",3dd32123901b15cc,256351,8215.438550146824,0.2232864499277101,0.2670691949883886,0.5735400684883867,0.17345798579859012,0.1734296112063903,0.20625,0.5524663588963449,0.001122296286219562,0.23,0.5222543810680509,0.0031288260100666575,0.00010202693511086927,7,6.801795674057951e-05,4
xgb_relvalue_random_search_3y__label_3y_excess_cagr_ge_0p08__fs0__r10,xgb_relvalue_random_search_3y__label_3y_excess_cagr_ge_0p08__fs0__r10,completed,fwd_3y_excess_cagr >= 0.08,,3,0,0,{},7,{},"{""class_weight"": 0.5, ""colsample_bytree"": 0.514102, ""learning_rate"": 0.0132089, ""max_depth"": 7, ""min_child_weight"": 21, ""n_estimators"": 207, ""reg_lambda"": 3.37486, ""subsample"": 0.797272}",13d4b7765c836125,256351,8215.438550146824,0.2232864499277101,0.26633427465954573,0.5766238411643562,0.17294498914135695,0.1734296112063903,0.184375,0.5502877529710531,0.0010032648619235477,0.23125,0.5138110300526023,0.0031458304992518023,6.801795674057951e-05,4,6.801795674057951e-05,4
xgb_relvalue_random_search_3y__label_3y_excess_cagr_ge_0p08__fs0__r21,xgb_relvalue_random_search_3y__label_3y_excess_cagr_ge_0p08__fs0__r21,completed,fwd_3y_excess_cagr >= 0.08,,3,0,0,{},7,{},"{""class_weight"": 0.5, ""colsample_bytree"": 0.873844, ""learning_rate"": 0.0210949, ""max_depth"": 4, ""min_child_weight"": 30, ""n_estimators"": 264, ""reg_lambda"": 0.538333, ""subsample"": 0.714329}",d6d47f98ca9147e1,256351,8215.438550146824,0.2232864499277101,0.265837316031725,0.57428417385523,0.17378611324029974,0.1734296112063903,0.196875,0.5619097613729537,0.0010712828186641274,0.235,0.5302388422936201,0.003196843966807237,0.00010202693511086927,7,5.101346755543464e-05,3
xgb_relvalue_random_search_3y__label_3y_excess_cagr_ge_0p08__fs0__r18,xgb_relvalue_random_search_3y__label_3y_excess_cagr_ge_0p08__fs0__r18,completed,fwd_3y_excess_cagr >= 0.08,,3,0,0,{},7,{},"{""class_weight"": 1.0, ""colsample_bytree"": 0.478395, ""learning_rate"": 0.0257098, ""max_depth"": 4, ""min_child_weight"": 65, ""n_estimators"": 966, ""reg_lambda"": 0.0252444, ""subsample"": 0.634466}",1f9f03c5fced75cc,256351,8215.438550146824,0.2232864499277101,0.265496133905855,0.575250816409968,0.19081788377754105,0.1734296112063903,0.225,0.7533336641266942,0.0012243232213304312,0.21,0.7204115524142981,0.0028567541831043394,6.801795674057951e-05,5,5.101346755543464e-05,3
xgb_relvalue_random_search_3y__label_3y_excess_cagr_ge_0p08__fs0__r17,xgb_relvalue_random_search_3y__label_3y_excess_cagr_ge_0p08__fs0__r17,completed,fwd_3y_excess_cagr >= 0.08,,3,0,0,{},7,{},"{""class_weight"": 0.5, ""colsample_bytree"": 0.423183, ""learning_rate"": 0.014123, ""max_depth"": 4, ""min_child_weight"": 106, ""n_estimators"": 487, ""reg_lambda"": 0.134701, ""subsample"": 0.857381}",59a74ab3e580c401,256351,8215.438550146824,0.2232864499277101,0.2659701744681291,0.5725057381627201,0.17375888132499492,0.1734296112063903,0.20625,0.558902513422072,0.001122296286219562,0.2275,0.5268146373331547,0.003094817031696368,5.101346755543464e-05,3,5.101346755543464e-05,3
xgb_relvalue_random_search_3y__label_3y_excess_cagr_ge_0p08__fs0__r7,xgb_relvalue_random_search_3y__label_3y_excess_cagr_ge_0p08__fs0__r7,completed,fwd_3y_excess_cagr >= 0.08,,3,0,0,{},7,{},"{""class_weight"": 1.0, ""colsample_bytree"": 0.67583, ""learning_rate"": 0.0792618, ""max_depth"": 7, ""min_child_weight"": 24, ""n_estimators"": 109, ""reg_lambda"": 8.73499, ""subsample"": 0.835153}",76d90ff55689eee5,256351,8215.438550146824,0.2232864499277101,0.2656894278578079,0.5772627912873518,0.19036309772997573,0.1734296112063903,0.203125,0.7611135207116604,0.001105291797034417,0.2125,0.7255680156499147,0.0028907631614746294,5.101346755543464e-05,3,5.101346755543464e-05,3
xgb_relvalue_random_search_3y__label_3y_excess_cagr_ge_0p08__fs0__r3,xgb_relvalue_random_search_3y__label_3y_excess_cagr_ge_0p08__fs0__r3,completed,fwd_3y_excess_cagr >= 0.08,,3,0,0,{},7,{},"{""class_weight"": 1.0, ""colsample_bytree"": 0.732238, ""learning_rate"": 0.0425804, ""max_depth"": 4, ""min_child_weight"": 58, ""n_estimators"": 435, ""reg_lambda"": 0.0657917, ""subsample"": 0.920881}",728be4a1101d701f,256351,8215.438550146824,0.2232864499277101,0.2654611535632565,0.5758327489122197,0.19058390688887986,0.1734296112063903,0.203125,0.7478299785405398,0.001105291797034417,0.2225,0.7160731056332588,0.0030267990749557883,8.502244592572439e-05,6,5.101346755543464e-05,3
xgb_relvalue_random_search_3y__label_3y_excess_cagr_ge_0p08__fs0__r2,xgb_relvalue_random_search_3y__label_3y_excess_cagr_ge_0p08__fs0__r2,completed,fwd_3y_excess_cagr >= 0.08,,3,0,0,{},7,{},"{""class_weight"": 0.25, ""colsample_bytree"": 0.872824, ""learning_rate"": 0.0745005, ""max_depth"": 3, ""min_child_weight"": 93, ""n_estimators"": 761, ""reg_lambda"": 0.811337, ""subsample"": 0.992365}",6bfd4da0022e6caa,256351,8215.438550146824,0.2232864499277101,0.26473718780796457,0.5729388117641128,0.18283866764885415,0.1734296112063903,0.215625,0.46660592649132016,0.0011733097537749966,0.2225,0.4255985039845109,0.0030267990749557883,5.101346755543464e-05,3,5.101346755543464e-05,3
xgb_relvalue_random_search_3y__label_3y_excess_cagr_ge_0p08__fs1__r17,xgb_relvalue_random_search_3y__label_3y_excess_cagr_ge_0p08__fs1__r17,completed,fwd_3y_excess_cagr >= 0.08,,3,1,0,{},7,{},"{""class_weight"": 0.5, ""colsample_bytree"": 0.423183, ""learning_rate"": 0.014123, ""max_depth"": 4, ""min_child_weight"": 106, ""n_estimators"": 487, ""reg_lambda"": 0.134701, ""subsample"": 0.857381}",fc3e9268062f874c,256351,8215.438550146824,0.2232864499277101,0.2659701744681291,0.5725057381627201,0.17375888132499492,0.1734296112063903,0.20625,0.558902513422072,0.001122296286219562,0.2275,0.5268146373331547,0.003094817031696368,5.101346755543464e-05,3,5.101346755543464e-05,3
xgb_relvalue_random_search_3y__label_3y_excess_cagr_ge_0p08__fs1__r38,xgb_relvalue_random_search_3y__label_3y_excess_cagr_ge_0p08__fs1__r38,completed,fwd_3y_excess_cagr >= 0.08,,3,1,0,{},7,{},"{""class_weight"": 0.25, ""colsample_bytree"": 0.756387, ""learning_rate"": 0.0751828, ""max_depth"": 7, ""min_child_weight"": 61, ""n_estimators"": 158, ""reg_lambda"": 0.103354, ""subsample"": 0.888263}",2b66122b887fbd44,256351,8215.438550146824,0.2232864499277101,0.26606392428040676,0.5759330325308316,0.18271185896170902,0.1734296112063903,0.20625,0.4680248870514333,0.001122296286219562,0.2125,0.42083053201437,0.0028907631614746294,5.101346755543464e-05,3,5.101346755543464e-05,3
xgb_relvalue_random_search_3y__label_3y_excess_cagr_ge_0p08__fs1__r18,xgb_relvalue_random_search_3y__label_3y_excess_cagr_ge_0p08__fs1__r18,completed,fwd_3y_excess_cagr >= 0.08,,3,1,0,{},7,{},"{""class_weight"": 1.0, ""colsample_bytree"": 0.478395, ""learning_rate"": 0.0257098, ""max_depth"": 4, ""min_child_weight"": 65, ""n_estimators"": 966, ""reg_lambda"": 0.0252444, ""subsample"": 0.634466}",570655da82d46b1c,256351,8215.438550146824,0.2232864499277101,0.265496133905855,0.575250816409968,0.19081788377754105,0.1734296112063903,0.225,0.7533336641266942,0.0012243232213304312,0.21,0.7204115524142981,0.0028567541831043394,6.801795674057951e-05,5,5.101346755543464e-05,3
xgb_relvalue_random_search_3y__label_3y_excess_cagr_ge_0p08__fs1__r21,xgb_relvalue_random_search_3y__label_3y_excess_cagr_ge_0p08__fs1__r21,completed,fwd_3y_excess_cagr >= 0.08,,3,1,0,{},7,{},"{""class_weight"": 0.5, ""colsample_bytree"": 0.873844, ""learning_rate"": 0.0210949, ""max_depth"": 4, ""min_child_weight"": 30, ""n_estimators"": 264, ""reg_lambda"": 0.538333, ""subsample"": 0.714329}",dd66166af65c4234,256351,8215.438550146824,0.2232864499277101,0.265837316031725,0.57428417385523,0.17378611324029974,0.1734296112063903,0.196875,0.5619097613729537,0.0010712828186641274,0.235,0.5302388422936201,0.003196843966807237,0.00010202693511086927,7,5.101346755543464e-05,3
xgb_relvalue_random_search_3y__label_3y_excess_cagr_ge_0p08__fs1__r2,xgb_relvalue_random_search_3y__label_3y_excess_cagr_ge_0p08__fs1__r2,completed,fwd_3y_excess_cagr >= 0.08,,3,1,0,{},7,{},"{""class_weight"": 0.25, ""colsample_bytree"": 0.872824, ""learning_rate"": 0.0745005, ""max_depth"": 3, ""min_child_weight"": 93, ""n_estimators"": 761, ""reg_lambda"": 0.811337, ""subsample"": 0.992365}",fc440cc0c2d5f3e4,256351,8215.438550146824,0.2232864499277101,0.26473718780796457,0.5729388117641128,0.18283866764885415,0.1734296112063903,0.215625,0.46660592649132016,0.0011733097537749966,0.2225,0.4255985039845109,0.0030267990749557883,5.101346755543464e-05,3,5.101346755543464e-05,3
xgb_relvalue_random_search_3y__label_3y_excess_cagr_ge_0p08__fs0__r8,xgb_relvalue_random_search_3y__label_3y_excess_cagr_ge_0p08__fs0__r8,completed,fwd_3y_excess_cagr >= 0.08,,3,0,0,{},7,{},"{""class_weight"": 1.0, ""colsample_bytree"": 0.590426, ""learning_rate"": 0.0130647, ""max_depth"": 4, ""min_child_weight"": 34, ""n_estimators"": 106, ""reg_lambda"": 8.27444, ""subsample"": 0.786521}",a1e2aa42756c0762,256351,8215.438550146824,0.2232864499277101,0.2702331526066804,0.5759437444230606,0.18514978886485492,0.1734296112063903,0.240625,0.5696727830916644,0.0013093456672561557,0.255,0.5593754453212023,0.0034689157937695552,5.101346755543464e-05,3,5.101346755543464e-05,3
xgb_relvalue_random_search_3y__label_3y_excess_cagr_ge_0p08__fs0__r38,xgb_relvalue_random_search_3y__label_3y_excess_cagr_ge_0p08__fs0__r38,completed,fwd_3y_excess_cagr >= 0.08,,3,0,0,{},7,{},"{""class_weight"": 0.25, ""colsample_bytree"": 0.756387, ""learning_rate"": 0.0751828, ""max_depth"": 7, ""min_child_weight"": 61, ""n_estimators"": 158, ""reg_lambda"": 0.103354, ""subsample"": 0.888263}",daaf73349aee95bd,256351,8215.438550146824,0.2232864499277101,0.26606392428040676,0.5759330325308316,0.18271185896170902,0.1734296112063903,0.20625,0.4680248870514333,0.001122296286219562,0.2125,0.42083053201437,0.0028907631614746294,5.101346755543464e-05,3,5.101346755543464e-05,3
xgb_relvalue_random_search_3y__label_3y_excess_cagr_ge_0p08__fs1__r3,xgb_relvalue_random_search_3y__label_3y_excess_cagr_ge_0p08__fs1__r3,completed,fwd_3y_excess_cagr >= 0.08,,3,1,0,{},7,{},"{""class_weight"": 1.0, ""colsample_bytree"": 0.732238, ""learning_rate"": 0.0425804, ""max_depth"": 4, ""min_child_weight"": 58, ""n_estimators"": 435, ""reg_lambda"": 0.0657917, ""subsample"": 0.920881}",ce3d4d163a7e1a1d,256351,8215.438550146824,0.2232864499277101,0.2654611535632565,0.5758327489122197,0.19058390688887986,0.1734296112063903,0.203125,0.7478299785405398,0.001105291797034417,0.2225,0.7160731056332588,0.0030267990749557883,8.502244592572439e-05,6,5.101346755543464e-05,3
xgb_relvalue_random_search_3y__label_3y_excess_cagr_ge_0p08__fs1__r7,xgb_relvalue_random_search_3y__label_3y_excess_cagr_ge_0p08__fs1__r7,completed,fwd_3y_excess_cagr >= 0.08,,3,1,0,{},7,{},"{""class_weight"": 1.0, ""colsample_bytree"": 0.67583, ""learning_rate"": 0.0792618, ""max_depth"": 7, ""min_child_weight"": 24, ""n_estimators"": 109, ""reg_lambda"": 8.73499, ""subsample"": 0.835153}",8edbf8310064730e,256351,8215.438550146824,0.2232864499277101,0.2656894278578079,0.5772627912873518,0.19036309772997573,0.1734296112063903,0.203125,0.7611135207116604,0.001105291797034417,0.2125,0.7255680156499147,0.0028907631614746294,5.101346755543464e-05,3,5.101346755543464e-05,3
xgb_relvalue_random_search_3y__label_3y_excess_cagr_ge_0p08__fs1__r8,xgb_relvalue_random_search_3y__label_3y_excess_cagr_ge_0p08__fs1__r8,completed,fwd_3y_excess_cagr >= 0.08,,3,1,0,{},7,{},"{""class_weight"": 1.0, ""colsample_bytree"": 0.590426, ""learning_rate"": 0.0130647, ""max_depth"": 4, ""min_child_weight"": 34, ""n_estimators"": 106, ""reg_lambda"": 8.27444, ""subsample"": 0.786521}",2873fd138dbf2951,256351,8215.438550146824,0.2232864499277101,0.2702331526066804,0.5759437444230606,0.18514978886485492,0.1734296112063903,0.240625,0.5696727830916644,0.0013093456672561557,0.255,0.5593754453212023,0.0034689157937695552,5.101346755543464e-05,3,5.101346755543464e-05,3
xgb_relvalue_random_search_3y__label_3y_excess_cagr_ge_0p08__fs2__r7,xgb_relvalue_random_search_3y__label_3y_excess_cagr_ge_0p08__fs2__r7,completed,fwd_3y_excess_cagr >= 0.08,,3,2,0,{},7,{},"{""class_weight"": 1.0, ""colsample_bytree"": 0.67583, ""learning_rate"": 0.0792618, ""max_depth"": 7, ""min_child_weight"": 24, ""n_estimators"": 109, ""reg_lambda"": 8.73499, ""subsample"": 0.835153}",dc70fb723596b186,256351,8215.438550146824,0.2232864499277101,0.27801997742041645,0.5897047535736856,0.18273486796004754,0.1734296112063903,0.203125,0.6628966832533478,0.001105291797034417,0.22,0.6275061923265457,0.0029927900965854987,0.00013603591348115902,10,5.101346755543464e-05,3
xgb_relvalue_random_search_3y__label_3y_excess_cagr_ge_0p08__fs1__r1,xgb_relvalue_random_search_3y__label_3y_excess_cagr_ge_0p08__fs1__r1,completed,fwd_3y_excess_cagr >= 0.08,,3,1,0,{},7,{},"{""class_weight"": 0.5, ""colsample_bytree"": 0.968997, ""learning_rate"": 0.0644302, ""max_depth"": 3, ""min_child_weight"": 60, ""n_estimators"": 356, ""reg_lambda"": 2.01737, ""subsample"": 0.710124}",adfb8127d01b43c0,256351,8215.438550146824,0.2232864499277101,0.2648983281668399,0.5731246357643232,0.17475843373268918,0.1734296112063903,0.21875,0.5992759404703975,0.0011903142429601414,0.22875,0.5647397357225418,0.0031118215208815127,5.101346755543463e-05,3,5.101346755543463e-05,3
xgb_relvalue_random_search_3y__label_3y_excess_cagr_ge_0p08__fs0__r1,xgb_relvalue_random_search_3y__label_3y_excess_cagr_ge_0p08__fs0__r1,completed,fwd_3y_excess_cagr >= 0.08,,3,0,0,{},7,{},"{""class_weight"": 0.5, ""colsample_bytree"": 0.968997, ""learning_rate"": 0.0644302, ""max_depth"": 3, ""min_child_weight"": 60, ""n_estimators"": 356, ""reg_lambda"": 2.01737, ""subsample"": 0.710124}",c4d9083c4e84fe53,256351,8215.438550146824,0.2232864499277101,0.2648983281668399,0.5731246357643232,0.17475843373268918,0.1734296112063903,0.21875,0.5992759404703975,0.0011903142429601414,0.22875,0.5647397357225418,0.0031118215208815127,5.101346755543463e-05,3,5.101346755543463e-05,3
xgb_relvalue_random_search_3y__label_3y_excess_cagr_ge_0p08__fs1__r15,xgb_relvalue_random_search_3y__label_3y_excess_cagr_ge_0p08__fs1__r15,completed,fwd_3y_excess_cagr >= 0.08,,3,1,0,{},7,{},"{""class_weight"": 0.5, ""colsample_bytree"": 0.615647, ""learning_rate"": 0.0162983, ""max_depth"": 3, ""min_child_weight"": 399, ""n_estimators"": 143, ""reg_lambda"": 0.0707149, ""subsample"": 0.742888}",107490f6e02b5aa2,256351,8215.438550146824,0.2232864499277101,0.27343795756166767,0.5713308982876721,0.17187006158271634,0.1734296112063903,0.253125,0.38871357031166553,0.001377363623996735,0.27625,0.3852622794359922,0.003757992109917018,8.502244592572439e-05,6,3.4008978370289756e-05,2
xgb_relvalue_random_search_3y__label_3y_excess_cagr_ge_0p08__fs0__r28,xgb_relvalue_random_search_3y__label_3y_excess_cagr_ge_0p08__fs0__r28,completed,fwd_3y_excess_cagr >= 0.08,,3,0,0,{},7,{},"{""class_weight"": 0.5, ""colsample_bytree"": 0.928801, ""learning_rate"": 0.0138326, ""max_depth"": 5, ""min_child_weight"": 276, ""n_estimators"": 252, ""reg_lambda"": 0.0207151, ""subsample"": 0.847733}",99404b6e3c6495b7,256351,8215.438550146824,0.2232864499277101,0.2688979247668847,0.5715873803237896,0.17295280131149268,0.1734296112063903,0.225,0.48776543652638793,0.0012243232213304312,0.22625,0.4731635243445635,0.003077812542511223,3.4008978370289756e-05,2,3.4008978370289756e-05,2
xgb_relvalue_random_search_3y__label_3y_excess_cagr_ge_0p08__fs0__r4,xgb_relvalue_random_search_3y__label_3y_excess_cagr_ge_0p08__fs0__r4,completed,fwd_3y_excess_cagr >= 0.08,,3,0,0,{},7,{},"{""class_weight"": 0.25, ""colsample_bytree"": 0.477256, ""learning_rate"": 0.0405206, ""max_depth"": 7, ""min_child_weight"": 46, ""n_estimators"": 123, ""reg_lambda"": 13.0409, ""subsample"": 0.771979}",ba97825f0b5d6b07,256351,8215.438550146824,0.2232864499277101,0.2664252303735479,0.5744568800562077,0.18259464574757497,0.1734296112063903,0.19375,0.4103884268552065,0.0010542783294789824,0.21875,0.3738718124479055,0.002975785607400354,6.801795674057951e-05,5,3.4008978370289756e-05,2
xgb_relvalue_random_search_3y__label_3y_excess_cagr_ge_0p08__fs0__r15,xgb_relvalue_random_search_3y__label_3y_excess_cagr_ge_0p08__fs0__r15,completed,fwd_3y_excess_cagr >= 0.08,,3,0,0,{},7,{},"{""class_weight"": 0.5, ""colsample_bytree"": 0.615647, ""learning_rate"": 0.0162983, ""max_depth"": 3, ""min_child_weight"": 399, ""n_estimators"": 143, ""reg_lambda"": 0.0707149, ""subsample"": 0.742888}",e61dccbb02386cd0,256351,8215.438550146824,0.2232864499277101,0.27343795756166767,0.5713308982876721,0.17187006158271634,0.1734296112063903,0.253125,0.38871357031166553,0.001377363623996735,0.27625,0.3852622794359922,0.003757992109917018,8.502244592572439e-05,6,3.4008978370289756e-05,2
xgb_relvalue_random_search_3y__label_3y_excess_cagr_ge_0p08__fs1__r4,xgb_relvalue_random_search_3y__label_3y_excess_cagr_ge_0p08__fs1__r4,completed,fwd_3y_excess_cagr >= 0.08,,3,1,0,{},7,{},"{""class_weight"": 0.25, ""colsample_bytree"": 0.477256, ""learning_rate"": 0.0405206, ""max_depth"": 7, ""min_child_weight"": 46, ""n_estimators"": 123, ""reg_lambda"": 13.0409, ""subsample"": 0.771979}",7afdb147923411d7,256351,8215.438550146824,0.2232864499277101,0.2664252303735479,0.5744568800562077,0.18259464574757497,0.1734296112063903,0.19375,0.4103884268552065,0.0010542783294789824,0.21875,0.3738718124479055,0.002975785607400354,6.801795674057951e-05,5,3.4008978370289756e-05,2
xgb_relvalue_random_search_3y__label_3y_excess_cagr_ge_0p08__fs1__r28,xgb_relvalue_random_search_3y__label_3y_excess_cagr_ge_0p08__fs1__r28,completed,fwd_3y_excess_cagr >= 0.08,,3,1,0,{},7,{},"{""class_weight"": 0.5, ""colsample_bytree"": 0.928801, ""learning_rate"": 0.0138326, ""max_depth"": 5, ""min_child_weight"": 276, ""n_estimators"": 252, ""reg_lambda"": 0.0207151, ""subsample"": 0.847733}",a4252717087c7ae5,256351,8215.438550146824,0.2232864499277101,0.2688979247668847,0.5715873803237896,0.17295280131149268,0.1734296112063903,0.225,0.48776543652638793,0.0012243232213304312,0.22625,0.4731635243445635,0.003077812542511223,3.4008978370289756e-05,2,3.4008978370289756e-05,2
xgb_relvalue_random_search_3y__label_3y_excess_cagr_ge_0p08__fs2__r8,xgb_relvalue_random_search_3y__label_3y_excess_cagr_ge_0p08__fs2__r8,completed,fwd_3y_excess_cagr >= 0.08,,3,2,0,{},7,{},"{""class_weight"": 1.0, ""colsample_bytree"": 0.590426, ""learning_rate"": 0.0130647, ""max_depth"": 4, ""min_child_weight"": 34, ""n_estimators"": 106, ""reg_lambda"": 8.27444, ""subsample"": 0.786521}",0f2f7d3c2bdcc278,256351,8215.438550146824,0.2232864499277101,0.269745334490463,0.5724197752180127,0.1831688061943723,0.1734296112063903,0.2,0.5565759969875217,0.0010882873078492722,0.2175,0.5397186584770679,0.0029587811182152086,3.4008978370289756e-05,2,3.4008978370289756e-05,2
xgb_relvalue_random_search_3y__label_3y_excess_cagr_ge_0p08__fs0__r34,xgb_relvalue_random_search_3y__label_3y_excess_cagr_ge_0p08__fs0__r34,completed,fwd_3y_excess_cagr >= 0.08,,3,0,0,{},7,{},"{""class_weight"": 0.25, ""colsample_bytree"": 0.442845, ""learning_rate"": 0.0117379, ""max_depth"": 5, ""min_child_weight"": 39, ""n_estimators"": 261, ""reg_lambda"": 3.72026, ""subsample"": 0.843966}",8b382cd07f1674f4,256351,8215.438550146824,0.2232864499277101,0.2665204988751575,0.5729808065481659,0.18210286991774471,0.1734296112063903,0.2,0.36907422775402665,0.0010882873078492722,0.2325,0.3416385925188661,0.0031628349884369475,0.00018704938103659367,14,3.4008978370289756e-05,2
xgb_relvalue_random_search_3y__label_3y_excess_cagr_ge_0p08__fs1__r34,xgb_relvalue_random_search_3y__label_3y_excess_cagr_ge_0p08__fs1__r34,completed,fwd_3y_excess_cagr >= 0.08,,3,1,0,{},7,{},"{""class_weight"": 0.25, ""colsample_bytree"": 0.442845, ""learning_rate"": 0.0117379, ""max_depth"": 5, ""min_child_weight"": 39, ""n_estimators"": 261, ""reg_lambda"": 3.72026, ""subsample"": 0.843966}",8650fecc4ac160da,256351,8215.438550146824,0.2232864499277101,0.2665204988751575,0.5729808065481659,0.18210286991774471,0.1734296112063903,0.2,0.36907422775402665,0.0010882873078492722,0.2325,0.3416385925188661,0.0031628349884369475,0.00018704938103659367,14,3.4008978370289756e-05,2
xgb_relvalue_random_search_3y__label_3y_excess_cagr_ge_0p08__fs0__r37,xgb_relvalue_random_search_3y__label_3y_excess_cagr_ge_0p08__fs0__r37,completed,fwd_3y_excess_cagr >= 0.08,,3,0,0,{},7,{},"{""class_weight"": 1.0, ""colsample_bytree"": 0.88552, ""learning_rate"": 0.155228, ""max_depth"": 6, ""min_child_weight"": 77, ""n_estimators"": 134, ""reg_lambda"": 13.7427, ""subsample"": 0.948148}",d015c330ecda5bcd,256351,8215.438550146824,0.2232864499277101,0.26530105357669775,0.5764171171354103,0.1916224184549695,0.1734296112063903,0.228125,0.7793379755690694,0.001241327710515576,0.22,0.7427045200020075,0.0029927900965854987,1.7004489185144878e-05,1,1.7004489185144878e-05,1
xgb_relvalue_random_search_3y__label_3y_excess_cagr_ge_0p08__fs0__r16,xgb_relvalue_random_search_3y__label_3y_excess_cagr_ge_0p08__fs0__r16,completed,fwd_3y_excess_cagr >= 0.08,,3,0,0,{},7,{},"{""class_weight"": 0.25, ""colsample_bytree"": 0.922231, ""learning_rate"": 0.0672861, ""max_depth"": 3, ""min_child_weight"": 32, ""n_estimators"": 345, ""reg_lambda"": 0.0187735, ""subsample"": 0.844392}",a6db39d97da3b83f,256351,8215.438550146824,0.2232864499277101,0.2650329170198972,0.5736012305111127,0.18281419967123144,0.1734296112063903,0.2125,0.4443330866284668,0.0011563052645898518,0.22125,0.4078738198056817,0.0030097945857706435,1.7004489185144878e-05,1,1.7004489185144878e-05,1
xgb_relvalue_random_search_3y__label_3y_excess_cagr_ge_0p08__fs1__r37,xgb_relvalue_random_search_3y__label_3y_excess_cagr_ge_0p08__fs1__r37,completed,fwd_3y_excess_cagr >= 0.08,,3,1,0,{},7,{},"{""class_weight"": 1.0, ""colsample_bytree"": 0.88552, ""learning_rate"": 0.155228, ""max_depth"": 6, ""min_child_weight"": 77, ""n_estimators"": 134, ""reg_lambda"": 13.7427, ""subsample"": 0.948148}",233da5e8ade7fa93,256351,8215.438550146824,0.2232864499277101,0.26530105357669775,0.5764171171354103,0.1916224184549695,0.1734296112063903,0.228125,0.7793379755690694,0.001241327710515576,0.22,0.7427045200020075,0.0029927900965854987,1.7004489185144878e-05,1,1.7004489185144878e-05,1
xgb_relvalue_random_search_3y__label_3y_excess_cagr_ge_0p08__fs1__r16,xgb_relvalue_random_search_3y__label_3y_excess_cagr_ge_0p08__fs1__r16,completed,fwd_3y_excess_cagr >= 0.08,,3,1,0,{},7,{},"{""class_weight"": 0.25, ""colsample_bytree"": 0.922231, ""learning_rate"": 0.0672861, ""max_depth"": 3, ""min_child_weight"": 32, ""n_estimators"": 345, ""reg_lambda"": 0.0187735, ""subsample"": 0.844392}",5b910c97c6dddf4f,256351,8215.438550146824,0.2232864499277101,0.2650329170198972,0.5736012305111127,0.18281419967123144,0.1734296112063903,0.2125,0.4443330866284668,0.0011563052645898518,0.22125,0.4078738198056817,0.0030097945857706435,1.7004489185144878e-05,1,1.7004489185144878e-05,1
